image_path,label,split
data/splits_metal/yolo_train/severstal_c83361e9d.jpg,inclusion,train
data/splits_metal/yolo_train/severstal_377bb3c23.jpg,scratch,train
data/splits_metal/yolo_train/severstal_c3ff1a7cd.jpg,scratch,train
data/splits_metal/yolo_train/severstal_a7391743c.jpg,pitting,train
data/splits_metal/yolo_train/severstal_b1d574c91.jpg,patch,train
data/splits_metal/ae_train/severstal_d174d21ae.jpg,no_defect,train
data/splits_metal/yolo_train/severstal_e589cb68b.jpg,scratch,train
data/splits_metal/ae_train/severstal_46593c14a.jpg,no_defect,train
data/splits_metal/ae_train/severstal_b3ce6af86.jpg,no_defect,train
data/splits_metal/yolo_train/severstal_f3862285d.jpg,pitting,train
data/splits_metal/ae_train/severstal_bf28ecdb5.jpg,no_defect,train
data/splits_metal/ae_train/severstal_77b7a2d62.jpg,no_defect,train
data/splits_metal/ae_train/severstal_990640fa8.jpg,no_defect,train
data/splits_metal/ae_train/severstal_0d324f7bd.jpg,no_defect,train
data/splits_metal/yolo_train/severstal_1aa2ba1b5.jpg,scratch,train
data/splits_metal/yolo_train/severstal_61dff697f.jpg,scratch,train
data/splits_metal/yolo_val/severstal_e401b6539.jpg,pitting,train
data/splits_metal/ae_train/severstal_5feba024c.jpg,no_defect,train
data/splits_metal/ae_train/severstal_5364f04f3.jpg,no_defect,train
data/splits_metal/yolo_train/severstal_268446e17.jpg,inclusion,train
data/splits_metal/ae_train/severstal_ca98e7a24.jpg,no_defect,train
data/splits_metal/yolo_train/severstal_c7af743ef.jpg,scratch,train
data/splits_metal/yolo_train/severstal_1b2c029b8.jpg,scratch,train
data/splits_metal/ae_train/severstal_058f6a9c6.jpg,no_defect,train
data/splits_metal/ae_train/severstal_6bdd74d9f.jpg,no_defect,train
data/splits_metal/ae_train/severstal_3b290fa47.jpg,no_defect,train
data/splits_metal/yolo_train/severstal_8ff35e571.jpg,scratch,train
data/splits_metal/yolo_train/severstal_394edb848.jpg,scratch,train
data/splits_metal/ae_train/severstal_3bc6785b9.jpg,no_defect,train
data/splits_metal/yolo_train/severstal_395381ac8.jpg,scratch,train
data/splits_metal/yolo_val/severstal_448e30068.jpg,scratch,train
data/splits_metal/ae_train/severstal_88b8b20dd.jpg,no_defect,train
data/splits_metal/ae_train/severstal_c446fae7d.jpg,no_defect,train
data/splits_metal/yolo_train/severstal_2e734ff06.jpg,scratch,train
data/splits_metal/yolo_val/severstal_d335a12b1.jpg,patch,train
data/splits_metal/yolo_val/severstal_d07afd5bf.jpg,pitting,train
data/splits_metal/ae_train/severstal_0ae08c27e.jpg,no_defect,train
data/splits_metal/yolo_val/severstal_e857c7372.jpg,pitting,train
data/splits_metal/ae_train/severstal_fdc84bdc4.jpg,no_defect,train
data/splits_metal/ae_train/severstal_fbc970f36.jpg,no_defect,train
data/splits_metal/yolo_train/severstal_62f84c877.jpg,scratch,train
data/splits_metal/yolo_train/severstal_2ede3bc01.jpg,patch,train
data/splits_metal/ae_train/severstal_f45dffa97.jpg,no_defect,train
data/splits_metal/yolo_train/severstal_55c689cd0.jpg,patch,train
data/splits_metal/ae_train/severstal_a426cd7bf.jpg,no_defect,train
data/splits_metal/yolo_train/severstal_8600decb6.jpg,scratch,train
data/splits_metal/yolo_val/severstal_7e0a4584c.jpg,scratch,train
data/splits_metal/ae_train/severstal_7a8ef119e.jpg,no_defect,train
data/splits_metal/ae_train/severstal_9a08c2783.jpg,no_defect,train
data/splits_metal/ae_train/severstal_49602e70e.jpg,no_defect,train
data/splits_metal/yolo_train/severstal_2b15517b1.jpg,scratch,train
data/splits_metal/ae_train/severstal_48b05cf7a.jpg,no_defect,train
data/splits_metal/yolo_train/severstal_e1b18d841.jpg,scratch,train
data/splits_metal/ae_train/severstal_40ada6a67.jpg,no_defect,train
data/splits_metal/yolo_train/severstal_d571030d2.jpg,scratch,train
data/splits_metal/yolo_train/severstal_c795455ba.jpg,scratch,train
data/splits_metal/ae_train/severstal_a660f51c6.jpg,no_defect,train
data/splits_metal/yolo_train/severstal_04072b39a.jpg,scratch,train
data/splits_metal/yolo_train/severstal_773948ca6.jpg,scratch,train
data/splits_metal/yolo_train/severstal_d58b336d8.jpg,patch,train
data/splits_metal/ae_train/severstal_35737870a.jpg,no_defect,train
data/splits_metal/yolo_train/severstal_35d142883.jpg,patch,train
data/splits_metal/yolo_train/severstal_43dac5ad5.jpg,scratch,train
data/splits_metal/yolo_train/severstal_cadf3a94f.jpg,scratch,train
data/splits_metal/yolo_train/severstal_2b7315722.jpg,scratch,train
data/splits_metal/ae_train/severstal_8acdec0d2.jpg,no_defect,train
data/splits_metal/yolo_val/severstal_e669ef644.jpg,scratch,train
data/splits_metal/ae_train/severstal_fad32acdd.jpg,no_defect,train
data/splits_metal/ae_train/severstal_34d55e849.jpg,no_defect,train
data/splits_metal/yolo_train/severstal_7bde96c82.jpg,scratch,train
data/splits_metal/ae_train/severstal_8088f6b20.jpg,no_defect,train
data/splits_metal/ae_train/severstal_860cee6a3.jpg,no_defect,train
data/splits_metal/yolo_train/severstal_6a567df0b.jpg,scratch,train
data/splits_metal/yolo_val/severstal_98c0127d3.jpg,scratch,train
data/splits_metal/ae_train/severstal_1834d87c4.jpg,no_defect,train
data/splits_metal/ae_train/severstal_dd488d695.jpg,no_defect,train
data/splits_metal/ae_train/severstal_522ade1d3.jpg,no_defect,train
data/splits_metal/yolo_val/severstal_4c353fd1a.jpg,scratch,train
data/splits_metal/ae_train/severstal_7b9105470.jpg,no_defect,train
data/splits_metal/ae_train/severstal_dffdd2aba.jpg,no_defect,train
data/splits_metal/yolo_val/severstal_d0d818b7d.jpg,inclusion,train
data/splits_metal/yolo_val/severstal_6ab70e8cb.jpg,scratch,train
data/splits_metal/yolo_train/severstal_deff23782.jpg,pitting,train
data/splits_metal/yolo_train/severstal_b0254cb54.jpg,scratch,train
data/splits_metal/ae_train/severstal_a9dcd6f0b.jpg,no_defect,train
data/splits_metal/yolo_train/severstal_8df12e874.jpg,scratch,train
data/splits_metal/yolo_train/severstal_c487b1ce1.jpg,scratch,train
data/splits_metal/ae_train/severstal_d1987c227.jpg,no_defect,train
data/splits_metal/ae_train/severstal_2a8a9529b.jpg,no_defect,train
data/splits_metal/ae_train/severstal_caf3be05f.jpg,no_defect,train
data/splits_metal/yolo_train/severstal_a3c477831.jpg,patch,train
data/splits_metal/yolo_train/severstal_f2ff5cfd7.jpg,scratch,train
data/splits_metal/ae_train/severstal_26364af58.jpg,no_defect,train
data/splits_metal/yolo_train/severstal_22a125a81.jpg,scratch,train
data/splits_metal/ae_train/severstal_194244a20.jpg,no_defect,train
data/splits_metal/yolo_train/severstal_dbc93dc99.jpg,scratch,train
data/splits_metal/yolo_train/severstal_1422f2b27.jpg,scratch,train
data/splits_metal/ae_train/severstal_57d20b2d8.jpg,no_defect,train
data/splits_metal/yolo_train/severstal_81770ddda.jpg,scratch,train
data/splits_metal/ae_train/severstal_c08abccb0.jpg,no_defect,train
data/splits_metal/ae_train/severstal_2f5d1e975.jpg,no_defect,train
data/splits_metal/yolo_train/severstal_cc21f2f40.jpg,patch,train
data/splits_metal/ae_train/severstal_4018384ba.jpg,no_defect,train
data/splits_metal/yolo_train/severstal_43c0e310c.jpg,scratch,train
data/splits_metal/yolo_train/severstal_aaf12ddee.jpg,scratch,train
data/splits_metal/ae_train/severstal_194e207f7.jpg,no_defect,train
data/splits_metal/yolo_train/severstal_27f830690.jpg,scratch,train
data/splits_metal/yolo_train/severstal_2722e2ba6.jpg,scratch,train
data/splits_metal/ae_train/severstal_663248e1d.jpg,no_defect,train
data/splits_metal/ae_train/severstal_68e5d4470.jpg,no_defect,train
data/splits_metal/ae_train/severstal_7280c5e8d.jpg,no_defect,train
data/splits_metal/yolo_train/severstal_b51e25392.jpg,scratch,train
data/splits_metal/yolo_train/severstal_c2d0a2e19.jpg,scratch,train
data/splits_metal/ae_train/severstal_c30ecf35c.jpg,no_defect,train
data/splits_metal/ae_train/severstal_65cf822cb.jpg,no_defect,train
data/splits_metal/yolo_train/severstal_55a585807.jpg,pitting,train
data/splits_metal/yolo_train/severstal_c8c0e5b9d.jpg,scratch,train
data/splits_metal/yolo_train/severstal_40466495a.jpg,patch,train
data/splits_metal/ae_train/severstal_b6d3f2485.jpg,no_defect,train
data/splits_metal/yolo_train/severstal_1a382baf6.jpg,patch,train
data/splits_metal/ae_train/severstal_fc55baa4f.jpg,no_defect,train
data/splits_metal/yolo_val/severstal_f1e348d35.jpg,scratch,train
data/splits_metal/ae_train/severstal_91d9d473a.jpg,no_defect,train
data/splits_metal/ae_train/severstal_05d67a7ef.jpg,no_defect,train
data/splits_metal/yolo_train/severstal_9085aef37.jpg,inclusion,train
data/splits_metal/ae_train/severstal_20180fd12.jpg,no_defect,train
data/splits_metal/ae_train/severstal_b0d896790.jpg,no_defect,train
data/splits_metal/yolo_val/severstal_c084838d5.jpg,patch,train
data/splits_metal/yolo_train/severstal_fac91988f.jpg,scratch,train
data/splits_metal/yolo_train/severstal_8ccb9bbc9.jpg,pitting,train
data/splits_metal/yolo_val/severstal_51f9ccdd2.jpg,scratch,train
data/splits_metal/ae_train/severstal_b3192c13d.jpg,no_defect,train
data/splits_metal/yolo_train/severstal_0e0d5004d.jpg,scratch,train
data/splits_metal/yolo_train/severstal_62b81735c.jpg,scratch,train
data/splits_metal/yolo_train/severstal_4783eb121.jpg,scratch,train
data/splits_metal/yolo_train/severstal_b58132808.jpg,scratch,train
data/splits_metal/yolo_val/severstal_fbadf780f.jpg,patch,train
data/splits_metal/yolo_val/severstal_9271c7e3d.jpg,inclusion,train
data/splits_metal/yolo_val/severstal_91f059953.jpg,scratch,train
data/splits_metal/yolo_train/severstal_334ecf3c3.jpg,scratch,train
data/splits_metal/yolo_train/severstal_f72bc3a1a.jpg,pitting,train
data/splits_metal/ae_train/severstal_1534debad.jpg,no_defect,train
data/splits_metal/yolo_val/severstal_0dc953a31.jpg,scratch,train
data/splits_metal/yolo_train/severstal_57cc4e2d3.jpg,scratch,train
data/splits_metal/yolo_train/severstal_0139dd004.jpg,scratch,train
data/splits_metal/ae_train/severstal_82c9c2afc.jpg,no_defect,train
data/splits_metal/yolo_train/severstal_a567b95ad.jpg,scratch,train
data/splits_metal/ae_train/severstal_1b64a8b18.jpg,no_defect,train
data/splits_metal/yolo_train/severstal_d75725fc3.jpg,inclusion,train
data/splits_metal/yolo_train/severstal_e36a70d40.jpg,scratch,train
data/splits_metal/yolo_train/severstal_1a17a1f15.jpg,patch,train
data/splits_metal/ae_train/severstal_85368b144.jpg,no_defect,train
data/splits_metal/yolo_train/severstal_26c3a7dd5.jpg,scratch,train
data/splits_metal/yolo_val/severstal_539be6ba4.jpg,scratch,train
data/splits_metal/ae_train/severstal_16f5ada73.jpg,no_defect,train
data/splits_metal/yolo_train/severstal_b34e9a47e.jpg,scratch,train
data/splits_metal/yolo_val/severstal_ff44fa556.jpg,scratch,train
data/splits_metal/ae_train/severstal_aaeff73c9.jpg,no_defect,train
data/splits_metal/yolo_val/severstal_9661e7677.jpg,scratch,train
data/splits_metal/ae_train/severstal_1ebf04057.jpg,no_defect,train
data/splits_metal/yolo_train/severstal_ed861754e.jpg,scratch,train
data/splits_metal/ae_train/severstal_787270b82.jpg,no_defect,train
data/splits_metal/ae_train/severstal_1daa10850.jpg,no_defect,train
data/splits_metal/yolo_train/severstal_94f2c7910.jpg,scratch,train
data/splits_metal/yolo_train/severstal_4bf953606.jpg,scratch,train
data/splits_metal/ae_train/severstal_7b31f4a6e.jpg,no_defect,train
data/splits_metal/yolo_train/severstal_b5867dc30.jpg,scratch,train
data/splits_metal/yolo_val/severstal_ab6afa374.jpg,scratch,train
data/splits_metal/yolo_train/severstal_76c20b5af.jpg,scratch,train
data/splits_metal/ae_train/severstal_17e7e1e08.jpg,no_defect,train
data/splits_metal/ae_train/severstal_4429c5e55.jpg,no_defect,train
data/splits_metal/ae_train/severstal_623c8ea1a.jpg,no_defect,train
data/splits_metal/yolo_train/severstal_73303e8a0.jpg,scratch,train
data/splits_metal/ae_train/severstal_57e156a9c.jpg,no_defect,train
data/splits_metal/ae_train/severstal_acce2ad4e.jpg,no_defect,train
data/splits_metal/yolo_train/severstal_65841b207.jpg,scratch,train
data/splits_metal/yolo_train/severstal_7393b145f.jpg,scratch,train
data/splits_metal/yolo_train/severstal_7cf4f552c.jpg,scratch,train
data/splits_metal/yolo_train/severstal_97e10407d.jpg,scratch,train
data/splits_metal/yolo_train/severstal_1561eb657.jpg,inclusion,train
data/splits_metal/yolo_train/severstal_991e0dfdf.jpg,scratch,train
data/splits_metal/yolo_train/severstal_b93cc6719.jpg,scratch,train
data/splits_metal/yolo_train/severstal_29c39b183.jpg,pitting,train
data/splits_metal/ae_train/severstal_dccad1675.jpg,no_defect,train
data/splits_metal/yolo_train/severstal_e76e3e8a5.jpg,pitting,train
data/splits_metal/yolo_val/severstal_6976314b8.jpg,scratch,train
data/splits_metal/yolo_val/severstal_f22da130b.jpg,patch,train
data/splits_metal/yolo_train/severstal_c05799ac4.jpg,scratch,train
data/splits_metal/yolo_train/severstal_dd7ddd0a8.jpg,scratch,train
data/splits_metal/ae_train/severstal_6918f5a24.jpg,no_defect,train
data/splits_metal/yolo_train/severstal_4b9664b0a.jpg,scratch,train
data/splits_metal/yolo_train/severstal_b98aee209.jpg,inclusion,train
data/splits_metal/yolo_train/severstal_fbf7ac43e.jpg,scratch,train
data/splits_metal/yolo_train/severstal_b0e0b8842.jpg,scratch,train
data/splits_metal/ae_train/severstal_c6a37a198.jpg,no_defect,train
data/splits_metal/yolo_train/severstal_8ed3c433b.jpg,scratch,train
data/splits_metal/yolo_val/severstal_69df9d97b.jpg,pitting,train
data/splits_metal/yolo_train/severstal_d95598b3a.jpg,scratch,train
data/splits_metal/yolo_train/severstal_741265573.jpg,pitting,train
data/splits_metal/yolo_train/severstal_94b398cb1.jpg,scratch,train
data/splits_metal/yolo_train/severstal_09d7dba1b.jpg,scratch,train
data/splits_metal/ae_train/severstal_0d2c6fdf8.jpg,no_defect,train
data/splits_metal/yolo_train/severstal_5283b3138.jpg,scratch,train
data/splits_metal/yolo_train/severstal_d73e9b13b.jpg,scratch,train
data/splits_metal/yolo_train/severstal_4d4dd1754.jpg,scratch,train
data/splits_metal/yolo_train/severstal_f84697b80.jpg,scratch,train
data/splits_metal/yolo_val/severstal_7dd604aa8.jpg,scratch,train
data/splits_metal/ae_train/severstal_be9bac1d9.jpg,no_defect,train
data/splits_metal/yolo_train/severstal_aec250881.jpg,inclusion,train
data/splits_metal/ae_train/severstal_5fdd30811.jpg,no_defect,train
data/splits_metal/yolo_train/severstal_2c56741a3.jpg,scratch,train
data/splits_metal/ae_train/severstal_e20a13965.jpg,no_defect,train
data/splits_metal/yolo_train/severstal_39b6f2376.jpg,pitting,train
data/splits_metal/ae_train/severstal_39b364beb.jpg,no_defect,train
data/splits_metal/yolo_train/severstal_6b6a070d0.jpg,scratch,train
data/splits_metal/yolo_train/severstal_bbec1ee47.jpg,scratch,train
data/splits_metal/ae_train/severstal_a8b769ee0.jpg,no_defect,train
data/splits_metal/yolo_val/severstal_c60002bcd.jpg,scratch,train
data/splits_metal/ae_train/severstal_d8fe48b12.jpg,no_defect,train
data/splits_metal/yolo_train/severstal_387b30006.jpg,scratch,train
data/splits_metal/ae_train/severstal_303613d84.jpg,no_defect,train
data/splits_metal/yolo_train/severstal_b5b6de778.jpg,pitting,train
data/splits_metal/ae_train/severstal_4687087d5.jpg,no_defect,train
data/splits_metal/yolo_val/severstal_6aadb8486.jpg,pitting,train
data/splits_metal/yolo_train/severstal_844a48ae2.jpg,scratch,train
data/splits_metal/yolo_train/severstal_d74442547.jpg,scratch,train
data/splits_metal/yolo_train/severstal_d9fb2247f.jpg,scratch,train
data/splits_metal/ae_train/severstal_de5c88140.jpg,no_defect,train
data/splits_metal/yolo_val/severstal_47a18bd61.jpg,pitting,train
data/splits_metal/yolo_val/severstal_9e2325f2a.jpg,scratch,train
data/splits_metal/ae_train/severstal_c1601bb3b.jpg,no_defect,train
data/splits_metal/ae_train/severstal_ec5949047.jpg,no_defect,train
data/splits_metal/ae_train/severstal_c479762d3.jpg,no_defect,train
data/splits_metal/yolo_val/severstal_04e23e414.jpg,pitting,train
data/splits_metal/yolo_train/severstal_961e93bde.jpg,scratch,train
data/splits_metal/yolo_train/severstal_8177945a9.jpg,pitting,train
data/splits_metal/yolo_train/severstal_ee4c5ab7f.jpg,scratch,train
data/splits_metal/yolo_train/severstal_fd76d8b3d.jpg,scratch,train
data/splits_metal/yolo_train/severstal_64361cd8b.jpg,scratch,train
data/splits_metal/ae_train/severstal_a86b9299f.jpg,no_defect,train
data/splits_metal/yolo_train/severstal_963f946a9.jpg,scratch,train
data/splits_metal/ae_train/severstal_b33edc431.jpg,no_defect,train
data/splits_metal/yolo_train/severstal_5c044192f.jpg,scratch,train
data/splits_metal/ae_train/severstal_38d6c1e96.jpg,no_defect,train
data/splits_metal/ae_train/severstal_d5b0b7372.jpg,no_defect,train
data/splits_metal/ae_train/severstal_6ef680dd3.jpg,no_defect,train
data/splits_metal/ae_train/severstal_9e908d39e.jpg,no_defect,train
data/splits_metal/ae_train/severstal_716a00d8e.jpg,no_defect,train
data/splits_metal/yolo_train/severstal_6be920c9d.jpg,patch,train
data/splits_metal/yolo_train/severstal_83c2e79d1.jpg,scratch,train
data/splits_metal/ae_train/severstal_a58bc739c.jpg,no_defect,train
data/splits_metal/ae_train/severstal_e31ec1eb2.jpg,no_defect,train
data/splits_metal/yolo_train/severstal_7168496a4.jpg,scratch,train
data/splits_metal/yolo_train/severstal_471b423b1.jpg,scratch,train
data/splits_metal/ae_train/severstal_d26092cc6.jpg,no_defect,train
data/splits_metal/yolo_train/severstal_dd7fcaf4e.jpg,patch,train
data/splits_metal/ae_train/severstal_88b4105df.jpg,no_defect,train
data/splits_metal/ae_train/severstal_5852d571b.jpg,no_defect,train
data/splits_metal/yolo_train/severstal_a14eeb75d.jpg,scratch,train
data/splits_metal/ae_train/severstal_74ec8e2a1.jpg,no_defect,train
data/splits_metal/yolo_val/severstal_878824b35.jpg,scratch,train
data/splits_metal/yolo_val/severstal_5a2a644d9.jpg,scratch,train
data/splits_metal/yolo_train/severstal_d0577e299.jpg,scratch,train
data/splits_metal/yolo_train/severstal_f9682bef7.jpg,scratch,train
data/splits_metal/ae_train/severstal_cfc45fdbf.jpg,no_defect,train
data/splits_metal/ae_train/severstal_257d02460.jpg,no_defect,train
data/splits_metal/ae_train/severstal_c5d7c08da.jpg,no_defect,train
data/splits_metal/yolo_train/severstal_42996bbcf.jpg,scratch,train
data/splits_metal/ae_train/severstal_f3dca27d6.jpg,no_defect,train
data/splits_metal/yolo_train/severstal_7ed64642e.jpg,scratch,train
data/splits_metal/ae_train/severstal_9719f1eba.jpg,no_defect,train
data/splits_metal/ae_train/severstal_fb7812d7c.jpg,no_defect,train
data/splits_metal/ae_train/severstal_f10e66f64.jpg,no_defect,train
data/splits_metal/yolo_val/severstal_7045c2a55.jpg,scratch,train
data/splits_metal/ae_train/severstal_9811d8099.jpg,no_defect,train
data/splits_metal/yolo_train/severstal_028ed7768.jpg,scratch,train
data/splits_metal/yolo_val/severstal_161ca82bf.jpg,scratch,train
data/splits_metal/yolo_train/severstal_286d2eb1c.jpg,scratch,train
data/splits_metal/yolo_train/severstal_5b9b3c297.jpg,patch,train
data/splits_metal/ae_train/severstal_d9efa06f0.jpg,no_defect,train
data/splits_metal/yolo_train/severstal_4c8168fcb.jpg,patch,train
data/splits_metal/yolo_train/severstal_404259a55.jpg,scratch,train
data/splits_metal/ae_train/severstal_e865201fb.jpg,no_defect,train
data/splits_metal/ae_train/severstal_8791b66e3.jpg,no_defect,train
data/splits_metal/yolo_train/severstal_25737d300.jpg,scratch,train
data/splits_metal/ae_train/severstal_c8330f9d9.jpg,no_defect,train
data/splits_metal/yolo_train/severstal_deb036a27.jpg,scratch,train
data/splits_metal/ae_train/severstal_4f3633a21.jpg,no_defect,train
data/splits_metal/yolo_train/severstal_64261b3f7.jpg,scratch,train
data/splits_metal/ae_train/severstal_e4ad9f339.jpg,no_defect,train
data/splits_metal/yolo_train/severstal_195e36565.jpg,pitting,train
data/splits_metal/yolo_train/severstal_7e6fe6786.jpg,patch,train
data/splits_metal/yolo_train/severstal_a909833f5.jpg,scratch,train
data/splits_metal/ae_train/severstal_8ec1b9582.jpg,no_defect,train
data/splits_metal/ae_train/severstal_88d4948ed.jpg,no_defect,train
data/splits_metal/yolo_train/severstal_bd1e7ea2d.jpg,pitting,train
data/splits_metal/yolo_train/severstal_818a68773.jpg,scratch,train
data/splits_metal/yolo_train/severstal_82d728afa.jpg,scratch,train
data/splits_metal/yolo_train/severstal_d8a7f9cab.jpg,patch,train
data/splits_metal/ae_train/severstal_794a1f622.jpg,no_defect,train
data/splits_metal/yolo_val/severstal_09f1605ee.jpg,patch,train
data/splits_metal/ae_train/severstal_2fdafaf26.jpg,no_defect,train
data/splits_metal/ae_train/severstal_a73c4e62c.jpg,no_defect,train
data/splits_metal/yolo_val/severstal_ce54cb872.jpg,scratch,train
data/splits_metal/ae_train/severstal_924b2f84a.jpg,no_defect,train
data/splits_metal/yolo_train/severstal_ceab96202.jpg,scratch,train
data/splits_metal/yolo_train/severstal_925f6be0d.jpg,scratch,train
data/splits_metal/yolo_train/severstal_eb4225311.jpg,scratch,train
data/splits_metal/yolo_val/severstal_5feafe9c5.jpg,scratch,train
data/splits_metal/yolo_train/severstal_fd14dd6dc.jpg,scratch,train
data/splits_metal/yolo_train/severstal_a6b3d554a.jpg,scratch,train
data/splits_metal/ae_train/severstal_ad991d6dd.jpg,no_defect,train
data/splits_metal/yolo_train/severstal_b3d4ba1e2.jpg,scratch,train
data/splits_metal/yolo_val/severstal_0391d44d6.jpg,patch,train
data/splits_metal/ae_train/severstal_51b201f61.jpg,no_defect,train
data/splits_metal/yolo_train/severstal_53fa72f86.jpg,scratch,train
data/splits_metal/ae_train/severstal_8f499b94d.jpg,no_defect,train
data/splits_metal/ae_train/severstal_7e7204700.jpg,no_defect,train
data/splits_metal/ae_train/severstal_1621488c7.jpg,no_defect,train
data/splits_metal/yolo_train/severstal_a52f36666.jpg,scratch,train
data/splits_metal/ae_train/severstal_ec72d1ebd.jpg,no_defect,train
data/splits_metal/yolo_val/severstal_522d34082.jpg,scratch,train
data/splits_metal/ae_train/severstal_90cea0761.jpg,no_defect,train
data/splits_metal/yolo_train/severstal_79d28bbe8.jpg,scratch,train
data/splits_metal/yolo_train/severstal_135fe211d.jpg,scratch,train
data/splits_metal/yolo_train/severstal_f195eeda7.jpg,inclusion,train
data/splits_metal/yolo_train/severstal_1d83b44be.jpg,pitting,train
data/splits_metal/yolo_train/severstal_bf3db21e9.jpg,scratch,train
data/splits_metal/yolo_train/severstal_304083ca3.jpg,patch,train
data/splits_metal/ae_train/severstal_7911a4a27.jpg,no_defect,train
data/splits_metal/ae_train/severstal_9b4b832e8.jpg,no_defect,train
data/splits_metal/ae_train/severstal_6cba5b38a.jpg,no_defect,train
data/splits_metal/ae_train/severstal_2fd206b23.jpg,no_defect,train
data/splits_metal/yolo_val/severstal_2fe09e89a.jpg,scratch,train
data/splits_metal/yolo_train/severstal_b04b907b2.jpg,scratch,train
data/splits_metal/ae_train/severstal_96d357cc4.jpg,no_defect,train
data/splits_metal/yolo_train/severstal_140e212df.jpg,pitting,train
data/splits_metal/ae_train/severstal_d8c10c73f.jpg,no_defect,train
data/splits_metal/yolo_train/severstal_6d98714d9.jpg,scratch,train
data/splits_metal/ae_train/severstal_265c5dac3.jpg,no_defect,train
data/splits_metal/ae_train/severstal_a9a69d683.jpg,no_defect,train
data/splits_metal/ae_train/severstal_19a0beb1a.jpg,no_defect,train
data/splits_metal/yolo_train/severstal_e8aacce9c.jpg,scratch,train
data/splits_metal/ae_train/severstal_a8a69d47e.jpg,no_defect,train
data/splits_metal/yolo_val/severstal_0c888ecb5.jpg,patch,train
data/splits_metal/yolo_train/severstal_a0c650375.jpg,scratch,train
data/splits_metal/yolo_train/severstal_286f459e6.jpg,scratch,train
data/splits_metal/ae_train/severstal_fa764f687.jpg,no_defect,train
data/splits_metal/ae_train/severstal_6382e222f.jpg,no_defect,train
data/splits_metal/yolo_train/severstal_fb0434dea.jpg,pitting,train
data/splits_metal/ae_train/severstal_21927b07e.jpg,no_defect,train
data/splits_metal/yolo_val/severstal_66849c8bd.jpg,scratch,train
data/splits_metal/yolo_train/severstal_54fc1f606.jpg,patch,train
data/splits_metal/ae_train/severstal_89680e0f4.jpg,no_defect,train
data/splits_metal/yolo_train/severstal_e11ed6a65.jpg,scratch,train
data/splits_metal/ae_train/severstal_4956b306e.jpg,no_defect,train
data/splits_metal/yolo_train/severstal_8445de2d9.jpg,scratch,train
data/splits_metal/yolo_train/severstal_dd2c992b2.jpg,scratch,train
data/splits_metal/yolo_train/severstal_8e2d247c4.jpg,scratch,train
data/splits_metal/yolo_train/severstal_868759698.jpg,scratch,train
data/splits_metal/ae_train/severstal_bbe88f4c8.jpg,no_defect,train
data/splits_metal/ae_train/severstal_d3e7c7c17.jpg,no_defect,train
data/splits_metal/yolo_train/severstal_579a51c1b.jpg,scratch,train
data/splits_metal/yolo_train/severstal_48831ab9e.jpg,scratch,train
data/splits_metal/ae_train/severstal_666960b16.jpg,no_defect,train
data/splits_metal/ae_train/severstal_dd3cc78a9.jpg,no_defect,train
data/splits_metal/yolo_train/severstal_7b3666172.jpg,scratch,train
data/splits_metal/ae_train/severstal_3046d724c.jpg,no_defect,train
data/splits_metal/yolo_train/severstal_d02f1b229.jpg,scratch,train
data/splits_metal/ae_train/severstal_da1cc77a7.jpg,no_defect,train
data/splits_metal/yolo_train/severstal_09b26a624.jpg,scratch,train
data/splits_metal/yolo_train/severstal_def2ac19d.jpg,scratch,train
data/splits_metal/ae_train/severstal_1a2457322.jpg,no_defect,train
data/splits_metal/yolo_train/severstal_e006b532b.jpg,pitting,train
data/splits_metal/ae_train/severstal_00f95222c.jpg,no_defect,train
data/splits_metal/ae_train/severstal_582a8c235.jpg,no_defect,train
data/splits_metal/yolo_train/severstal_0e0f06208.jpg,scratch,train
data/splits_metal/yolo_train/severstal_bba583ae1.jpg,patch,train
data/splits_metal/ae_train/severstal_a8eed9902.jpg,no_defect,train
data/splits_metal/ae_train/severstal_1045b62c0.jpg,no_defect,train
data/splits_metal/ae_train/severstal_08ba29346.jpg,no_defect,train
data/splits_metal/yolo_train/severstal_6ac1c730f.jpg,scratch,train
data/splits_metal/ae_train/severstal_270f400fc.jpg,no_defect,train
data/splits_metal/ae_train/severstal_89ce91437.jpg,no_defect,train
data/splits_metal/yolo_val/severstal_cd8c479c1.jpg,scratch,train
data/splits_metal/ae_train/severstal_310d141e6.jpg,no_defect,train
data/splits_metal/yolo_train/severstal_b612e5812.jpg,patch,train
data/splits_metal/yolo_train/severstal_9b09b2a38.jpg,inclusion,train
data/splits_metal/ae_train/severstal_1dd828ff3.jpg,no_defect,train
data/splits_metal/ae_train/severstal_bc2a7a375.jpg,no_defect,train
data/splits_metal/yolo_train/severstal_c404df4f4.jpg,scratch,train
data/splits_metal/yolo_val/severstal_a68dcc7d2.jpg,scratch,train
data/splits_metal/yolo_val/severstal_69a9effa0.jpg,patch,train
data/splits_metal/yolo_train/severstal_9531c4b99.jpg,scratch,train
data/splits_metal/ae_train/severstal_ebfe6e61d.jpg,no_defect,train
data/splits_metal/ae_train/severstal_6add08a01.jpg,no_defect,train
data/splits_metal/yolo_train/severstal_12234aab8.jpg,scratch,train
data/splits_metal/yolo_train/severstal_28edbd61f.jpg,scratch,train
data/splits_metal/ae_train/severstal_c5a76e581.jpg,no_defect,train
data/splits_metal/yolo_train/severstal_5d8c2d90e.jpg,scratch,train
data/splits_metal/yolo_train/severstal_dd8df432e.jpg,scratch,train
data/splits_metal/yolo_train/severstal_44415ab00.jpg,inclusion,train
data/splits_metal/yolo_train/severstal_a56c8f958.jpg,scratch,train
data/splits_metal/yolo_train/severstal_1988d45c4.jpg,scratch,train
data/splits_metal/ae_train/severstal_24098fc10.jpg,no_defect,train
data/splits_metal/ae_train/severstal_ebeaefa1b.jpg,no_defect,train
data/splits_metal/ae_train/severstal_d4b242b2a.jpg,no_defect,train
data/splits_metal/ae_train/severstal_2059da9eb.jpg,no_defect,train
data/splits_metal/ae_train/severstal_6bb4797fb.jpg,no_defect,train
data/splits_metal/yolo_train/severstal_6fdd5f4ac.jpg,scratch,train
data/splits_metal/yolo_val/severstal_10bbf7cb3.jpg,scratch,train
data/splits_metal/ae_train/severstal_d17a26f0c.jpg,no_defect,train
data/splits_metal/yolo_train/severstal_fc2968239.jpg,scratch,train
data/splits_metal/yolo_train/severstal_de4a7df6e.jpg,scratch,train
data/splits_metal/yolo_train/severstal_2d8146e53.jpg,pitting,train
data/splits_metal/ae_train/severstal_81a0575ff.jpg,no_defect,train
data/splits_metal/yolo_train/severstal_2694c98fb.jpg,scratch,train
data/splits_metal/ae_train/severstal_fe5f1f766.jpg,no_defect,train
data/splits_metal/yolo_val/severstal_3ff8946e0.jpg,scratch,train
data/splits_metal/ae_train/severstal_efd4c37d9.jpg,no_defect,train
data/splits_metal/yolo_train/severstal_5a3c3a927.jpg,scratch,train
data/splits_metal/ae_train/severstal_89a27ad96.jpg,no_defect,train
data/splits_metal/yolo_train/severstal_3ba673afd.jpg,pitting,train
data/splits_metal/yolo_train/severstal_48c466789.jpg,patch,train
data/splits_metal/ae_train/severstal_b9320e568.jpg,no_defect,train
data/splits_metal/yolo_val/severstal_c6f74537e.jpg,scratch,train
data/splits_metal/yolo_train/severstal_5cf1c8814.jpg,scratch,train
data/splits_metal/ae_train/severstal_246e70ffd.jpg,no_defect,train
data/splits_metal/yolo_train/severstal_71e55c4e5.jpg,scratch,train
data/splits_metal/yolo_train/severstal_0b5051d9f.jpg,scratch,train
data/splits_metal/yolo_train/severstal_82fc300b4.jpg,scratch,train
data/splits_metal/yolo_train/severstal_1d7f89efa.jpg,scratch,train
data/splits_metal/yolo_train/severstal_06ad83bac.jpg,scratch,train
data/splits_metal/yolo_train/severstal_8f7a6532b.jpg,pitting,train
data/splits_metal/ae_train/severstal_b2b1349c7.jpg,no_defect,train
data/splits_metal/ae_train/severstal_6bcfe3b99.jpg,no_defect,train
data/splits_metal/yolo_val/severstal_e4a964382.jpg,scratch,train
data/splits_metal/yolo_train/severstal_29ff8d6f4.jpg,scratch,train
data/splits_metal/ae_train/severstal_c27fcd22a.jpg,no_defect,train
data/splits_metal/ae_train/severstal_1b92a1b6d.jpg,no_defect,train
data/splits_metal/yolo_train/severstal_aac54b46c.jpg,pitting,train
data/splits_metal/yolo_val/severstal_1ecd0214c.jpg,scratch,train
data/splits_metal/ae_train/severstal_6df12620f.jpg,no_defect,train
data/splits_metal/ae_train/severstal_2f08f1780.jpg,no_defect,train
data/splits_metal/yolo_train/severstal_2434f1395.jpg,scratch,train
data/splits_metal/yolo_train/severstal_64782db0a.jpg,pitting,train
data/splits_metal/ae_train/severstal_04bf23eba.jpg,no_defect,train
data/splits_metal/yolo_train/severstal_98ed0f752.jpg,scratch,train
data/splits_metal/yolo_train/severstal_b41747a10.jpg,scratch,train
data/splits_metal/ae_train/severstal_a6b4602b6.jpg,no_defect,train
data/splits_metal/ae_train/severstal_665a8347a.jpg,no_defect,train
data/splits_metal/yolo_train/severstal_4e9b147fa.jpg,scratch,train
data/splits_metal/yolo_train/severstal_2019417e0.jpg,scratch,train
data/splits_metal/yolo_val/severstal_e63ad114c.jpg,scratch,train
data/splits_metal/ae_train/severstal_196f339f2.jpg,no_defect,train
data/splits_metal/ae_train/severstal_9848d62a6.jpg,no_defect,train
data/splits_metal/yolo_train/severstal_f2c12070d.jpg,scratch,train
data/splits_metal/ae_train/severstal_21ef923c8.jpg,no_defect,train
data/splits_metal/yolo_val/severstal_5b73c33d7.jpg,scratch,train
data/splits_metal/ae_train/severstal_3db3f1807.jpg,no_defect,train
data/splits_metal/ae_train/severstal_901e8ea73.jpg,no_defect,train
data/splits_metal/ae_train/severstal_8686e77d9.jpg,no_defect,train
data/splits_metal/yolo_val/severstal_4abec5e22.jpg,scratch,train
data/splits_metal/ae_train/severstal_d0d472709.jpg,no_defect,train
data/splits_metal/ae_train/severstal_53abc091a.jpg,no_defect,train
data/splits_metal/ae_train/severstal_df052e6d3.jpg,no_defect,train
data/splits_metal/ae_train/severstal_ce1988f13.jpg,no_defect,train
data/splits_metal/ae_train/severstal_3a1355089.jpg,no_defect,train
data/splits_metal/yolo_val/severstal_78adb31b9.jpg,scratch,train
data/splits_metal/yolo_val/severstal_a30fe9da2.jpg,scratch,train
data/splits_metal/ae_train/severstal_8848794d4.jpg,no_defect,train
data/splits_metal/ae_train/severstal_e6c97a0fe.jpg,no_defect,train
data/splits_metal/ae_train/severstal_5042c830a.jpg,no_defect,train
data/splits_metal/yolo_train/severstal_fc230eb3c.jpg,scratch,train
data/splits_metal/ae_train/severstal_8bb714882.jpg,no_defect,train
data/splits_metal/yolo_train/severstal_682271cbc.jpg,scratch,train
data/splits_metal/yolo_train/severstal_9589d49ee.jpg,scratch,train
data/splits_metal/yolo_train/severstal_0d3edfec6.jpg,scratch,train
data/splits_metal/yolo_train/severstal_ed5d6f10a.jpg,pitting,train
data/splits_metal/yolo_train/severstal_8898932bd.jpg,patch,train
data/splits_metal/yolo_train/severstal_15e21dfad.jpg,scratch,train
data/splits_metal/ae_train/severstal_ca026733c.jpg,no_defect,train
data/splits_metal/ae_train/severstal_3681a51f8.jpg,no_defect,train
data/splits_metal/ae_train/severstal_cb2f34991.jpg,no_defect,train
data/splits_metal/ae_train/severstal_fa17c01fa.jpg,no_defect,train
data/splits_metal/yolo_train/severstal_55901ac51.jpg,patch,train
data/splits_metal/ae_train/severstal_2530c41a1.jpg,no_defect,train
data/splits_metal/ae_train/severstal_89c18c6b6.jpg,no_defect,train
data/splits_metal/yolo_val/severstal_caab1635c.jpg,scratch,train
data/splits_metal/ae_train/severstal_7e2e92987.jpg,no_defect,train
data/splits_metal/ae_train/severstal_77d12abf0.jpg,no_defect,train
data/splits_metal/ae_train/severstal_a9d679c95.jpg,no_defect,train
data/splits_metal/ae_train/severstal_2d078e609.jpg,no_defect,train
data/splits_metal/ae_train/severstal_174a43cd9.jpg,no_defect,train
data/splits_metal/ae_train/severstal_d449eeae4.jpg,no_defect,train
data/splits_metal/ae_train/severstal_5e3c6bfd8.jpg,no_defect,train
data/splits_metal/yolo_val/severstal_7740cc61d.jpg,patch,train
data/splits_metal/yolo_train/severstal_87754d760.jpg,patch,train
data/splits_metal/yolo_val/severstal_279b82aaf.jpg,scratch,train
data/splits_metal/ae_train/severstal_b17038bf6.jpg,no_defect,train
data/splits_metal/ae_train/severstal_916d55994.jpg,no_defect,train
data/splits_metal/ae_train/severstal_81b40126d.jpg,no_defect,train
data/splits_metal/ae_train/severstal_228a7a896.jpg,no_defect,train
data/splits_metal/yolo_train/severstal_8de7a3873.jpg,patch,train
data/splits_metal/yolo_val/severstal_0dd8c9f61.jpg,scratch,train
data/splits_metal/yolo_val/severstal_308cc088e.jpg,pitting,train
data/splits_metal/ae_train/severstal_9b2ed195e.jpg,no_defect,train
data/splits_metal/ae_train/severstal_76a3506de.jpg,no_defect,train
data/splits_metal/ae_train/severstal_a899c0b38.jpg,no_defect,train
data/splits_metal/yolo_train/severstal_fa342395f.jpg,pitting,train
data/splits_metal/yolo_train/severstal_e764efaa9.jpg,scratch,train
data/splits_metal/yolo_val/severstal_2527831fa.jpg,scratch,train
data/splits_metal/yolo_train/severstal_6ba94954a.jpg,scratch,train
data/splits_metal/yolo_train/severstal_722df0394.jpg,scratch,train
data/splits_metal/yolo_train/severstal_64934ac51.jpg,scratch,train
data/splits_metal/yolo_train/severstal_117759a83.jpg,scratch,train
data/splits_metal/ae_train/severstal_5b34ea110.jpg,no_defect,train
data/splits_metal/yolo_train/severstal_712faf067.jpg,scratch,train
data/splits_metal/yolo_val/severstal_6246f7cae.jpg,scratch,train
data/splits_metal/yolo_train/severstal_9ce68c10a.jpg,scratch,train
data/splits_metal/ae_train/severstal_047681252.jpg,no_defect,train
data/splits_metal/yolo_train/severstal_7f777ba81.jpg,scratch,train
data/splits_metal/yolo_val/severstal_10a3cfbce.jpg,scratch,train
data/splits_metal/yolo_train/severstal_a2889c2fa.jpg,inclusion,train
data/splits_metal/yolo_val/severstal_09140dda7.jpg,scratch,train
data/splits_metal/yolo_train/severstal_e67ffcc83.jpg,scratch,train
data/splits_metal/yolo_train/severstal_9be9c98eb.jpg,inclusion,train
data/splits_metal/yolo_train/severstal_8726206f5.jpg,scratch,train
data/splits_metal/yolo_val/severstal_d41b69a83.jpg,scratch,train
data/splits_metal/yolo_train/severstal_bcef3582e.jpg,scratch,train
data/splits_metal/yolo_train/severstal_ae4e898e8.jpg,scratch,train
data/splits_metal/yolo_val/severstal_cac09c825.jpg,scratch,train
data/splits_metal/yolo_val/severstal_0b76bcd3a.jpg,scratch,train
data/splits_metal/yolo_train/severstal_fafd76f70.jpg,scratch,train
data/splits_metal/ae_train/severstal_b5ad8fb0f.jpg,no_defect,train
data/splits_metal/ae_train/severstal_8ca764a09.jpg,no_defect,train
data/splits_metal/yolo_train/severstal_f10768627.jpg,pitting,train
data/splits_metal/ae_train/severstal_a10226cb3.jpg,no_defect,train
data/splits_metal/yolo_val/severstal_7e7647e70.jpg,pitting,train
data/splits_metal/ae_train/severstal_99d0b3686.jpg,no_defect,train
data/splits_metal/yolo_train/severstal_8cc1c837b.jpg,scratch,train
data/splits_metal/yolo_train/severstal_8b9c035ec.jpg,inclusion,train
data/splits_metal/yolo_train/severstal_0fc3d194a.jpg,scratch,train
data/splits_metal/yolo_train/severstal_a8767436f.jpg,scratch,train
data/splits_metal/yolo_train/severstal_5d1d529b0.jpg,scratch,train
data/splits_metal/yolo_val/severstal_d66e4eb3f.jpg,scratch,train
data/splits_metal/yolo_val/severstal_a9945ecd5.jpg,scratch,train
data/splits_metal/yolo_train/severstal_1f4161475.jpg,pitting,train
data/splits_metal/yolo_val/severstal_4b712bf89.jpg,scratch,train
data/splits_metal/yolo_train/severstal_9eaaf83d7.jpg,scratch,train
data/splits_metal/ae_train/severstal_913120490.jpg,no_defect,train
data/splits_metal/ae_train/severstal_fc5cb6d9e.jpg,no_defect,train
data/splits_metal/ae_train/severstal_77128fb28.jpg,no_defect,train
data/splits_metal/ae_train/severstal_b2985ca11.jpg,no_defect,train
data/splits_metal/ae_train/severstal_1bbd2bc64.jpg,no_defect,train
data/splits_metal/yolo_train/severstal_402c5369d.jpg,scratch,train
data/splits_metal/yolo_train/severstal_329de935b.jpg,scratch,train
data/splits_metal/yolo_train/severstal_db62a970a.jpg,patch,train
data/splits_metal/yolo_train/severstal_a30fa9eb5.jpg,scratch,train
data/splits_metal/ae_train/severstal_b9d6356b4.jpg,no_defect,train
data/splits_metal/ae_train/severstal_e4d59620c.jpg,no_defect,train
data/splits_metal/yolo_train/severstal_a1bede9b1.jpg,scratch,train
data/splits_metal/ae_train/severstal_e98a1dd4a.jpg,no_defect,train
data/splits_metal/ae_train/severstal_c0d23ec4a.jpg,no_defect,train
data/splits_metal/yolo_train/severstal_356e7a71a.jpg,scratch,train
data/splits_metal/ae_train/severstal_dfc9f643d.jpg,no_defect,train
data/splits_metal/ae_train/severstal_4a6f4aec4.jpg,no_defect,train
data/splits_metal/ae_train/severstal_32b47f255.jpg,no_defect,train
data/splits_metal/yolo_train/severstal_efb89f410.jpg,scratch,train
data/splits_metal/ae_train/severstal_c92d8ef22.jpg,no_defect,train
data/splits_metal/ae_train/severstal_6911bf7b2.jpg,no_defect,train
data/splits_metal/yolo_train/severstal_c24f45fd3.jpg,scratch,train
data/splits_metal/yolo_train/severstal_ded3e76e3.jpg,scratch,train
data/splits_metal/ae_train/severstal_334f9e098.jpg,no_defect,train
data/splits_metal/ae_train/severstal_32afab66f.jpg,no_defect,train
data/splits_metal/ae_train/severstal_a814d8aba.jpg,no_defect,train
data/splits_metal/ae_train/severstal_1b1a8316b.jpg,no_defect,train
data/splits_metal/yolo_val/severstal_3ab1a7324.jpg,pitting,train
data/splits_metal/ae_train/severstal_cbe5423d0.jpg,no_defect,train
data/splits_metal/yolo_val/severstal_801887861.jpg,scratch,train
data/splits_metal/yolo_train/severstal_a4c93ac65.jpg,scratch,train
data/splits_metal/yolo_train/severstal_012f26693.jpg,patch,train
data/splits_metal/ae_train/severstal_84dc30d02.jpg,no_defect,train
data/splits_metal/yolo_val/severstal_8ae3d3ad2.jpg,patch,train
data/splits_metal/yolo_train/severstal_8d52d3c30.jpg,scratch,train
data/splits_metal/yolo_train/severstal_e75c7bbd9.jpg,pitting,train
data/splits_metal/yolo_val/severstal_efdad5db3.jpg,scratch,train
data/splits_metal/yolo_val/severstal_4a52380d8.jpg,scratch,train
data/splits_metal/yolo_val/severstal_353e60eef.jpg,scratch,train
data/splits_metal/yolo_train/severstal_7fb0c3636.jpg,scratch,train
data/splits_metal/yolo_val/severstal_0c2522533.jpg,scratch,train
data/splits_metal/ae_train/severstal_b2cdd1c41.jpg,no_defect,train
data/splits_metal/yolo_val/severstal_416b3a2a5.jpg,pitting,train
data/splits_metal/ae_train/severstal_df4b00e66.jpg,no_defect,train
data/splits_metal/yolo_train/severstal_709ee2497.jpg,scratch,train
data/splits_metal/ae_train/severstal_b3f98347f.jpg,no_defect,train
data/splits_metal/yolo_train/severstal_8e53eee1d.jpg,pitting,train
data/splits_metal/ae_train/severstal_5e658dfcb.jpg,no_defect,train
data/splits_metal/ae_train/severstal_ff3bac947.jpg,no_defect,train
data/splits_metal/ae_train/severstal_a64a77431.jpg,no_defect,train
data/splits_metal/yolo_train/severstal_f1807fbdd.jpg,scratch,train
data/splits_metal/yolo_train/severstal_fdb705792.jpg,scratch,train
data/splits_metal/ae_train/severstal_2441b5d16.jpg,no_defect,train
data/splits_metal/yolo_train/severstal_a0ce98154.jpg,pitting,train
data/splits_metal/ae_train/severstal_51aa20891.jpg,no_defect,train
data/splits_metal/yolo_train/severstal_74472e481.jpg,scratch,train
data/splits_metal/ae_train/severstal_a013f42d6.jpg,no_defect,train
data/splits_metal/yolo_train/severstal_b0f9fff35.jpg,scratch,train
data/splits_metal/yolo_train/severstal_a025c6ed2.jpg,scratch,train
data/splits_metal/yolo_train/severstal_def2ff0c5.jpg,scratch,train
data/splits_metal/ae_train/severstal_d38405dce.jpg,no_defect,train
data/splits_metal/ae_train/severstal_91c93baf0.jpg,no_defect,train
data/splits_metal/yolo_train/severstal_ac68f9acc.jpg,scratch,train
data/splits_metal/ae_train/severstal_3dde7f79a.jpg,no_defect,train
data/splits_metal/yolo_val/severstal_71ce72925.jpg,scratch,train
data/splits_metal/yolo_train/severstal_ab3fed191.jpg,scratch,train
data/splits_metal/ae_train/severstal_48052a486.jpg,no_defect,train
data/splits_metal/ae_train/severstal_4dc86abd8.jpg,no_defect,train
data/splits_metal/yolo_train/severstal_7a92f8486.jpg,scratch,train
data/splits_metal/ae_train/severstal_6b0d038b9.jpg,no_defect,train
data/splits_metal/yolo_val/severstal_c59c7f789.jpg,patch,train
data/splits_metal/yolo_train/severstal_e7634e770.jpg,scratch,train
data/splits_metal/yolo_train/severstal_40e52c68b.jpg,scratch,train
data/splits_metal/yolo_train/severstal_e77d57652.jpg,inclusion,train
data/splits_metal/yolo_train/severstal_fe21a795a.jpg,scratch,train
data/splits_metal/ae_train/severstal_df562f187.jpg,no_defect,train
data/splits_metal/ae_train/severstal_8ce96e6e8.jpg,no_defect,train
data/splits_metal/yolo_train/severstal_2395db536.jpg,scratch,train
data/splits_metal/ae_train/severstal_bda7b8a7e.jpg,no_defect,train
data/splits_metal/yolo_val/severstal_27b1670da.jpg,scratch,train
data/splits_metal/yolo_train/severstal_45212b455.jpg,scratch,train
data/splits_metal/ae_train/severstal_71db63586.jpg,no_defect,train
data/splits_metal/ae_train/severstal_3ee9a7e10.jpg,no_defect,train
data/splits_metal/ae_train/severstal_f54e38da9.jpg,no_defect,train
data/splits_metal/ae_train/severstal_f1f00ee31.jpg,no_defect,train
data/splits_metal/yolo_val/severstal_0bfcf7a71.jpg,scratch,train
data/splits_metal/yolo_train/severstal_ca3f209ad.jpg,scratch,train
data/splits_metal/yolo_train/severstal_ff52f9fe2.jpg,scratch,train
data/splits_metal/ae_train/severstal_0d5e07a0d.jpg,no_defect,train
data/splits_metal/ae_train/severstal_2f48dbf0f.jpg,no_defect,train
data/splits_metal/yolo_train/severstal_192e256ba.jpg,scratch,train
data/splits_metal/yolo_train/severstal_d47dfa0e4.jpg,scratch,train
data/splits_metal/yolo_train/severstal_ec58aa10d.jpg,scratch,train
data/splits_metal/yolo_train/severstal_7158531d8.jpg,scratch,train
data/splits_metal/ae_train/severstal_2d3b4027c.jpg,no_defect,train
data/splits_metal/yolo_train/severstal_2012a6d02.jpg,inclusion,train
data/splits_metal/ae_train/severstal_66b5979ce.jpg,no_defect,train
data/splits_metal/ae_train/severstal_54eeb8ee1.jpg,no_defect,train
data/splits_metal/ae_train/severstal_f13f86ab1.jpg,no_defect,train
data/splits_metal/ae_train/severstal_09f598cb6.jpg,no_defect,train
data/splits_metal/yolo_train/severstal_092614afe.jpg,patch,train
data/splits_metal/yolo_train/severstal_f4296a45d.jpg,scratch,train
data/splits_metal/ae_train/severstal_633b2f9e5.jpg,no_defect,train
data/splits_metal/yolo_train/severstal_c94f78afa.jpg,scratch,train
data/splits_metal/ae_train/severstal_a9b87142c.jpg,no_defect,train
data/splits_metal/yolo_train/severstal_caead5f75.jpg,scratch,train
data/splits_metal/ae_train/severstal_0473a80ee.jpg,no_defect,train
data/splits_metal/yolo_train/severstal_7025a90c1.jpg,scratch,train
data/splits_metal/ae_train/severstal_8e761fd28.jpg,no_defect,train
data/splits_metal/ae_train/severstal_d557c4ee7.jpg,no_defect,train
data/splits_metal/yolo_train/severstal_301fc5e57.jpg,scratch,train
data/splits_metal/yolo_train/severstal_519599df3.jpg,scratch,train
data/splits_metal/ae_train/severstal_9cf6c69a5.jpg,no_defect,train
data/splits_metal/ae_train/severstal_f07e9ccda.jpg,no_defect,train
data/splits_metal/yolo_train/severstal_f23c857a4.jpg,scratch,train
data/splits_metal/ae_train/severstal_f180b829c.jpg,no_defect,train
data/splits_metal/yolo_val/severstal_e4547788b.jpg,scratch,train
data/splits_metal/yolo_train/severstal_2ce026ee0.jpg,scratch,train
data/splits_metal/ae_train/severstal_978a4f978.jpg,no_defect,train
data/splits_metal/ae_train/severstal_793b08f01.jpg,no_defect,train
data/splits_metal/yolo_train/severstal_6209acbc4.jpg,pitting,train
data/splits_metal/yolo_val/severstal_195c2e0d0.jpg,scratch,train
data/splits_metal/ae_train/severstal_aef3c904b.jpg,no_defect,train
data/splits_metal/yolo_train/severstal_614e8523d.jpg,scratch,train
data/splits_metal/yolo_val/severstal_0bfce2f41.jpg,scratch,train
data/splits_metal/ae_train/severstal_603283b48.jpg,no_defect,train
data/splits_metal/ae_train/severstal_2e4308ede.jpg,no_defect,train
data/splits_metal/yolo_train/severstal_9553974f4.jpg,scratch,train
data/splits_metal/yolo_train/severstal_6e62ddf4e.jpg,pitting,train
data/splits_metal/ae_train/severstal_4d47928bc.jpg,no_defect,train
data/splits_metal/yolo_train/severstal_059327fe3.jpg,scratch,train
data/splits_metal/yolo_train/severstal_b35a08d7a.jpg,scratch,train
data/splits_metal/yolo_val/severstal_47e1ec88e.jpg,scratch,train
data/splits_metal/ae_train/severstal_babdf889d.jpg,no_defect,train
data/splits_metal/yolo_val/severstal_fdabe52ee.jpg,scratch,train
data/splits_metal/yolo_train/severstal_7749df027.jpg,pitting,train
data/splits_metal/ae_train/severstal_2c14af3b2.jpg,no_defect,train
data/splits_metal/ae_train/severstal_c23ac4775.jpg,no_defect,train
data/splits_metal/ae_train/severstal_a2ffeeef4.jpg,no_defect,train
data/splits_metal/ae_train/severstal_06ab5c48e.jpg,no_defect,train
data/splits_metal/ae_train/severstal_767755f3e.jpg,no_defect,train
data/splits_metal/yolo_train/severstal_3c8312241.jpg,patch,train
data/splits_metal/yolo_train/severstal_5bcc61d96.jpg,scratch,train
data/splits_metal/yolo_train/severstal_afb67e4d9.jpg,scratch,train
data/splits_metal/ae_train/severstal_70645d70a.jpg,no_defect,train
data/splits_metal/ae_train/severstal_8c1825273.jpg,no_defect,train
data/splits_metal/ae_train/severstal_cf2c7e42c.jpg,no_defect,train
data/splits_metal/yolo_val/severstal_b66721b1f.jpg,scratch,train
data/splits_metal/ae_train/severstal_6afa917f2.jpg,no_defect,train
data/splits_metal/ae_train/severstal_8afe5eb8e.jpg,no_defect,train
data/splits_metal/yolo_train/severstal_3beb63791.jpg,pitting,train
data/splits_metal/yolo_train/severstal_8709ea899.jpg,scratch,train
data/splits_metal/ae_train/severstal_2f9e0e905.jpg,no_defect,train
data/splits_metal/ae_train/severstal_739033fb5.jpg,no_defect,train
data/splits_metal/yolo_train/severstal_f71c37a0f.jpg,scratch,train
data/splits_metal/yolo_train/severstal_5ea7bbf5f.jpg,scratch,train
data/splits_metal/ae_train/severstal_932f3c03c.jpg,no_defect,train
data/splits_metal/yolo_train/severstal_c7b41dbf4.jpg,patch,train
data/splits_metal/yolo_train/severstal_c25e12747.jpg,scratch,train
data/splits_metal/ae_train/severstal_c6ef2006c.jpg,no_defect,train
data/splits_metal/yolo_train/severstal_a8bc0275d.jpg,scratch,train
data/splits_metal/ae_train/severstal_f9b806612.jpg,no_defect,train
data/splits_metal/yolo_train/severstal_a9f5f9806.jpg,scratch,train
data/splits_metal/ae_train/severstal_1bdf9a8c6.jpg,no_defect,train
data/splits_metal/yolo_train/severstal_567578f1b.jpg,pitting,train
data/splits_metal/yolo_train/severstal_2558c43bf.jpg,scratch,train
data/splits_metal/yolo_train/severstal_2a9e93a87.jpg,pitting,train
data/splits_metal/ae_train/severstal_d7b5d31e5.jpg,no_defect,train
data/splits_metal/ae_train/severstal_6a9ff8fdd.jpg,no_defect,train
data/splits_metal/yolo_train/severstal_cd1f8d368.jpg,inclusion,train
data/splits_metal/ae_train/severstal_69cd30414.jpg,no_defect,train
data/splits_metal/yolo_train/severstal_3cff791b3.jpg,scratch,train
data/splits_metal/yolo_train/severstal_7773445b7.jpg,scratch,train
data/splits_metal/ae_train/severstal_098935502.jpg,no_defect,train
data/splits_metal/yolo_train/severstal_351569b6a.jpg,scratch,train
data/splits_metal/yolo_train/severstal_b641f8ae5.jpg,scratch,train
data/splits_metal/ae_train/severstal_6951354ff.jpg,no_defect,train
data/splits_metal/ae_train/severstal_43eea2fe0.jpg,no_defect,train
data/splits_metal/ae_train/severstal_7ad42c7a8.jpg,no_defect,train
data/splits_metal/yolo_val/severstal_7f577c471.jpg,pitting,train
data/splits_metal/yolo_train/severstal_6e0729dc0.jpg,scratch,train
data/splits_metal/yolo_val/severstal_a97abc0aa.jpg,scratch,train
data/splits_metal/ae_train/severstal_6e3bb2d93.jpg,no_defect,train
data/splits_metal/ae_train/severstal_8f9ba20e2.jpg,no_defect,train
data/splits_metal/yolo_train/severstal_677828765.jpg,patch,train
data/splits_metal/ae_train/severstal_8561d4265.jpg,no_defect,train
data/splits_metal/yolo_train/severstal_7dd4d0f90.jpg,scratch,train
data/splits_metal/yolo_train/severstal_93e2b398b.jpg,pitting,train
data/splits_metal/yolo_val/severstal_67a047923.jpg,scratch,train
data/splits_metal/ae_train/severstal_dbd7f1a99.jpg,no_defect,train
data/splits_metal/ae_train/severstal_3b26ddea1.jpg,no_defect,train
data/splits_metal/ae_train/severstal_7f63c4624.jpg,no_defect,train
data/splits_metal/yolo_train/severstal_9d685a825.jpg,scratch,train
data/splits_metal/ae_train/severstal_692c9f467.jpg,no_defect,train
data/splits_metal/yolo_train/severstal_7c1bcd3f1.jpg,scratch,train
data/splits_metal/ae_train/severstal_167bea6b7.jpg,no_defect,train
data/splits_metal/yolo_train/severstal_0b8775632.jpg,scratch,train
data/splits_metal/yolo_train/severstal_6d08d7ab4.jpg,scratch,train
data/splits_metal/yolo_train/severstal_6c8b1519e.jpg,scratch,train
data/splits_metal/yolo_train/severstal_d86727f32.jpg,scratch,train
data/splits_metal/ae_train/severstal_05c05ea43.jpg,no_defect,train
data/splits_metal/yolo_train/severstal_ed9f593a2.jpg,inclusion,train
data/splits_metal/ae_train/severstal_3ebc6a9a6.jpg,no_defect,train
data/splits_metal/ae_train/severstal_0d2fe4d55.jpg,no_defect,train
data/splits_metal/ae_train/severstal_2cf368c20.jpg,no_defect,train
data/splits_metal/yolo_train/severstal_9d0b3a0f7.jpg,scratch,train
data/splits_metal/yolo_train/severstal_3eec62abe.jpg,patch,train
data/splits_metal/yolo_train/severstal_91478a2fb.jpg,scratch,train
data/splits_metal/yolo_train/severstal_102ac71fd.jpg,scratch,train
data/splits_metal/yolo_train/severstal_79c7b230b.jpg,scratch,train
data/splits_metal/yolo_train/severstal_1e742caeb.jpg,patch,train
data/splits_metal/ae_train/severstal_288015608.jpg,no_defect,train
data/splits_metal/ae_train/severstal_ebf1e3a5e.jpg,no_defect,train
data/splits_metal/ae_train/severstal_d95b18cf8.jpg,no_defect,train
data/splits_metal/ae_train/severstal_165598000.jpg,no_defect,train
data/splits_metal/yolo_val/severstal_6fcd94e33.jpg,inclusion,train
data/splits_metal/yolo_train/severstal_cf5231a23.jpg,scratch,train
data/splits_metal/ae_train/severstal_3a98c37b5.jpg,no_defect,train
data/splits_metal/yolo_train/severstal_ced626afb.jpg,scratch,train
data/splits_metal/ae_train/severstal_9962aa302.jpg,no_defect,train
data/splits_metal/yolo_val/severstal_2999deba3.jpg,scratch,train
data/splits_metal/yolo_train/severstal_0d51538b9.jpg,patch,train
data/splits_metal/yolo_train/severstal_6da4236e0.jpg,scratch,train
data/splits_metal/yolo_train/severstal_e3fe831b7.jpg,scratch,train
data/splits_metal/yolo_train/severstal_6915f678b.jpg,scratch,train
data/splits_metal/yolo_train/severstal_3a0e5cad8.jpg,scratch,train
data/splits_metal/ae_train/severstal_08f5d5a29.jpg,no_defect,train
data/splits_metal/ae_train/severstal_8582309f2.jpg,no_defect,train
data/splits_metal/yolo_train/severstal_a75ec2a42.jpg,scratch,train
data/splits_metal/ae_train/severstal_aa29aae31.jpg,no_defect,train
data/splits_metal/yolo_train/severstal_7da7fdfca.jpg,scratch,train
data/splits_metal/ae_train/severstal_1b7d7eec6.jpg,no_defect,train
data/splits_metal/ae_train/severstal_a02de9f58.jpg,no_defect,train
data/splits_metal/ae_train/severstal_3b1d31523.jpg,no_defect,train
data/splits_metal/yolo_train/severstal_865b83c3f.jpg,patch,train
data/splits_metal/yolo_train/severstal_391b766d3.jpg,scratch,train
data/splits_metal/ae_train/severstal_35d245aa8.jpg,no_defect,train
data/splits_metal/ae_train/severstal_6a7f81abd.jpg,no_defect,train
data/splits_metal/ae_train/severstal_0b15dd467.jpg,no_defect,train
data/splits_metal/yolo_train/severstal_dc8e7690a.jpg,scratch,train
data/splits_metal/ae_train/severstal_20d742630.jpg,no_defect,train
data/splits_metal/ae_train/severstal_3e1a0403b.jpg,no_defect,train
data/splits_metal/yolo_train/severstal_4d1444a12.jpg,patch,train
data/splits_metal/yolo_train/severstal_1efff24a0.jpg,scratch,train
data/splits_metal/ae_train/severstal_3ef68aafe.jpg,no_defect,train
data/splits_metal/yolo_val/severstal_807ef1574.jpg,scratch,train
data/splits_metal/ae_train/severstal_a61727238.jpg,no_defect,train
data/splits_metal/yolo_train/severstal_7dcd46899.jpg,inclusion,train
data/splits_metal/ae_train/severstal_ef2286f15.jpg,no_defect,train
data/splits_metal/yolo_train/severstal_7dfb9d916.jpg,scratch,train
data/splits_metal/yolo_train/severstal_963b7a441.jpg,scratch,train
data/splits_metal/yolo_train/severstal_bd99469d2.jpg,scratch,train
data/splits_metal/yolo_val/severstal_94947e1f9.jpg,patch,train
data/splits_metal/ae_train/severstal_4ac70e968.jpg,no_defect,train
data/splits_metal/ae_train/severstal_352305070.jpg,no_defect,train
data/splits_metal/ae_train/severstal_fadccb348.jpg,no_defect,train
data/splits_metal/ae_train/severstal_ecb2bea37.jpg,no_defect,train
data/splits_metal/ae_train/severstal_08f37071a.jpg,no_defect,train
data/splits_metal/ae_train/severstal_24f34efc1.jpg,no_defect,train
data/splits_metal/ae_train/severstal_ba369b556.jpg,no_defect,train
data/splits_metal/yolo_train/severstal_2d1658337.jpg,scratch,train
data/splits_metal/yolo_train/severstal_562055ee9.jpg,scratch,train
data/splits_metal/ae_train/severstal_558a45a09.jpg,no_defect,train
data/splits_metal/yolo_train/severstal_d7608fbdb.jpg,pitting,train
data/splits_metal/ae_train/severstal_d52150d70.jpg,no_defect,train
data/splits_metal/ae_train/severstal_c53999687.jpg,no_defect,train
data/splits_metal/ae_train/severstal_6faa47450.jpg,no_defect,train
data/splits_metal/ae_train/severstal_5ba431673.jpg,no_defect,train
data/splits_metal/ae_train/severstal_c6c2fb1c4.jpg,no_defect,train
data/splits_metal/yolo_train/severstal_8f9ef2cb7.jpg,scratch,train
data/splits_metal/yolo_val/severstal_92fb94f69.jpg,scratch,train
data/splits_metal/yolo_train/severstal_f79e8cbcb.jpg,scratch,train
data/splits_metal/yolo_val/severstal_405507351.jpg,scratch,train
data/splits_metal/yolo_train/severstal_e874f3235.jpg,scratch,train
data/splits_metal/ae_train/severstal_c678f0502.jpg,no_defect,train
data/splits_metal/ae_train/severstal_1f151ee84.jpg,no_defect,train
data/splits_metal/ae_train/severstal_7da0c4484.jpg,no_defect,train
data/splits_metal/ae_train/severstal_200031377.jpg,no_defect,train
data/splits_metal/ae_train/severstal_35e091132.jpg,no_defect,train
data/splits_metal/yolo_train/severstal_9e467cb05.jpg,scratch,train
data/splits_metal/ae_train/severstal_11a92e52f.jpg,no_defect,train
data/splits_metal/ae_train/severstal_5ea696356.jpg,no_defect,train
data/splits_metal/ae_train/severstal_26eecdd24.jpg,no_defect,train
data/splits_metal/ae_train/severstal_17a2d22f7.jpg,no_defect,train
data/splits_metal/yolo_val/severstal_49e3afca8.jpg,scratch,train
data/splits_metal/yolo_train/severstal_6b513db3b.jpg,patch,train
data/splits_metal/yolo_train/severstal_b08712015.jpg,pitting,train
data/splits_metal/yolo_val/severstal_788a675e7.jpg,scratch,train
data/splits_metal/yolo_train/severstal_87f74731f.jpg,scratch,train
data/splits_metal/yolo_train/severstal_b5b99c878.jpg,scratch,train
data/splits_metal/ae_train/severstal_59ae6de0b.jpg,no_defect,train
data/splits_metal/yolo_train/severstal_c746f473d.jpg,scratch,train
data/splits_metal/yolo_train/severstal_895c92dd5.jpg,scratch,train
data/splits_metal/ae_train/severstal_502a574eb.jpg,no_defect,train
data/splits_metal/ae_train/severstal_72ec73360.jpg,no_defect,train
data/splits_metal/yolo_train/severstal_229906ed1.jpg,scratch,train
data/splits_metal/yolo_val/severstal_46582cff8.jpg,scratch,train
data/splits_metal/ae_train/severstal_831fd3914.jpg,no_defect,train
data/splits_metal/ae_train/severstal_f415f1afc.jpg,no_defect,train
data/splits_metal/ae_train/severstal_c7dca83c0.jpg,no_defect,train
data/splits_metal/ae_train/severstal_7ea0bcec7.jpg,no_defect,train
data/splits_metal/ae_train/severstal_9c98c13cc.jpg,no_defect,train
data/splits_metal/yolo_train/severstal_9ddbb8f42.jpg,scratch,train
data/splits_metal/yolo_train/severstal_845935465.jpg,scratch,train
data/splits_metal/ae_train/severstal_5971c43c9.jpg,no_defect,train
data/splits_metal/ae_train/severstal_cc3a294d4.jpg,no_defect,train
data/splits_metal/yolo_train/severstal_45e10836b.jpg,scratch,train
data/splits_metal/ae_train/severstal_cdc4a0cf8.jpg,no_defect,train
data/splits_metal/ae_train/severstal_c07ab074e.jpg,no_defect,train
data/splits_metal/ae_train/severstal_537d5882a.jpg,no_defect,train
data/splits_metal/yolo_train/severstal_7de00739f.jpg,scratch,train
data/splits_metal/yolo_train/severstal_4941491de.jpg,scratch,train
data/splits_metal/yolo_val/severstal_504e47cce.jpg,scratch,train
data/splits_metal/yolo_train/severstal_b5b48f9f3.jpg,scratch,train
data/splits_metal/yolo_train/severstal_f8c41046b.jpg,scratch,train
data/splits_metal/ae_train/severstal_817588518.jpg,no_defect,train
data/splits_metal/yolo_val/severstal_91222b4c9.jpg,scratch,train
data/splits_metal/ae_train/severstal_fabd4faef.jpg,no_defect,train
data/splits_metal/yolo_val/severstal_5f39f57ea.jpg,scratch,train
data/splits_metal/ae_train/severstal_b50c7a02c.jpg,no_defect,train
data/splits_metal/yolo_train/severstal_1b5427b35.jpg,patch,train
data/splits_metal/yolo_train/severstal_04c3aade7.jpg,patch,train
data/splits_metal/yolo_train/severstal_de85c63cb.jpg,scratch,train
data/splits_metal/ae_train/severstal_1d4fa8da0.jpg,no_defect,train
data/splits_metal/yolo_val/severstal_9a5e9e77c.jpg,scratch,train
data/splits_metal/yolo_train/severstal_3a8d0b7ba.jpg,pitting,train
data/splits_metal/yolo_train/severstal_2e5dab72b.jpg,scratch,train
data/splits_metal/ae_train/severstal_d501fc917.jpg,no_defect,train
data/splits_metal/yolo_val/severstal_badc94207.jpg,scratch,train
data/splits_metal/yolo_train/severstal_80d40cc9c.jpg,scratch,train
data/splits_metal/ae_train/severstal_421b31b75.jpg,no_defect,train
data/splits_metal/yolo_val/severstal_fcdeccead.jpg,pitting,train
data/splits_metal/ae_train/severstal_86b32c0d5.jpg,no_defect,train
data/splits_metal/yolo_train/severstal_e1a9e7c49.jpg,patch,train
data/splits_metal/ae_train/severstal_13a12ca2b.jpg,no_defect,train
data/splits_metal/ae_train/severstal_07a238cf0.jpg,no_defect,train
data/splits_metal/ae_train/severstal_6a7b866b8.jpg,no_defect,train
data/splits_metal/yolo_train/severstal_638b05d55.jpg,scratch,train
data/splits_metal/yolo_train/severstal_9cfa7be25.jpg,scratch,train
data/splits_metal/ae_train/severstal_5cd2a9b53.jpg,no_defect,train
data/splits_metal/yolo_train/severstal_15ece0447.jpg,scratch,train
data/splits_metal/yolo_train/severstal_034941f9d.jpg,scratch,train
data/splits_metal/yolo_train/severstal_69365fabd.jpg,scratch,train
data/splits_metal/yolo_train/severstal_3ba5b066f.jpg,scratch,train
data/splits_metal/yolo_train/severstal_261c6d458.jpg,scratch,train
data/splits_metal/yolo_train/severstal_497d0a057.jpg,scratch,train
data/splits_metal/yolo_train/severstal_0602f0520.jpg,scratch,train
data/splits_metal/yolo_val/severstal_bf24a03ac.jpg,scratch,train
data/splits_metal/ae_train/severstal_6c3a82b05.jpg,no_defect,train
data/splits_metal/yolo_train/severstal_87f2a67af.jpg,scratch,train
data/splits_metal/ae_train/severstal_db1b6f6b5.jpg,no_defect,train
data/splits_metal/yolo_train/severstal_1ca7f19cf.jpg,scratch,train
data/splits_metal/ae_train/severstal_1c92b4274.jpg,no_defect,train
data/splits_metal/ae_train/severstal_65af2dedf.jpg,no_defect,train
data/splits_metal/ae_train/severstal_807c5bb21.jpg,no_defect,train
data/splits_metal/ae_train/severstal_1d69915c8.jpg,no_defect,train
data/splits_metal/yolo_train/severstal_e2f004578.jpg,scratch,train
data/splits_metal/ae_train/severstal_accb65244.jpg,no_defect,train
data/splits_metal/yolo_train/severstal_82532a288.jpg,scratch,train
data/splits_metal/yolo_train/severstal_370b998e7.jpg,scratch,train
data/splits_metal/yolo_train/severstal_e481c68fd.jpg,scratch,train
data/splits_metal/yolo_val/severstal_41f5ea1f2.jpg,scratch,train
data/splits_metal/ae_train/severstal_698cfb297.jpg,no_defect,train
data/splits_metal/ae_train/severstal_f6854fafc.jpg,no_defect,train
data/splits_metal/yolo_train/severstal_517f3ce34.jpg,scratch,train
data/splits_metal/yolo_train/severstal_7ee479373.jpg,scratch,train
data/splits_metal/yolo_val/severstal_8eb427a2d.jpg,scratch,train
data/splits_metal/yolo_train/severstal_5fa0b3200.jpg,pitting,train
data/splits_metal/yolo_train/severstal_ae9c7966a.jpg,scratch,train
data/splits_metal/ae_train/severstal_0be878d63.jpg,no_defect,train
data/splits_metal/yolo_train/severstal_3abc94d79.jpg,scratch,train
data/splits_metal/yolo_train/severstal_e9c9ac12d.jpg,scratch,train
data/splits_metal/ae_train/severstal_90b45e095.jpg,no_defect,train
data/splits_metal/ae_train/severstal_ea48b3962.jpg,no_defect,train
data/splits_metal/yolo_train/severstal_2dbd01639.jpg,scratch,train
data/splits_metal/ae_train/severstal_00c6060db.jpg,no_defect,train
data/splits_metal/ae_train/severstal_66480ece5.jpg,no_defect,train
data/splits_metal/ae_train/severstal_1b91eb9cb.jpg,no_defect,train
data/splits_metal/yolo_train/severstal_f0dbecd3d.jpg,patch,train
data/splits_metal/ae_train/severstal_facfab806.jpg,no_defect,train
data/splits_metal/ae_train/severstal_53f9c84f6.jpg,no_defect,train
data/splits_metal/ae_train/severstal_4ba512c11.jpg,no_defect,train
data/splits_metal/ae_train/severstal_04d527562.jpg,no_defect,train
data/splits_metal/yolo_train/severstal_810f96801.jpg,scratch,train
data/splits_metal/yolo_train/severstal_8dfe396ef.jpg,scratch,train
data/splits_metal/yolo_val/severstal_f444c57a7.jpg,patch,train
data/splits_metal/ae_train/severstal_6c936a770.jpg,no_defect,train
data/splits_metal/ae_train/severstal_2a0d6f8d9.jpg,no_defect,train
data/splits_metal/yolo_train/severstal_7ca2551c2.jpg,inclusion,train
data/splits_metal/ae_train/severstal_33a835109.jpg,no_defect,train
data/splits_metal/ae_train/severstal_f7f1db72c.jpg,no_defect,train
data/splits_metal/ae_train/severstal_2d2fa87c7.jpg,no_defect,train
data/splits_metal/yolo_train/severstal_53ff38fe7.jpg,patch,train
data/splits_metal/yolo_train/severstal_08de8621d.jpg,scratch,train
data/splits_metal/ae_train/severstal_dbe26ec70.jpg,no_defect,train
data/splits_metal/ae_train/severstal_b1639e054.jpg,no_defect,train
data/splits_metal/yolo_train/severstal_5562229c3.jpg,scratch,train
data/splits_metal/ae_train/severstal_6b26c1a9a.jpg,no_defect,train
data/splits_metal/yolo_train/severstal_2c4fd555c.jpg,scratch,train
data/splits_metal/yolo_train/severstal_9546b5abe.jpg,scratch,train
data/splits_metal/yolo_train/severstal_9b2801e98.jpg,scratch,train
data/splits_metal/ae_train/severstal_9856e7969.jpg,no_defect,train
data/splits_metal/ae_train/severstal_5f2f465bc.jpg,no_defect,train
data/splits_metal/yolo_train/severstal_ff5590fbe.jpg,scratch,train
data/splits_metal/yolo_train/severstal_afc26c2a0.jpg,scratch,train
data/splits_metal/ae_train/severstal_46df1500e.jpg,no_defect,train
data/splits_metal/yolo_train/severstal_abe8e7faf.jpg,scratch,train
data/splits_metal/yolo_train/severstal_a29c6239f.jpg,patch,train
data/splits_metal/yolo_train/severstal_51d7bdfc2.jpg,scratch,train
data/splits_metal/ae_train/severstal_f91d56c49.jpg,no_defect,train
data/splits_metal/ae_train/severstal_521632501.jpg,no_defect,train
data/splits_metal/ae_train/severstal_cedf1a460.jpg,no_defect,train
data/splits_metal/yolo_train/severstal_f6c97e5e7.jpg,scratch,train
data/splits_metal/ae_train/severstal_6fe73c77e.jpg,no_defect,train
data/splits_metal/ae_train/severstal_354aec599.jpg,no_defect,train
data/splits_metal/ae_train/severstal_c9a52fbb7.jpg,no_defect,train
data/splits_metal/yolo_train/severstal_08852b69d.jpg,scratch,train
data/splits_metal/ae_train/severstal_3ce7fca69.jpg,no_defect,train
data/splits_metal/yolo_train/severstal_f36acf83d.jpg,scratch,train
data/splits_metal/ae_train/severstal_18736b585.jpg,no_defect,train
data/splits_metal/ae_train/severstal_b4ad3aac5.jpg,no_defect,train
data/splits_metal/yolo_train/severstal_3e1f5caa8.jpg,patch,train
data/splits_metal/ae_train/severstal_5cef0e386.jpg,no_defect,train
data/splits_metal/ae_train/severstal_978198cd9.jpg,no_defect,train
data/splits_metal/yolo_train/severstal_db0547371.jpg,scratch,train
data/splits_metal/ae_train/severstal_9fdb4a6aa.jpg,no_defect,train
data/splits_metal/ae_train/severstal_0f0e5dcf1.jpg,no_defect,train
data/splits_metal/ae_train/severstal_f35093ccb.jpg,no_defect,train
data/splits_metal/ae_train/severstal_07e68173c.jpg,no_defect,train
data/splits_metal/ae_train/severstal_8546c7a76.jpg,no_defect,train
data/splits_metal/ae_train/severstal_04985b2a8.jpg,no_defect,train
data/splits_metal/yolo_train/severstal_bedfbcf7b.jpg,scratch,train
data/splits_metal/ae_train/severstal_114743369.jpg,no_defect,train
data/splits_metal/ae_train/severstal_21f997038.jpg,no_defect,train
data/splits_metal/yolo_train/severstal_9efc6682e.jpg,scratch,train
data/splits_metal/yolo_train/severstal_9384459df.jpg,pitting,train
data/splits_metal/ae_train/severstal_6a99258af.jpg,no_defect,train
data/splits_metal/yolo_train/severstal_658ad1fc9.jpg,scratch,train
data/splits_metal/yolo_train/severstal_ac15719f1.jpg,scratch,train
data/splits_metal/yolo_val/severstal_31cf10f6e.jpg,scratch,train
data/splits_metal/yolo_train/severstal_4733edde8.jpg,scratch,train
data/splits_metal/yolo_train/severstal_748dffce7.jpg,scratch,train
data/splits_metal/yolo_train/severstal_b2cbd553f.jpg,scratch,train
data/splits_metal/yolo_train/severstal_97eb88e35.jpg,scratch,train
data/splits_metal/yolo_train/severstal_20964a4f0.jpg,patch,train
data/splits_metal/ae_train/severstal_6f19759f3.jpg,no_defect,train
data/splits_metal/yolo_train/severstal_b303bf6e5.jpg,scratch,train
data/splits_metal/yolo_train/severstal_faa1000af.jpg,scratch,train
data/splits_metal/yolo_val/severstal_3fcd061fc.jpg,inclusion,train
data/splits_metal/ae_train/severstal_249f5fa64.jpg,no_defect,train
data/splits_metal/yolo_train/severstal_9f34c4775.jpg,scratch,train
data/splits_metal/yolo_train/severstal_130e11be6.jpg,scratch,train
data/splits_metal/ae_train/severstal_505284e53.jpg,no_defect,train
data/splits_metal/ae_train/severstal_8e36f751c.jpg,no_defect,train
data/splits_metal/yolo_val/severstal_d1202c95e.jpg,scratch,train
data/splits_metal/yolo_train/severstal_5aa352ece.jpg,patch,train
data/splits_metal/yolo_train/severstal_0f4bf08bd.jpg,pitting,train
data/splits_metal/yolo_val/severstal_41d7a39dc.jpg,scratch,train
data/splits_metal/yolo_train/severstal_3f7e10763.jpg,scratch,train
data/splits_metal/yolo_train/severstal_d6dab923a.jpg,scratch,train
data/splits_metal/ae_train/severstal_9a72fd89e.jpg,no_defect,train
data/splits_metal/ae_train/severstal_673099a5e.jpg,no_defect,train
data/splits_metal/yolo_train/severstal_c63e60886.jpg,pitting,train
data/splits_metal/ae_train/severstal_bf3bea2f0.jpg,no_defect,train
data/splits_metal/ae_train/severstal_fbbecd1d9.jpg,no_defect,train
data/splits_metal/yolo_train/severstal_a93b52e93.jpg,scratch,train
data/splits_metal/ae_train/severstal_d7af73039.jpg,no_defect,train
data/splits_metal/ae_train/severstal_97412f06b.jpg,no_defect,train
data/splits_metal/yolo_train/severstal_f46d86fbe.jpg,scratch,train
data/splits_metal/yolo_train/severstal_5eae1fad1.jpg,scratch,train
data/splits_metal/yolo_train/severstal_17f01b94d.jpg,pitting,train
data/splits_metal/yolo_train/severstal_b1e5931af.jpg,scratch,train
data/splits_metal/yolo_train/severstal_f8f3a1eb2.jpg,pitting,train
data/splits_metal/yolo_train/severstal_479ec009a.jpg,patch,train
data/splits_metal/yolo_train/severstal_3325e2266.jpg,pitting,train
data/splits_metal/yolo_val/severstal_fc4f997c5.jpg,patch,train
data/splits_metal/ae_train/severstal_ac12eb284.jpg,no_defect,train
data/splits_metal/yolo_train/severstal_53a21bba1.jpg,scratch,train
data/splits_metal/yolo_train/severstal_81fa665da.jpg,scratch,train
data/splits_metal/ae_train/severstal_523e97839.jpg,no_defect,train
data/splits_metal/yolo_train/severstal_982c2e937.jpg,scratch,train
data/splits_metal/yolo_train/severstal_b2f297777.jpg,scratch,train
data/splits_metal/yolo_train/severstal_b08435f96.jpg,scratch,train
data/splits_metal/yolo_train/severstal_a6aceec2e.jpg,patch,train
data/splits_metal/yolo_train/severstal_60d7248a8.jpg,pitting,train
data/splits_metal/yolo_train/severstal_016af13d0.jpg,scratch,train
data/splits_metal/yolo_train/severstal_1c6625114.jpg,scratch,train
data/splits_metal/ae_train/severstal_92a84eb98.jpg,no_defect,train
data/splits_metal/yolo_val/severstal_57d157679.jpg,scratch,train
data/splits_metal/yolo_train/severstal_f52e7d092.jpg,scratch,train
data/splits_metal/yolo_val/severstal_620568126.jpg,scratch,train
data/splits_metal/ae_train/severstal_7550adc12.jpg,no_defect,train
data/splits_metal/ae_train/severstal_37715d87e.jpg,no_defect,train
data/splits_metal/yolo_train/severstal_e21fd95ad.jpg,patch,train
data/splits_metal/ae_train/severstal_0da296499.jpg,no_defect,train
data/splits_metal/ae_train/severstal_737e2554e.jpg,no_defect,train
data/splits_metal/yolo_val/severstal_daf2897e4.jpg,scratch,train
data/splits_metal/yolo_train/severstal_ae4753c89.jpg,scratch,train
data/splits_metal/ae_train/severstal_97d7de56a.jpg,no_defect,train
data/splits_metal/ae_train/severstal_ac9246bd5.jpg,no_defect,train
data/splits_metal/yolo_train/severstal_bbd3d337f.jpg,pitting,train
data/splits_metal/yolo_train/severstal_c0d04c74f.jpg,scratch,train
data/splits_metal/yolo_val/severstal_a41e950ce.jpg,pitting,train
data/splits_metal/ae_train/severstal_a30d21396.jpg,no_defect,train
data/splits_metal/yolo_train/severstal_d598af62f.jpg,scratch,train
data/splits_metal/ae_train/severstal_c480b0e1a.jpg,no_defect,train
data/splits_metal/yolo_train/severstal_3f272083c.jpg,scratch,train
data/splits_metal/ae_train/severstal_703938a46.jpg,no_defect,train
data/splits_metal/ae_train/severstal_10f93990e.jpg,no_defect,train
data/splits_metal/yolo_val/severstal_69f723ceb.jpg,scratch,train
data/splits_metal/yolo_train/severstal_a68906588.jpg,scratch,train
data/splits_metal/yolo_train/severstal_eb6983d21.jpg,scratch,train
data/splits_metal/yolo_train/severstal_6ce9ef450.jpg,pitting,train
data/splits_metal/ae_train/severstal_7af586734.jpg,no_defect,train
data/splits_metal/ae_train/severstal_4341a2af7.jpg,no_defect,train
data/splits_metal/ae_train/severstal_3d6fc6cb2.jpg,no_defect,train
data/splits_metal/ae_train/severstal_687cd2813.jpg,no_defect,train
data/splits_metal/yolo_train/severstal_1f7b64701.jpg,pitting,train
data/splits_metal/yolo_val/severstal_369ac4b0a.jpg,patch,train
data/splits_metal/ae_train/severstal_b329f8b82.jpg,no_defect,train
data/splits_metal/yolo_train/severstal_a0ee7a955.jpg,scratch,train
data/splits_metal/yolo_train/severstal_8ee659e65.jpg,patch,train
data/splits_metal/ae_train/severstal_386ee8a22.jpg,no_defect,train
data/splits_metal/yolo_train/severstal_e35a68f07.jpg,pitting,train
data/splits_metal/yolo_train/severstal_7d58142ba.jpg,scratch,train
data/splits_metal/ae_train/severstal_b48564b41.jpg,no_defect,train
data/splits_metal/yolo_train/severstal_cb93f342e.jpg,scratch,train
data/splits_metal/yolo_train/severstal_d6c91e8e7.jpg,scratch,train
data/splits_metal/ae_train/severstal_e40347dd6.jpg,no_defect,train
data/splits_metal/yolo_val/severstal_f23288425.jpg,scratch,train
data/splits_metal/yolo_train/severstal_e493a8167.jpg,scratch,train
data/splits_metal/yolo_train/severstal_6fabaf589.jpg,scratch,train
data/splits_metal/ae_train/severstal_6e97e9698.jpg,no_defect,train
data/splits_metal/yolo_train/severstal_514222386.jpg,scratch,train
data/splits_metal/ae_train/severstal_8568c875c.jpg,no_defect,train
data/splits_metal/yolo_val/severstal_a115aabc4.jpg,scratch,train
data/splits_metal/ae_train/severstal_debacdfce.jpg,no_defect,train
data/splits_metal/yolo_train/severstal_7b547b234.jpg,scratch,train
data/splits_metal/yolo_val/severstal_9a75974ba.jpg,pitting,train
data/splits_metal/yolo_train/severstal_56553f422.jpg,scratch,train
data/splits_metal/ae_train/severstal_d75bc6f97.jpg,no_defect,train
data/splits_metal/yolo_train/severstal_d2454fd68.jpg,pitting,train
data/splits_metal/ae_train/severstal_39ac947b9.jpg,no_defect,train
data/splits_metal/ae_train/severstal_6d3986d43.jpg,no_defect,train
data/splits_metal/ae_train/severstal_888263bf8.jpg,no_defect,train
data/splits_metal/ae_train/severstal_509c2cea7.jpg,no_defect,train
data/splits_metal/ae_train/severstal_83ec1bbca.jpg,no_defect,train
data/splits_metal/yolo_train/severstal_8f31ce4d8.jpg,scratch,train
data/splits_metal/ae_train/severstal_646acd6c3.jpg,no_defect,train
data/splits_metal/yolo_train/severstal_f848466cb.jpg,scratch,train
data/splits_metal/yolo_train/severstal_e6ac69712.jpg,inclusion,train
data/splits_metal/yolo_val/severstal_16d0b11ff.jpg,inclusion,train
data/splits_metal/yolo_train/severstal_f32bb5699.jpg,scratch,train
data/splits_metal/ae_train/severstal_884bf0558.jpg,no_defect,train
data/splits_metal/ae_train/severstal_76504fdc1.jpg,no_defect,train
data/splits_metal/yolo_train/severstal_bf3431728.jpg,scratch,train
data/splits_metal/ae_train/severstal_5fd638b66.jpg,no_defect,train
data/splits_metal/ae_train/severstal_bec57156d.jpg,no_defect,train
data/splits_metal/ae_train/severstal_27ff1f9f7.jpg,no_defect,train
data/splits_metal/ae_train/severstal_1f15d197c.jpg,no_defect,train
data/splits_metal/yolo_train/severstal_78416c3d0.jpg,scratch,train
data/splits_metal/ae_train/severstal_24a03ba27.jpg,no_defect,train
data/splits_metal/ae_train/severstal_6c688cacc.jpg,no_defect,train
data/splits_metal/yolo_train/severstal_65b6e175c.jpg,scratch,train
data/splits_metal/yolo_train/severstal_1ab7b5ed2.jpg,scratch,train
data/splits_metal/ae_train/severstal_789847732.jpg,no_defect,train
data/splits_metal/yolo_train/severstal_81b6f3cca.jpg,inclusion,train
data/splits_metal/ae_train/severstal_b02923eea.jpg,no_defect,train
data/splits_metal/ae_train/severstal_ae9a759a1.jpg,no_defect,train
data/splits_metal/yolo_train/severstal_a689f4047.jpg,pitting,train
data/splits_metal/yolo_train/severstal_248585a26.jpg,patch,train
data/splits_metal/ae_train/severstal_d25e4bddc.jpg,no_defect,train
data/splits_metal/yolo_val/severstal_bb6c5d50f.jpg,scratch,train
data/splits_metal/ae_train/severstal_7afabbb19.jpg,no_defect,train
data/splits_metal/ae_train/severstal_57ab2cf83.jpg,no_defect,train
data/splits_metal/yolo_train/severstal_b941e37d2.jpg,patch,train
data/splits_metal/yolo_train/severstal_5f121bfff.jpg,scratch,train
data/splits_metal/yolo_train/severstal_e9a938877.jpg,inclusion,train
data/splits_metal/yolo_train/severstal_5545e4b0f.jpg,patch,train
data/splits_metal/ae_train/severstal_ca19b9c48.jpg,no_defect,train
data/splits_metal/ae_train/severstal_75731cda9.jpg,no_defect,train
data/splits_metal/ae_train/severstal_d3ba7a242.jpg,no_defect,train
data/splits_metal/ae_train/severstal_bfe812911.jpg,no_defect,train
data/splits_metal/ae_train/severstal_8981bc1ff.jpg,no_defect,train
data/splits_metal/ae_train/severstal_1014162c3.jpg,no_defect,train
data/splits_metal/yolo_train/severstal_e23f2d103.jpg,patch,train
data/splits_metal/ae_train/severstal_7a497f486.jpg,no_defect,train
data/splits_metal/ae_train/severstal_fb22747f2.jpg,no_defect,train
data/splits_metal/yolo_train/severstal_093ec1c68.jpg,scratch,train
data/splits_metal/ae_train/severstal_073f2a466.jpg,no_defect,train
data/splits_metal/yolo_train/severstal_653a31140.jpg,scratch,train
data/splits_metal/yolo_train/severstal_114e89e60.jpg,scratch,train
data/splits_metal/yolo_train/severstal_8417eb22d.jpg,scratch,train
data/splits_metal/yolo_val/severstal_2fe9f78c9.jpg,scratch,train
data/splits_metal/yolo_train/severstal_7b4bd28b5.jpg,scratch,train
data/splits_metal/yolo_train/severstal_604e200e1.jpg,scratch,train
data/splits_metal/yolo_train/severstal_8ad6069fe.jpg,scratch,train
data/splits_metal/yolo_val/severstal_e6bf58db7.jpg,scratch,train
data/splits_metal/ae_train/severstal_245977e7d.jpg,no_defect,train
data/splits_metal/ae_train/severstal_325794217.jpg,no_defect,train
data/splits_metal/yolo_val/severstal_636852a01.jpg,scratch,train
data/splits_metal/yolo_train/severstal_c4dc92ef9.jpg,scratch,train
data/splits_metal/yolo_train/severstal_7fe4674f9.jpg,scratch,train
data/splits_metal/yolo_train/severstal_6fd820bb6.jpg,scratch,train
data/splits_metal/ae_train/severstal_c94938299.jpg,no_defect,train
data/splits_metal/yolo_train/severstal_df5c68422.jpg,scratch,train
data/splits_metal/ae_train/severstal_b4c840216.jpg,no_defect,train
data/splits_metal/yolo_train/severstal_5852e61b5.jpg,scratch,train
data/splits_metal/ae_train/severstal_0549ad8ba.jpg,no_defect,train
data/splits_metal/ae_train/severstal_c6bbd2e4f.jpg,no_defect,train
data/splits_metal/yolo_val/severstal_b0bd510db.jpg,patch,train
data/splits_metal/ae_train/severstal_2175f9bcf.jpg,no_defect,train
data/splits_metal/ae_train/severstal_3773d544e.jpg,no_defect,train
data/splits_metal/yolo_train/severstal_69d546af3.jpg,scratch,train
data/splits_metal/ae_train/severstal_9e3aec0e0.jpg,no_defect,train
data/splits_metal/ae_train/severstal_579e764a7.jpg,no_defect,train
data/splits_metal/ae_train/severstal_cc2a3d558.jpg,no_defect,train
data/splits_metal/ae_train/severstal_7caecb871.jpg,no_defect,train
data/splits_metal/yolo_train/severstal_43f6a4177.jpg,patch,train
data/splits_metal/yolo_train/severstal_e89d1f0d8.jpg,scratch,train
data/splits_metal/yolo_train/severstal_774400958.jpg,scratch,train
data/splits_metal/yolo_train/severstal_b19603805.jpg,patch,train
data/splits_metal/yolo_train/severstal_1501f53a2.jpg,scratch,train
data/splits_metal/ae_train/severstal_0fe38037f.jpg,no_defect,train
data/splits_metal/yolo_train/severstal_18aa8af7c.jpg,scratch,train
data/splits_metal/yolo_train/severstal_bd4957b80.jpg,patch,train
data/splits_metal/yolo_train/severstal_88646d398.jpg,scratch,train
data/splits_metal/ae_train/severstal_6e8ae20f1.jpg,no_defect,train
data/splits_metal/yolo_train/severstal_a4d22b821.jpg,patch,train
data/splits_metal/yolo_train/severstal_2247fd7f0.jpg,scratch,train
data/splits_metal/ae_train/severstal_ea497a14e.jpg,no_defect,train
data/splits_metal/ae_train/severstal_4a4c18443.jpg,no_defect,train
data/splits_metal/ae_train/severstal_60f9e221f.jpg,no_defect,train
data/splits_metal/yolo_train/severstal_649890305.jpg,scratch,train
data/splits_metal/yolo_val/severstal_67a9dd552.jpg,inclusion,train
data/splits_metal/ae_train/severstal_78c446574.jpg,no_defect,train
data/splits_metal/yolo_train/severstal_a5eb02ff0.jpg,scratch,train
data/splits_metal/yolo_train/severstal_e863b1467.jpg,scratch,train
data/splits_metal/yolo_val/severstal_7fc9cb824.jpg,scratch,train
data/splits_metal/yolo_train/severstal_172e692e1.jpg,scratch,train
data/splits_metal/yolo_train/severstal_0be9bad7b.jpg,patch,train
data/splits_metal/ae_train/severstal_927c96c9c.jpg,no_defect,train
data/splits_metal/ae_train/severstal_ebde18416.jpg,no_defect,train
data/splits_metal/yolo_train/severstal_2929284cc.jpg,scratch,train
data/splits_metal/yolo_val/severstal_8f567296c.jpg,scratch,train
data/splits_metal/ae_train/severstal_9f8f010ab.jpg,no_defect,train
data/splits_metal/ae_train/severstal_09627b1bf.jpg,no_defect,train
data/splits_metal/ae_train/severstal_43e4e9def.jpg,no_defect,train
data/splits_metal/yolo_train/severstal_11bda65f0.jpg,scratch,train
data/splits_metal/ae_train/severstal_27116d428.jpg,no_defect,train
data/splits_metal/yolo_train/severstal_1c493aed1.jpg,scratch,train
data/splits_metal/ae_train/severstal_3847cd5a0.jpg,no_defect,train
data/splits_metal/ae_train/severstal_816b49863.jpg,no_defect,train
data/splits_metal/ae_train/severstal_b5e9007e5.jpg,no_defect,train
data/splits_metal/yolo_train/severstal_137b5546d.jpg,scratch,train
data/splits_metal/ae_train/severstal_4c9408c95.jpg,no_defect,train
data/splits_metal/ae_train/severstal_d47afce21.jpg,no_defect,train
data/splits_metal/yolo_train/severstal_d178f1c42.jpg,scratch,train
data/splits_metal/ae_train/severstal_f605d5ede.jpg,no_defect,train
data/splits_metal/ae_train/severstal_12d720737.jpg,no_defect,train
data/splits_metal/yolo_train/severstal_e6fd24165.jpg,scratch,train
data/splits_metal/yolo_train/severstal_bbd1b8f11.jpg,scratch,train
data/splits_metal/yolo_val/severstal_6714ba056.jpg,scratch,train
data/splits_metal/yolo_val/severstal_4ab8a2a13.jpg,scratch,train
data/splits_metal/ae_train/severstal_e9bb31483.jpg,no_defect,train
data/splits_metal/ae_train/severstal_2bdb08a09.jpg,no_defect,train
data/splits_metal/ae_train/severstal_175a25522.jpg,no_defect,train
data/splits_metal/yolo_val/severstal_cb7c34c05.jpg,pitting,train
data/splits_metal/ae_train/severstal_6bb12c4ad.jpg,no_defect,train
data/splits_metal/yolo_train/severstal_dec7344c8.jpg,pitting,train
data/splits_metal/yolo_val/severstal_acb2ad63d.jpg,scratch,train
data/splits_metal/ae_train/severstal_74b9e429d.jpg,no_defect,train
data/splits_metal/ae_train/severstal_a22a90fc0.jpg,no_defect,train
data/splits_metal/ae_train/severstal_888e8c4b4.jpg,no_defect,train
data/splits_metal/ae_train/severstal_3f6719446.jpg,no_defect,train
data/splits_metal/ae_train/severstal_22f4a9477.jpg,no_defect,train
data/splits_metal/yolo_train/severstal_2eff528e8.jpg,scratch,train
data/splits_metal/yolo_val/severstal_67d475776.jpg,scratch,train
data/splits_metal/ae_train/severstal_1e3328de6.jpg,no_defect,train
data/splits_metal/yolo_train/severstal_a434d334f.jpg,scratch,train
data/splits_metal/yolo_train/severstal_47c24f230.jpg,pitting,train
data/splits_metal/yolo_train/severstal_d482f0159.jpg,patch,train
data/splits_metal/ae_train/severstal_bc2185ce3.jpg,no_defect,train
data/splits_metal/yolo_train/severstal_f4495532f.jpg,patch,train
data/splits_metal/yolo_train/severstal_f8f942505.jpg,scratch,train
data/splits_metal/yolo_train/severstal_08a1a079b.jpg,pitting,train
data/splits_metal/ae_train/severstal_4d5d2405d.jpg,no_defect,train
data/splits_metal/yolo_train/severstal_70279ce5b.jpg,scratch,train
data/splits_metal/yolo_train/severstal_cd7d5af6d.jpg,scratch,train
data/splits_metal/ae_train/severstal_2ef48ec18.jpg,no_defect,train
data/splits_metal/yolo_val/severstal_1ad82d66a.jpg,scratch,train
data/splits_metal/ae_train/severstal_e5a19c1ea.jpg,no_defect,train
data/splits_metal/yolo_train/severstal_81f75d1b5.jpg,scratch,train
data/splits_metal/ae_train/severstal_47ee54ab1.jpg,no_defect,train
data/splits_metal/yolo_train/severstal_d04e02d1f.jpg,patch,train
data/splits_metal/yolo_train/severstal_f514de546.jpg,scratch,train
data/splits_metal/ae_train/severstal_e7c8bb535.jpg,no_defect,train
data/splits_metal/yolo_train/severstal_15547c309.jpg,scratch,train
data/splits_metal/yolo_train/severstal_905328741.jpg,scratch,train
data/splits_metal/ae_train/severstal_157b414cc.jpg,no_defect,train
data/splits_metal/ae_train/severstal_c59bddadd.jpg,no_defect,train
data/splits_metal/yolo_train/severstal_1f06bd0a5.jpg,pitting,train
data/splits_metal/ae_train/severstal_8578375b5.jpg,no_defect,train
data/splits_metal/ae_train/severstal_0da6615e7.jpg,no_defect,train
data/splits_metal/yolo_val/severstal_30ed4ed02.jpg,patch,train
data/splits_metal/yolo_train/severstal_ec3fe85d6.jpg,patch,train
data/splits_metal/ae_train/severstal_9c01e6441.jpg,no_defect,train
data/splits_metal/yolo_train/severstal_2490c490c.jpg,scratch,train
data/splits_metal/yolo_train/severstal_a152690b6.jpg,scratch,train
data/splits_metal/ae_train/severstal_e90bfe49b.jpg,no_defect,train
data/splits_metal/ae_train/severstal_d3f297e2d.jpg,no_defect,train
data/splits_metal/ae_train/severstal_7675aa321.jpg,no_defect,train
data/splits_metal/ae_train/severstal_a933c0101.jpg,no_defect,train
data/splits_metal/ae_train/severstal_3b3daeb1b.jpg,no_defect,train
data/splits_metal/yolo_train/severstal_c5615e977.jpg,scratch,train
data/splits_metal/yolo_val/severstal_933e1967c.jpg,scratch,train
data/splits_metal/yolo_train/severstal_3c9b7b316.jpg,scratch,train
data/splits_metal/yolo_train/severstal_26c1fc24e.jpg,scratch,train
data/splits_metal/yolo_train/severstal_ec9f97e66.jpg,pitting,train
data/splits_metal/ae_train/severstal_ffd0223a7.jpg,no_defect,train
data/splits_metal/yolo_train/severstal_d3ef0c943.jpg,scratch,train
data/splits_metal/yolo_train/severstal_dff8ecef4.jpg,pitting,train
data/splits_metal/ae_train/severstal_771ca6885.jpg,no_defect,train
data/splits_metal/yolo_train/severstal_bc395145e.jpg,scratch,train
data/splits_metal/yolo_val/severstal_fb9a07c8f.jpg,inclusion,train
data/splits_metal/ae_train/severstal_efcf1ddbe.jpg,no_defect,train
data/splits_metal/ae_train/severstal_11b3d69a1.jpg,no_defect,train
data/splits_metal/ae_train/severstal_a9bc755fe.jpg,no_defect,train
data/splits_metal/ae_train/severstal_4c81f867f.jpg,no_defect,train
data/splits_metal/ae_train/severstal_f34262e93.jpg,no_defect,train
data/splits_metal/yolo_val/severstal_e03bf53d8.jpg,scratch,train
data/splits_metal/yolo_train/severstal_a88757126.jpg,scratch,train
data/splits_metal/ae_train/severstal_59b5007ed.jpg,no_defect,train
data/splits_metal/ae_train/severstal_a42786f51.jpg,no_defect,train
data/splits_metal/yolo_train/severstal_e9c57b010.jpg,patch,train
data/splits_metal/yolo_train/severstal_976a6c529.jpg,scratch,train
data/splits_metal/yolo_val/severstal_be3b49756.jpg,patch,train
data/splits_metal/ae_train/severstal_402e76b04.jpg,no_defect,train
data/splits_metal/yolo_train/severstal_672a24d19.jpg,scratch,train
data/splits_metal/yolo_train/severstal_3b1479719.jpg,scratch,train
data/splits_metal/yolo_train/severstal_4accda000.jpg,scratch,train
data/splits_metal/ae_train/severstal_87ffa6b72.jpg,no_defect,train
data/splits_metal/ae_train/severstal_90ed657c6.jpg,no_defect,train
data/splits_metal/ae_train/severstal_70da511d4.jpg,no_defect,train
data/splits_metal/ae_train/severstal_6a2cc27b6.jpg,no_defect,train
data/splits_metal/ae_train/severstal_009b12ccc.jpg,no_defect,train
data/splits_metal/yolo_val/severstal_29d83d9ce.jpg,scratch,train
data/splits_metal/ae_train/severstal_711dfcaa1.jpg,no_defect,train
data/splits_metal/yolo_val/severstal_3de1a29d8.jpg,scratch,train
data/splits_metal/ae_train/severstal_3a783fae3.jpg,no_defect,train
data/splits_metal/ae_train/severstal_2a91edbe9.jpg,no_defect,train
data/splits_metal/yolo_train/severstal_1387583da.jpg,scratch,train
data/splits_metal/yolo_train/severstal_8b6cfcf35.jpg,scratch,train
data/splits_metal/yolo_train/severstal_d7dba3a05.jpg,scratch,train
data/splits_metal/ae_train/severstal_7dfa03913.jpg,no_defect,train
data/splits_metal/yolo_val/severstal_f45b2b2b0.jpg,scratch,train
data/splits_metal/ae_train/severstal_81314abfb.jpg,no_defect,train
data/splits_metal/yolo_train/severstal_1664d4b17.jpg,scratch,train
data/splits_metal/yolo_val/severstal_1efdd626e.jpg,pitting,train
data/splits_metal/yolo_train/severstal_052cc2a0f.jpg,patch,train
data/splits_metal/yolo_train/severstal_96ad2b246.jpg,scratch,train
data/splits_metal/ae_train/severstal_695eeab4e.jpg,no_defect,train
data/splits_metal/ae_train/severstal_e44250e76.jpg,no_defect,train
data/splits_metal/ae_train/severstal_d1517f67e.jpg,no_defect,train
data/splits_metal/yolo_train/severstal_2df1da5bd.jpg,scratch,train
data/splits_metal/ae_train/severstal_2de8838e1.jpg,no_defect,train
data/splits_metal/ae_train/severstal_6e91d0773.jpg,no_defect,train
data/splits_metal/yolo_train/severstal_1be84c6a7.jpg,scratch,train
data/splits_metal/yolo_train/severstal_6395f8bf1.jpg,pitting,train
data/splits_metal/yolo_train/severstal_dd74ce9d1.jpg,patch,train
data/splits_metal/ae_train/severstal_f16c5b437.jpg,no_defect,train
data/splits_metal/yolo_val/severstal_a470f2761.jpg,pitting,train
data/splits_metal/yolo_train/severstal_c62da61d8.jpg,scratch,train
data/splits_metal/ae_train/severstal_03216ed91.jpg,no_defect,train
data/splits_metal/yolo_val/severstal_89d73890d.jpg,scratch,train
data/splits_metal/yolo_train/severstal_1ada6a7ac.jpg,scratch,train
data/splits_metal/yolo_val/severstal_c057d7bc1.jpg,scratch,train
data/splits_metal/ae_train/severstal_989eff877.jpg,no_defect,train
data/splits_metal/yolo_train/severstal_9663d6a79.jpg,scratch,train
data/splits_metal/yolo_val/severstal_270f5361d.jpg,scratch,train
data/splits_metal/ae_train/severstal_dd3bf4f47.jpg,no_defect,train
data/splits_metal/ae_train/severstal_51f4e04c6.jpg,no_defect,train
data/splits_metal/yolo_val/severstal_24c9c291d.jpg,scratch,train
data/splits_metal/ae_train/severstal_aa0ab8bf3.jpg,no_defect,train
data/splits_metal/yolo_train/severstal_aefd662e5.jpg,scratch,train
data/splits_metal/yolo_train/severstal_7d84f4365.jpg,scratch,train
data/splits_metal/yolo_train/severstal_1259fbac8.jpg,scratch,train
data/splits_metal/yolo_train/severstal_c51011137.jpg,scratch,train
data/splits_metal/yolo_train/severstal_6846b82fa.jpg,scratch,train
data/splits_metal/ae_train/severstal_372bfd346.jpg,no_defect,train
data/splits_metal/yolo_val/severstal_949a23e72.jpg,patch,train
data/splits_metal/yolo_train/severstal_0929b3d8f.jpg,scratch,train
data/splits_metal/yolo_val/severstal_726cff75f.jpg,scratch,train
data/splits_metal/ae_train/severstal_6d4bc1b08.jpg,no_defect,train
data/splits_metal/ae_train/severstal_d60caeae2.jpg,no_defect,train
data/splits_metal/yolo_train/severstal_9b1abd245.jpg,patch,train
data/splits_metal/ae_train/severstal_aa9762436.jpg,no_defect,train
data/splits_metal/yolo_val/severstal_9eace863c.jpg,scratch,train
data/splits_metal/ae_train/severstal_a9b58a3b9.jpg,no_defect,train
data/splits_metal/yolo_train/severstal_c916658f1.jpg,scratch,train
data/splits_metal/ae_train/severstal_8acb40548.jpg,no_defect,train
data/splits_metal/ae_train/severstal_f2cc60a91.jpg,no_defect,train
data/splits_metal/ae_train/severstal_1d895ec3d.jpg,no_defect,train
data/splits_metal/ae_train/severstal_b3af1181e.jpg,no_defect,train
data/splits_metal/yolo_val/severstal_09c967630.jpg,scratch,train
data/splits_metal/yolo_train/severstal_614a8349b.jpg,scratch,train
data/splits_metal/yolo_train/severstal_b3a8bd174.jpg,inclusion,train
data/splits_metal/ae_train/severstal_6f90ada6e.jpg,no_defect,train
data/splits_metal/yolo_val/severstal_84beeb839.jpg,scratch,train
data/splits_metal/yolo_train/severstal_349be04dc.jpg,pitting,train
data/splits_metal/yolo_val/severstal_8f76dd4ec.jpg,scratch,train
data/splits_metal/ae_train/severstal_522f217cb.jpg,no_defect,train
data/splits_metal/yolo_train/severstal_a49cff42b.jpg,scratch,train
data/splits_metal/yolo_train/severstal_4345db2fc.jpg,scratch,train
data/splits_metal/yolo_train/severstal_c3206fb3c.jpg,scratch,train
data/splits_metal/ae_train/severstal_0384b81f8.jpg,no_defect,train
data/splits_metal/yolo_train/severstal_3860f3d39.jpg,patch,train
data/splits_metal/ae_train/severstal_538ed855c.jpg,no_defect,train
data/splits_metal/yolo_train/severstal_183dbcde4.jpg,scratch,train
data/splits_metal/yolo_val/severstal_282cd397d.jpg,patch,train
data/splits_metal/ae_train/severstal_ac3895afd.jpg,no_defect,train
data/splits_metal/yolo_val/severstal_a5f996baa.jpg,scratch,train
data/splits_metal/yolo_train/severstal_2453b68e2.jpg,scratch,train
data/splits_metal/yolo_train/severstal_dd441d6a0.jpg,scratch,train
data/splits_metal/ae_train/severstal_a36e53e97.jpg,no_defect,train
data/splits_metal/ae_train/severstal_9b8365463.jpg,no_defect,train
data/splits_metal/ae_train/severstal_528e12579.jpg,no_defect,train
data/splits_metal/ae_train/severstal_c39185609.jpg,no_defect,train
data/splits_metal/ae_train/severstal_62c4f10d3.jpg,no_defect,train
data/splits_metal/ae_train/severstal_6c47f6194.jpg,no_defect,train
data/splits_metal/ae_train/severstal_a8b83f498.jpg,no_defect,train
data/splits_metal/ae_train/severstal_b266f6742.jpg,no_defect,train
data/splits_metal/yolo_train/severstal_9fed72af4.jpg,scratch,train
data/splits_metal/ae_train/severstal_57e4c23bb.jpg,no_defect,train
data/splits_metal/yolo_train/severstal_653655d53.jpg,pitting,train
data/splits_metal/yolo_train/severstal_1483bc52d.jpg,scratch,train
data/splits_metal/yolo_train/severstal_c57607580.jpg,scratch,train
data/splits_metal/yolo_val/severstal_5cbfcc4dd.jpg,scratch,train
data/splits_metal/ae_train/severstal_4cd9bef81.jpg,no_defect,train
data/splits_metal/ae_train/severstal_0fd52bd83.jpg,no_defect,train
data/splits_metal/ae_train/severstal_fb49750e4.jpg,no_defect,train
data/splits_metal/yolo_train/severstal_7c7f040ca.jpg,scratch,train
data/splits_metal/yolo_train/severstal_44a2e6e51.jpg,scratch,train
data/splits_metal/yolo_train/severstal_2467e2b6e.jpg,scratch,train
data/splits_metal/yolo_train/severstal_6e4a1d647.jpg,pitting,train
data/splits_metal/ae_train/severstal_632afd007.jpg,no_defect,train
data/splits_metal/yolo_train/severstal_c6d3371a8.jpg,pitting,train
data/splits_metal/yolo_train/severstal_55303df62.jpg,scratch,train
data/splits_metal/ae_train/severstal_30c6257c6.jpg,no_defect,train
data/splits_metal/ae_train/severstal_72322fc23.jpg,no_defect,train
data/splits_metal/ae_train/severstal_aa3632918.jpg,no_defect,train
data/splits_metal/ae_train/severstal_4d39da061.jpg,no_defect,train
data/splits_metal/ae_train/severstal_ba12ba223.jpg,no_defect,train
data/splits_metal/ae_train/severstal_33fd408c6.jpg,no_defect,train
data/splits_metal/ae_train/severstal_9082e5906.jpg,no_defect,train
data/splits_metal/yolo_train/severstal_cb7a45fa6.jpg,scratch,train
data/splits_metal/yolo_val/severstal_6233c9643.jpg,scratch,train
data/splits_metal/yolo_val/severstal_dd72a8eef.jpg,scratch,train
data/splits_metal/yolo_train/severstal_1d56ccf70.jpg,scratch,train
data/splits_metal/ae_train/severstal_18262cbbb.jpg,no_defect,train
data/splits_metal/ae_train/severstal_a8fc850dc.jpg,no_defect,train
data/splits_metal/yolo_val/severstal_432f8ce39.jpg,scratch,train
data/splits_metal/ae_train/severstal_faa053217.jpg,no_defect,train
data/splits_metal/ae_train/severstal_c8157d623.jpg,no_defect,train
data/splits_metal/yolo_train/severstal_c2ad68694.jpg,scratch,train
data/splits_metal/yolo_train/severstal_39960c9e9.jpg,patch,train
data/splits_metal/ae_train/severstal_28eea1b0a.jpg,no_defect,train
data/splits_metal/ae_train/severstal_de8913f2c.jpg,no_defect,train
data/splits_metal/yolo_val/severstal_fcea4a36f.jpg,scratch,train
data/splits_metal/yolo_train/severstal_ac5de187a.jpg,scratch,train
data/splits_metal/yolo_val/severstal_1bb1e1055.jpg,scratch,train
data/splits_metal/ae_train/severstal_c15b58daf.jpg,no_defect,train
data/splits_metal/yolo_train/severstal_d75a84b44.jpg,scratch,train
data/splits_metal/ae_train/severstal_02449f836.jpg,no_defect,train
data/splits_metal/yolo_train/severstal_e4fe95209.jpg,scratch,train
data/splits_metal/yolo_val/severstal_87e27ae0a.jpg,scratch,train
data/splits_metal/yolo_train/severstal_61b4b7771.jpg,scratch,train
data/splits_metal/yolo_train/severstal_6de9ff56a.jpg,scratch,train
data/splits_metal/yolo_train/severstal_78c34b020.jpg,scratch,train
data/splits_metal/yolo_train/severstal_c4aeca424.jpg,scratch,train
data/splits_metal/ae_train/severstal_89472ccc3.jpg,no_defect,train
data/splits_metal/ae_train/severstal_80385ffeb.jpg,no_defect,train
data/splits_metal/yolo_train/severstal_56011ad29.jpg,patch,train
data/splits_metal/yolo_train/severstal_7e62bc462.jpg,scratch,train
data/splits_metal/ae_train/severstal_7ca829ecd.jpg,no_defect,train
data/splits_metal/yolo_train/severstal_dfbd6656a.jpg,scratch,train
data/splits_metal/yolo_val/severstal_df983abed.jpg,scratch,train
data/splits_metal/ae_train/severstal_2dd1084fb.jpg,no_defect,train
data/splits_metal/ae_train/severstal_00dcb19f3.jpg,no_defect,train
data/splits_metal/ae_train/severstal_2fe5addf2.jpg,no_defect,train
data/splits_metal/yolo_val/severstal_73ebd716c.jpg,scratch,train
data/splits_metal/yolo_train/severstal_5e2aaff78.jpg,scratch,train
data/splits_metal/yolo_train/severstal_5ec80000e.jpg,scratch,train
data/splits_metal/yolo_train/severstal_397c6e139.jpg,scratch,train
data/splits_metal/ae_train/severstal_1058879b4.jpg,no_defect,train
data/splits_metal/ae_train/severstal_fdb71f007.jpg,no_defect,train
data/splits_metal/yolo_train/severstal_cba39a205.jpg,scratch,train
data/splits_metal/ae_train/severstal_d85e86732.jpg,no_defect,train
data/splits_metal/yolo_train/severstal_ff001adfe.jpg,pitting,train
data/splits_metal/ae_train/severstal_6d5bc38ae.jpg,no_defect,train
data/splits_metal/ae_train/severstal_972837f87.jpg,no_defect,train
data/splits_metal/ae_train/severstal_742b24ac9.jpg,no_defect,train
data/splits_metal/yolo_train/severstal_0a8306bfe.jpg,scratch,train
data/splits_metal/yolo_train/severstal_2d94df675.jpg,scratch,train
data/splits_metal/yolo_train/severstal_45d8e1473.jpg,scratch,train
data/splits_metal/ae_train/severstal_d8be02bfa.jpg,no_defect,train
data/splits_metal/ae_train/severstal_6d3d4b369.jpg,no_defect,train
data/splits_metal/yolo_train/severstal_1d694b8dc.jpg,scratch,train
data/splits_metal/yolo_train/severstal_08b10468d.jpg,patch,train
data/splits_metal/yolo_val/severstal_3b35a1f8e.jpg,patch,train
data/splits_metal/yolo_train/severstal_b5967f1ce.jpg,patch,train
data/splits_metal/yolo_train/severstal_7f08f6d42.jpg,scratch,train
data/splits_metal/ae_train/severstal_41ab65e3f.jpg,no_defect,train
data/splits_metal/yolo_train/severstal_689af3e16.jpg,scratch,train
data/splits_metal/ae_train/severstal_3b4749f2c.jpg,no_defect,train
data/splits_metal/yolo_train/severstal_cbdb0828d.jpg,pitting,train
data/splits_metal/ae_train/severstal_a9e5fc9ff.jpg,no_defect,train
data/splits_metal/ae_train/severstal_5d070ece7.jpg,no_defect,train
data/splits_metal/ae_train/severstal_7ba45f594.jpg,no_defect,train
data/splits_metal/yolo_train/severstal_b732ea1f3.jpg,scratch,train
data/splits_metal/ae_train/severstal_b05584f2f.jpg,no_defect,train
data/splits_metal/yolo_train/severstal_f2444c793.jpg,pitting,train
data/splits_metal/yolo_val/severstal_8a7eddd78.jpg,scratch,train
data/splits_metal/yolo_train/severstal_e74cf51d9.jpg,scratch,train
data/splits_metal/yolo_val/severstal_33c961de1.jpg,scratch,train
data/splits_metal/yolo_val/severstal_97bbf0668.jpg,scratch,train
data/splits_metal/yolo_train/severstal_c83b606d1.jpg,pitting,train
data/splits_metal/yolo_train/severstal_fbbd2ed0d.jpg,pitting,train
data/splits_metal/yolo_val/severstal_de087910f.jpg,scratch,train
data/splits_metal/ae_train/severstal_ca3a80cea.jpg,no_defect,train
data/splits_metal/yolo_train/severstal_38f4e6d5a.jpg,scratch,train
data/splits_metal/ae_train/severstal_4fda927f8.jpg,no_defect,train
data/splits_metal/yolo_val/severstal_084e8ba74.jpg,scratch,train
data/splits_metal/yolo_train/severstal_c802d3e11.jpg,scratch,train
data/splits_metal/yolo_val/severstal_8248c9b1d.jpg,patch,train
data/splits_metal/ae_train/severstal_414b98504.jpg,no_defect,train
data/splits_metal/ae_train/severstal_6e29dc790.jpg,no_defect,train
data/splits_metal/ae_train/severstal_dc5e7f2c8.jpg,no_defect,train
data/splits_metal/ae_train/severstal_ea64f7fc8.jpg,no_defect,train
data/splits_metal/yolo_train/severstal_85294cff9.jpg,inclusion,train
data/splits_metal/yolo_val/severstal_eb81bea67.jpg,scratch,train
data/splits_metal/yolo_train/severstal_c9091ca20.jpg,scratch,train
data/splits_metal/yolo_train/severstal_edd2ff0dd.jpg,scratch,train
data/splits_metal/yolo_val/severstal_3b58d7324.jpg,pitting,train
data/splits_metal/ae_train/severstal_9d0c9812c.jpg,no_defect,train
data/splits_metal/ae_train/severstal_6e72a5bbc.jpg,no_defect,train
data/splits_metal/ae_train/severstal_db9a5ede4.jpg,no_defect,train
data/splits_metal/ae_train/severstal_c92d43a0f.jpg,no_defect,train
data/splits_metal/ae_train/severstal_7bc7f1f6e.jpg,no_defect,train
data/splits_metal/ae_train/severstal_81cec825e.jpg,no_defect,train
data/splits_metal/ae_train/severstal_2b56830b9.jpg,no_defect,train
data/splits_metal/ae_train/severstal_3151a23ab.jpg,no_defect,train
data/splits_metal/ae_train/severstal_86d2497e3.jpg,no_defect,train
data/splits_metal/yolo_val/severstal_8478415cf.jpg,scratch,train
data/splits_metal/yolo_train/severstal_e7758b305.jpg,pitting,train
data/splits_metal/yolo_val/severstal_174af9fd6.jpg,scratch,train
data/splits_metal/yolo_train/severstal_5ba7d0f08.jpg,scratch,train
data/splits_metal/yolo_train/severstal_d407563d4.jpg,scratch,train
data/splits_metal/ae_train/severstal_bac478920.jpg,no_defect,train
data/splits_metal/ae_train/severstal_9eea99817.jpg,no_defect,train
data/splits_metal/ae_train/severstal_cd78d5408.jpg,no_defect,train
data/splits_metal/yolo_train/severstal_c7edb8625.jpg,scratch,train
data/splits_metal/ae_train/severstal_bbe2a369a.jpg,no_defect,train
data/splits_metal/yolo_train/severstal_cf48232c6.jpg,patch,train
data/splits_metal/yolo_train/severstal_214b9bd1a.jpg,scratch,train
data/splits_metal/yolo_train/severstal_b98f3f3b7.jpg,scratch,train
data/splits_metal/ae_train/severstal_e47028cb2.jpg,no_defect,train
data/splits_metal/yolo_train/severstal_2c956317b.jpg,pitting,train
data/splits_metal/yolo_train/severstal_17b384c3e.jpg,scratch,train
data/splits_metal/ae_train/severstal_2aeb8dbd6.jpg,no_defect,train
data/splits_metal/yolo_train/severstal_990d967ad.jpg,scratch,train
data/splits_metal/ae_train/severstal_ae5cdf4ea.jpg,no_defect,train
data/splits_metal/ae_train/severstal_4866bcfd7.jpg,no_defect,train
data/splits_metal/ae_train/severstal_848fefb19.jpg,no_defect,train
data/splits_metal/yolo_train/severstal_ad8ffec02.jpg,scratch,train
data/splits_metal/ae_train/severstal_ac1a64a23.jpg,no_defect,train
data/splits_metal/yolo_train/severstal_65d3d7a0c.jpg,scratch,train
data/splits_metal/ae_train/severstal_ce330fd8a.jpg,no_defect,train
data/splits_metal/ae_train/severstal_6febbeb1e.jpg,no_defect,train
data/splits_metal/yolo_train/severstal_76094e200.jpg,scratch,train
data/splits_metal/ae_train/severstal_05431e2d2.jpg,no_defect,train
data/splits_metal/yolo_train/severstal_c34f14586.jpg,scratch,train
data/splits_metal/yolo_train/severstal_856f0b6bd.jpg,scratch,train
data/splits_metal/yolo_train/severstal_763402396.jpg,scratch,train
data/splits_metal/yolo_train/severstal_c62ca3c1f.jpg,scratch,train
data/splits_metal/yolo_train/severstal_2283f2183.jpg,scratch,train
data/splits_metal/ae_train/severstal_1065b4d64.jpg,no_defect,train
data/splits_metal/ae_train/severstal_362970934.jpg,no_defect,train
data/splits_metal/yolo_train/severstal_c6510fb5a.jpg,scratch,train
data/splits_metal/yolo_train/severstal_5574a47da.jpg,scratch,train
data/splits_metal/yolo_train/severstal_a6195e2d6.jpg,patch,train
data/splits_metal/yolo_train/severstal_7a5fae002.jpg,scratch,train
data/splits_metal/ae_train/severstal_311a05f93.jpg,no_defect,train
data/splits_metal/ae_train/severstal_e7016d2fe.jpg,no_defect,train
data/splits_metal/ae_train/severstal_0f3528f69.jpg,no_defect,train
data/splits_metal/yolo_val/severstal_bbfdbc490.jpg,scratch,train
data/splits_metal/ae_train/severstal_d43429032.jpg,no_defect,train
data/splits_metal/yolo_val/severstal_e9f4baa36.jpg,pitting,train
data/splits_metal/yolo_train/severstal_ff4ddccf9.jpg,scratch,train
data/splits_metal/yolo_train/severstal_4c8759dd0.jpg,scratch,train
data/splits_metal/yolo_val/severstal_8364a4654.jpg,scratch,train
data/splits_metal/yolo_train/severstal_a9eed3b01.jpg,scratch,train
data/splits_metal/ae_train/severstal_75f910862.jpg,no_defect,train
data/splits_metal/yolo_train/severstal_8eb422b05.jpg,pitting,train
data/splits_metal/ae_train/severstal_70b9a5566.jpg,no_defect,train
data/splits_metal/ae_train/severstal_dc0fc027e.jpg,no_defect,train
data/splits_metal/ae_train/severstal_ce7dd1fac.jpg,no_defect,train
data/splits_metal/yolo_val/severstal_fffe98443.jpg,scratch,train
data/splits_metal/ae_train/severstal_12d1056a2.jpg,no_defect,train
data/splits_metal/yolo_train/severstal_633701ae3.jpg,scratch,train
data/splits_metal/yolo_train/severstal_6100fae0f.jpg,pitting,train
data/splits_metal/ae_train/severstal_e9e95609c.jpg,no_defect,train
data/splits_metal/yolo_train/severstal_2be0229b6.jpg,scratch,train
data/splits_metal/ae_train/severstal_aa96b12e7.jpg,no_defect,train
data/splits_metal/yolo_val/severstal_7c95f2d2d.jpg,scratch,train
data/splits_metal/yolo_train/severstal_07c3d6d77.jpg,inclusion,train
data/splits_metal/ae_train/severstal_6377c76ee.jpg,no_defect,train
data/splits_metal/yolo_train/severstal_92ded43da.jpg,scratch,train
data/splits_metal/yolo_train/severstal_8484468e0.jpg,scratch,train
data/splits_metal/yolo_train/severstal_a9a5ac063.jpg,patch,train
data/splits_metal/ae_train/severstal_e850c3a86.jpg,no_defect,train
data/splits_metal/ae_train/severstal_2b91b6d20.jpg,no_defect,train
data/splits_metal/ae_train/severstal_34fb31821.jpg,no_defect,train
data/splits_metal/yolo_val/severstal_01764ee81.jpg,scratch,train
data/splits_metal/yolo_train/severstal_69c728b51.jpg,scratch,train
data/splits_metal/ae_train/severstal_bd60e8f14.jpg,no_defect,train
data/splits_metal/ae_train/severstal_f66000c01.jpg,no_defect,train
data/splits_metal/ae_train/severstal_3977fffae.jpg,no_defect,train
data/splits_metal/ae_train/severstal_a76c5d9d6.jpg,no_defect,train
data/splits_metal/yolo_train/severstal_c081bd8c5.jpg,scratch,train
data/splits_metal/ae_train/severstal_c8bb69681.jpg,no_defect,train
data/splits_metal/ae_train/severstal_18b1bb78a.jpg,no_defect,train
data/splits_metal/yolo_train/severstal_2e69715ac.jpg,scratch,train
data/splits_metal/ae_train/severstal_7b7a5e30e.jpg,no_defect,train
data/splits_metal/ae_train/severstal_c96f172ef.jpg,no_defect,train
data/splits_metal/ae_train/severstal_85c70f4b4.jpg,no_defect,train
data/splits_metal/ae_train/severstal_33f054f80.jpg,no_defect,train
data/splits_metal/ae_train/severstal_ce0697dee.jpg,no_defect,train
data/splits_metal/ae_train/severstal_601e77e84.jpg,no_defect,train
data/splits_metal/yolo_train/severstal_e5dfaf632.jpg,scratch,train
data/splits_metal/yolo_val/severstal_82be365ea.jpg,scratch,train
data/splits_metal/yolo_train/severstal_cf7dbc448.jpg,scratch,train
data/splits_metal/yolo_train/severstal_c9358e43f.jpg,scratch,train
data/splits_metal/yolo_train/severstal_b7d19b506.jpg,pitting,train
data/splits_metal/yolo_train/severstal_9db7cdc58.jpg,scratch,train
data/splits_metal/yolo_train/severstal_8ef6dc341.jpg,scratch,train
data/splits_metal/ae_train/severstal_b67f8e63f.jpg,no_defect,train
data/splits_metal/ae_train/severstal_2386e70a6.jpg,no_defect,train
data/splits_metal/yolo_train/severstal_36a3259fa.jpg,scratch,train
data/splits_metal/ae_train/severstal_6f5fbfb88.jpg,no_defect,train
data/splits_metal/yolo_train/severstal_205685883.jpg,inclusion,train
data/splits_metal/yolo_train/severstal_4bc13de99.jpg,scratch,train
data/splits_metal/ae_train/severstal_12630149a.jpg,no_defect,train
data/splits_metal/ae_train/severstal_7933cbe21.jpg,no_defect,train
data/splits_metal/yolo_train/severstal_4d0d86a96.jpg,scratch,train
data/splits_metal/ae_train/severstal_4d10e57c3.jpg,no_defect,train
data/splits_metal/ae_train/severstal_f2f69d7a4.jpg,no_defect,train
data/splits_metal/ae_train/severstal_f6c9b6570.jpg,no_defect,train
data/splits_metal/ae_train/severstal_b227847a3.jpg,no_defect,train
data/splits_metal/ae_train/severstal_530227cd2.jpg,no_defect,train
data/splits_metal/ae_train/severstal_5cd2125a9.jpg,no_defect,train
data/splits_metal/ae_train/severstal_03395a3da.jpg,no_defect,train
data/splits_metal/yolo_train/severstal_fe689cf0a.jpg,inclusion,train
data/splits_metal/ae_train/severstal_efbd9e66b.jpg,no_defect,train
data/splits_metal/ae_train/severstal_6100ef061.jpg,no_defect,train
data/splits_metal/ae_train/severstal_79a1e26f6.jpg,no_defect,train
data/splits_metal/ae_train/severstal_341952a36.jpg,no_defect,train
data/splits_metal/yolo_train/severstal_f08716423.jpg,scratch,train
data/splits_metal/yolo_train/severstal_33f5cdc5e.jpg,patch,train
data/splits_metal/ae_train/severstal_08fc8dc5d.jpg,no_defect,train
data/splits_metal/ae_train/severstal_982fa40b5.jpg,no_defect,train
data/splits_metal/ae_train/severstal_e7bfb9172.jpg,no_defect,train
data/splits_metal/ae_train/severstal_b4f5b36a3.jpg,no_defect,train
data/splits_metal/yolo_train/severstal_baca6503a.jpg,patch,train
data/splits_metal/yolo_train/severstal_5b188752b.jpg,scratch,train
data/splits_metal/ae_train/severstal_fc9557838.jpg,no_defect,train
data/splits_metal/ae_train/severstal_1a1380e4f.jpg,no_defect,train
data/splits_metal/ae_train/severstal_7b766d258.jpg,no_defect,train
data/splits_metal/ae_train/severstal_12d7ffca7.jpg,no_defect,train
data/splits_metal/yolo_train/severstal_37d48f05d.jpg,pitting,train
data/splits_metal/ae_train/severstal_14003a7d9.jpg,no_defect,train
data/splits_metal/ae_train/severstal_41c845aa9.jpg,no_defect,train
data/splits_metal/yolo_train/severstal_47d9b630e.jpg,scratch,train
data/splits_metal/ae_train/severstal_ec2ade8c1.jpg,no_defect,train
data/splits_metal/ae_train/severstal_7f98f8f6c.jpg,no_defect,train
data/splits_metal/ae_train/severstal_c99ffee7e.jpg,no_defect,train
data/splits_metal/ae_train/severstal_857e31e99.jpg,no_defect,train
data/splits_metal/yolo_train/severstal_5a96ebdcf.jpg,scratch,train
data/splits_metal/yolo_train/severstal_ab2b3d3d9.jpg,scratch,train
data/splits_metal/ae_train/severstal_7ff662abf.jpg,no_defect,train
data/splits_metal/yolo_train/severstal_6faf833c5.jpg,scratch,train
data/splits_metal/ae_train/severstal_7239fbdc1.jpg,no_defect,train
data/splits_metal/yolo_train/severstal_a0256a733.jpg,scratch,train
data/splits_metal/ae_train/severstal_26a8ac13a.jpg,no_defect,train
data/splits_metal/ae_train/severstal_09478d706.jpg,no_defect,train
data/splits_metal/yolo_train/severstal_0a9a7a6c7.jpg,scratch,train
data/splits_metal/yolo_val/severstal_398ff41cf.jpg,scratch,train
data/splits_metal/ae_train/severstal_e6866fc42.jpg,no_defect,train
data/splits_metal/yolo_train/severstal_69ac3c629.jpg,patch,train
data/splits_metal/yolo_train/severstal_ac8edd837.jpg,scratch,train
data/splits_metal/ae_train/severstal_8ee3a6508.jpg,no_defect,train
data/splits_metal/ae_train/severstal_a9ddaaca6.jpg,no_defect,train
data/splits_metal/ae_train/severstal_589ac5007.jpg,no_defect,train
data/splits_metal/yolo_train/severstal_8afa2aa27.jpg,scratch,train
data/splits_metal/yolo_train/severstal_74443f387.jpg,scratch,train
data/splits_metal/yolo_val/severstal_af0aad614.jpg,scratch,train
data/splits_metal/ae_train/severstal_cd170ba56.jpg,no_defect,train
data/splits_metal/ae_train/severstal_ae51109d0.jpg,no_defect,train
data/splits_metal/yolo_train/severstal_0141c9bf3.jpg,scratch,train
data/splits_metal/ae_train/severstal_a0ee68275.jpg,no_defect,train
data/splits_metal/ae_train/severstal_e06b62ce3.jpg,no_defect,train
data/splits_metal/ae_train/severstal_2af23562d.jpg,no_defect,train
data/splits_metal/yolo_train/severstal_dc46cd893.jpg,scratch,train
data/splits_metal/yolo_train/severstal_6f96a0814.jpg,inclusion,train
data/splits_metal/ae_train/severstal_378426794.jpg,no_defect,train
data/splits_metal/yolo_train/severstal_7604be5f3.jpg,scratch,train
data/splits_metal/yolo_train/severstal_d25356a51.jpg,scratch,train
data/splits_metal/ae_train/severstal_ee8e55668.jpg,no_defect,train
data/splits_metal/yolo_train/severstal_fe793c552.jpg,scratch,train
data/splits_metal/ae_train/severstal_97963658b.jpg,no_defect,train
data/splits_metal/yolo_train/severstal_ba4284649.jpg,patch,train
data/splits_metal/yolo_train/severstal_1f5cd4df7.jpg,scratch,train
data/splits_metal/ae_train/severstal_692b061c7.jpg,no_defect,train
data/splits_metal/yolo_train/severstal_0e1925eb6.jpg,scratch,train
data/splits_metal/ae_train/severstal_13eaecb93.jpg,no_defect,train
data/splits_metal/yolo_train/severstal_b9f5fe198.jpg,patch,train
data/splits_metal/ae_train/severstal_b14b855e6.jpg,no_defect,train
data/splits_metal/yolo_val/severstal_0ea151b2f.jpg,scratch,train
data/splits_metal/yolo_val/severstal_2e9170c14.jpg,scratch,train
data/splits_metal/yolo_val/severstal_cdbc80c3d.jpg,pitting,train
data/splits_metal/ae_train/severstal_59abeaf7b.jpg,no_defect,train
data/splits_metal/yolo_train/severstal_adaa47142.jpg,scratch,train
data/splits_metal/yolo_val/severstal_eed932172.jpg,pitting,train
data/splits_metal/yolo_train/severstal_49b83d8fa.jpg,scratch,train
data/splits_metal/ae_train/severstal_065b312ff.jpg,no_defect,train
data/splits_metal/ae_train/severstal_6474fa9b0.jpg,no_defect,train
data/splits_metal/ae_train/severstal_eee687cf1.jpg,no_defect,train
data/splits_metal/yolo_train/severstal_87a5ac2f8.jpg,pitting,train
data/splits_metal/yolo_train/severstal_22e9830a3.jpg,scratch,train
data/splits_metal/yolo_train/severstal_11c481d5e.jpg,scratch,train
data/splits_metal/yolo_train/severstal_f5a68b422.jpg,scratch,train
data/splits_metal/yolo_val/severstal_89087f994.jpg,pitting,train
data/splits_metal/yolo_train/severstal_61be1f51b.jpg,patch,train
data/splits_metal/yolo_train/severstal_1af650ab4.jpg,scratch,train
data/splits_metal/ae_train/severstal_4bd3d3a2a.jpg,no_defect,train
data/splits_metal/yolo_train/severstal_1422b7da0.jpg,patch,train
data/splits_metal/ae_train/severstal_c917a34f9.jpg,no_defect,train
data/splits_metal/yolo_train/severstal_ea54f9247.jpg,scratch,train
data/splits_metal/yolo_train/severstal_15aeb5d52.jpg,scratch,train
data/splits_metal/ae_train/severstal_af2b3ae32.jpg,no_defect,train
data/splits_metal/ae_train/severstal_4b281fb8b.jpg,no_defect,train
data/splits_metal/yolo_train/severstal_9aa721852.jpg,scratch,train
data/splits_metal/ae_train/severstal_30aad5362.jpg,no_defect,train
data/splits_metal/yolo_train/severstal_42dd20db7.jpg,inclusion,train
data/splits_metal/yolo_train/severstal_048d14d3f.jpg,scratch,train
data/splits_metal/yolo_val/severstal_3f536622f.jpg,inclusion,train
data/splits_metal/yolo_train/severstal_7b08e8584.jpg,scratch,train
data/splits_metal/yolo_train/severstal_a800aee21.jpg,pitting,train
data/splits_metal/yolo_train/severstal_c22ead98c.jpg,scratch,train
data/splits_metal/ae_train/severstal_1205a8e2b.jpg,no_defect,train
data/splits_metal/yolo_train/severstal_bf0c81db6.jpg,patch,train
data/splits_metal/ae_train/severstal_3573170d7.jpg,no_defect,train
data/splits_metal/yolo_train/severstal_0a26aceb2.jpg,scratch,train
data/splits_metal/ae_train/severstal_1e6d08dd9.jpg,no_defect,train
data/splits_metal/yolo_train/severstal_a49edb718.jpg,scratch,train
data/splits_metal/ae_train/severstal_7138b8b2a.jpg,no_defect,train
data/splits_metal/ae_train/severstal_f70d4ef13.jpg,no_defect,train
data/splits_metal/yolo_val/severstal_6b53b62be.jpg,inclusion,train
data/splits_metal/ae_train/severstal_55b0d9d23.jpg,no_defect,train
data/splits_metal/ae_train/severstal_b1d3de6f1.jpg,no_defect,train
data/splits_metal/yolo_train/severstal_a335fc5cc.jpg,pitting,train
data/splits_metal/ae_train/severstal_a41d19162.jpg,no_defect,train
data/splits_metal/yolo_train/severstal_ce8da6d72.jpg,pitting,train
data/splits_metal/yolo_train/severstal_9323bd21d.jpg,scratch,train
data/splits_metal/ae_train/severstal_457d95686.jpg,no_defect,train
data/splits_metal/ae_train/severstal_20fb50eb6.jpg,no_defect,train
data/splits_metal/yolo_train/severstal_8ae110bc5.jpg,scratch,train
data/splits_metal/ae_train/severstal_6a87cd08c.jpg,no_defect,train
data/splits_metal/ae_train/severstal_f49e1cc05.jpg,no_defect,train
data/splits_metal/yolo_train/severstal_1b8ef5392.jpg,scratch,train
data/splits_metal/yolo_train/severstal_5600ec21b.jpg,scratch,train
data/splits_metal/ae_train/severstal_3672ac3e3.jpg,no_defect,train
data/splits_metal/ae_train/severstal_0cc44081a.jpg,no_defect,train
data/splits_metal/ae_train/severstal_f9da1e38a.jpg,no_defect,train
data/splits_metal/yolo_train/severstal_4e6514402.jpg,pitting,train
data/splits_metal/yolo_train/severstal_a4844715b.jpg,pitting,train
data/splits_metal/ae_train/severstal_612d86c8b.jpg,no_defect,train
data/splits_metal/yolo_train/severstal_b8a9fb7d0.jpg,scratch,train
data/splits_metal/yolo_train/severstal_4c770beb5.jpg,scratch,train
data/splits_metal/ae_train/severstal_bdc800e05.jpg,no_defect,train
data/splits_metal/ae_train/severstal_ea414b9da.jpg,no_defect,train
data/splits_metal/ae_train/severstal_de0b3e7fa.jpg,no_defect,train
data/splits_metal/ae_train/severstal_80ed788e8.jpg,no_defect,train
data/splits_metal/ae_train/severstal_cf37ed7ca.jpg,no_defect,train
data/splits_metal/yolo_train/severstal_36ee3149e.jpg,patch,train
data/splits_metal/yolo_val/severstal_23b06f857.jpg,patch,train
data/splits_metal/yolo_train/severstal_6668e50d0.jpg,scratch,train
data/splits_metal/yolo_val/severstal_67fd150c6.jpg,scratch,train
data/splits_metal/yolo_train/severstal_299d06031.jpg,scratch,train
data/splits_metal/ae_train/severstal_8640d3367.jpg,no_defect,train
data/splits_metal/ae_train/severstal_d04b0722b.jpg,no_defect,train
data/splits_metal/yolo_train/severstal_97a6a8f0b.jpg,scratch,train
data/splits_metal/ae_train/severstal_1cd446dc7.jpg,no_defect,train
data/splits_metal/ae_train/severstal_2f50cb21c.jpg,no_defect,train
data/splits_metal/yolo_train/severstal_713f8ef91.jpg,scratch,train
data/splits_metal/yolo_train/severstal_1639cc829.jpg,scratch,train
data/splits_metal/ae_train/severstal_5619b0771.jpg,no_defect,train
data/splits_metal/yolo_train/severstal_0f7b0f4ab.jpg,scratch,train
data/splits_metal/ae_train/severstal_346458b63.jpg,no_defect,train
data/splits_metal/ae_train/severstal_d199a9843.jpg,no_defect,train
data/splits_metal/yolo_train/severstal_567e1f981.jpg,scratch,train
data/splits_metal/ae_train/severstal_cd2afa0c5.jpg,no_defect,train
data/splits_metal/ae_train/severstal_2279bbcc4.jpg,no_defect,train
data/splits_metal/ae_train/severstal_7d8cb6714.jpg,no_defect,train
data/splits_metal/yolo_val/severstal_ea13e9557.jpg,scratch,train
data/splits_metal/yolo_train/severstal_ea30f095d.jpg,scratch,train
data/splits_metal/yolo_train/severstal_ada844648.jpg,patch,train
data/splits_metal/yolo_train/severstal_27b7ce725.jpg,scratch,train
data/splits_metal/ae_train/severstal_a2370a6d5.jpg,no_defect,train
data/splits_metal/ae_train/severstal_3e9882356.jpg,no_defect,train
data/splits_metal/yolo_val/severstal_11418b1c5.jpg,pitting,train
data/splits_metal/ae_train/severstal_8ae5a614a.jpg,no_defect,train
data/splits_metal/ae_train/severstal_934508437.jpg,no_defect,train
data/splits_metal/yolo_train/severstal_ea168de6c.jpg,scratch,train
data/splits_metal/yolo_train/severstal_06e6e7a8c.jpg,patch,train
data/splits_metal/ae_train/severstal_be6a4a1d1.jpg,no_defect,train
data/splits_metal/yolo_train/severstal_2b01fd731.jpg,inclusion,train
data/splits_metal/ae_train/severstal_bec23c703.jpg,no_defect,train
data/splits_metal/ae_train/severstal_122c21f79.jpg,no_defect,train
data/splits_metal/yolo_train/severstal_56bf01513.jpg,scratch,train
data/splits_metal/yolo_train/severstal_6f0683e45.jpg,scratch,train
data/splits_metal/yolo_train/severstal_e4f4ee905.jpg,scratch,train
data/splits_metal/ae_train/severstal_90a774e11.jpg,no_defect,train
data/splits_metal/ae_train/severstal_1bead4843.jpg,no_defect,train
data/splits_metal/ae_train/severstal_9207ba274.jpg,no_defect,train
data/splits_metal/yolo_train/severstal_9236f984c.jpg,pitting,train
data/splits_metal/ae_train/severstal_a1d4c698a.jpg,no_defect,train
data/splits_metal/ae_train/severstal_777d02fde.jpg,no_defect,train
data/splits_metal/yolo_val/severstal_5fa81f2b5.jpg,scratch,train
data/splits_metal/ae_train/severstal_52b379913.jpg,no_defect,train
data/splits_metal/ae_train/severstal_eb2b64947.jpg,no_defect,train
data/splits_metal/ae_train/severstal_14b5ab5a6.jpg,no_defect,train
data/splits_metal/ae_train/severstal_225ea601b.jpg,no_defect,train
data/splits_metal/yolo_train/severstal_484439824.jpg,scratch,train
data/splits_metal/yolo_train/severstal_8d5f90317.jpg,scratch,train
data/splits_metal/yolo_val/severstal_5fd74daee.jpg,pitting,train
data/splits_metal/ae_train/severstal_ba5b942fd.jpg,no_defect,train
data/splits_metal/yolo_val/severstal_1821dcbf1.jpg,patch,train
data/splits_metal/ae_train/severstal_2edaf414b.jpg,no_defect,train
data/splits_metal/ae_train/severstal_e9b10d130.jpg,no_defect,train
data/splits_metal/yolo_train/severstal_68511f15f.jpg,pitting,train
data/splits_metal/ae_train/severstal_80d43cd25.jpg,no_defect,train
data/splits_metal/yolo_val/severstal_56da18173.jpg,scratch,train
data/splits_metal/yolo_train/severstal_f5b50a959.jpg,pitting,train
data/splits_metal/yolo_train/severstal_0429258ad.jpg,pitting,train
data/splits_metal/yolo_train/severstal_c34bf9bec.jpg,inclusion,train
data/splits_metal/yolo_val/severstal_c70702ea2.jpg,patch,train
data/splits_metal/ae_train/severstal_cf048c9d2.jpg,no_defect,train
data/splits_metal/yolo_train/severstal_2749c24a9.jpg,patch,train
data/splits_metal/ae_train/severstal_9fcfa539e.jpg,no_defect,train
data/splits_metal/ae_train/severstal_2854206dc.jpg,no_defect,train
data/splits_metal/yolo_val/severstal_71e2bb12a.jpg,scratch,train
data/splits_metal/yolo_train/severstal_a154fdcfd.jpg,patch,train
data/splits_metal/yolo_train/severstal_f7cdbc185.jpg,scratch,train
data/splits_metal/yolo_train/severstal_65f9c520b.jpg,scratch,train
data/splits_metal/ae_train/severstal_d5a7bd3de.jpg,no_defect,train
data/splits_metal/ae_train/severstal_9d9e8722f.jpg,no_defect,train
data/splits_metal/yolo_train/severstal_720e3f026.jpg,scratch,train
data/splits_metal/ae_train/severstal_6c2585cf5.jpg,no_defect,train
data/splits_metal/yolo_val/severstal_72aaba8ad.jpg,patch,train
data/splits_metal/yolo_train/severstal_8651a4a06.jpg,scratch,train
data/splits_metal/ae_train/severstal_c6af2acac.jpg,no_defect,train
data/splits_metal/yolo_val/severstal_54f7648a5.jpg,pitting,train
data/splits_metal/ae_train/severstal_21318dbb2.jpg,no_defect,train
data/splits_metal/yolo_train/severstal_4613d520c.jpg,inclusion,train
data/splits_metal/yolo_train/severstal_23bb4d637.jpg,scratch,train
data/splits_metal/ae_train/severstal_c3a805375.jpg,no_defect,train
data/splits_metal/yolo_train/severstal_23115ad3a.jpg,patch,train
data/splits_metal/yolo_train/severstal_433ee3ba0.jpg,pitting,train
data/splits_metal/ae_train/severstal_262d788d8.jpg,no_defect,train
data/splits_metal/yolo_train/severstal_6e441c3e9.jpg,scratch,train
data/splits_metal/yolo_train/severstal_de1f2b234.jpg,scratch,train
data/splits_metal/yolo_train/severstal_6d8835463.jpg,patch,train
data/splits_metal/ae_train/severstal_d1890b5e7.jpg,no_defect,train
data/splits_metal/yolo_train/severstal_44d5767ee.jpg,patch,train
data/splits_metal/ae_train/severstal_06e8eced9.jpg,no_defect,train
data/splits_metal/ae_train/severstal_d8ce6ab59.jpg,no_defect,train
data/splits_metal/yolo_train/severstal_8a7f75f86.jpg,scratch,train
data/splits_metal/ae_train/severstal_0ba2d403f.jpg,no_defect,train
data/splits_metal/yolo_train/severstal_8d23e30d7.jpg,scratch,train
data/splits_metal/yolo_train/severstal_a10fb7849.jpg,pitting,train
data/splits_metal/yolo_train/severstal_2ec10042f.jpg,pitting,train
data/splits_metal/ae_train/severstal_bbe1b1724.jpg,no_defect,train
data/splits_metal/yolo_train/severstal_4345c2b85.jpg,scratch,train
data/splits_metal/yolo_train/severstal_2f6858a91.jpg,scratch,train
data/splits_metal/yolo_train/severstal_8a35c59f9.jpg,pitting,train
data/splits_metal/yolo_train/severstal_c3a2f51d0.jpg,scratch,train
data/splits_metal/yolo_train/severstal_436398e3b.jpg,scratch,train
data/splits_metal/ae_train/severstal_71e7c350b.jpg,no_defect,train
data/splits_metal/yolo_train/severstal_e3c8b3a70.jpg,scratch,train
data/splits_metal/ae_train/severstal_a1b56b236.jpg,no_defect,train
data/splits_metal/yolo_train/severstal_2d196857a.jpg,scratch,train
data/splits_metal/yolo_val/severstal_549613483.jpg,scratch,train
data/splits_metal/yolo_train/severstal_e5ea04944.jpg,scratch,train
data/splits_metal/yolo_train/severstal_740dac02b.jpg,scratch,train
data/splits_metal/ae_train/severstal_2117f8b3c.jpg,no_defect,train
data/splits_metal/yolo_train/severstal_2176b94a5.jpg,scratch,train
data/splits_metal/ae_train/severstal_03ba7286b.jpg,no_defect,train
data/splits_metal/ae_train/severstal_c6458c18b.jpg,no_defect,train
data/splits_metal/ae_train/severstal_672534146.jpg,no_defect,train
data/splits_metal/yolo_train/severstal_6ff11b744.jpg,pitting,train
data/splits_metal/ae_train/severstal_876e74fd6.jpg,no_defect,train
data/splits_metal/ae_train/severstal_77a034db9.jpg,no_defect,train
data/splits_metal/yolo_train/severstal_5b1c96f09.jpg,scratch,train
data/splits_metal/yolo_train/severstal_01c3ef286.jpg,scratch,train
data/splits_metal/yolo_val/severstal_1ed75107a.jpg,scratch,train
data/splits_metal/ae_train/severstal_1fcabeee5.jpg,no_defect,train
data/splits_metal/yolo_train/severstal_94305429d.jpg,scratch,train
data/splits_metal/yolo_train/severstal_77064b126.jpg,scratch,train
data/splits_metal/ae_train/severstal_a9ee60102.jpg,no_defect,train
data/splits_metal/yolo_train/severstal_b5cba8cac.jpg,scratch,train
data/splits_metal/ae_train/severstal_b5df32617.jpg,no_defect,train
data/splits_metal/ae_train/severstal_08041ffdb.jpg,no_defect,train
data/splits_metal/yolo_train/severstal_ec921fcc7.jpg,scratch,train
data/splits_metal/yolo_train/severstal_9ea3ea37b.jpg,scratch,train
data/splits_metal/ae_train/severstal_64e49facc.jpg,no_defect,train
data/splits_metal/yolo_train/severstal_3a03385b5.jpg,scratch,train
data/splits_metal/yolo_train/severstal_2f3277628.jpg,patch,train
data/splits_metal/ae_train/severstal_4f19a907e.jpg,no_defect,train
data/splits_metal/ae_train/severstal_25e4f6ba7.jpg,no_defect,train
data/splits_metal/ae_train/severstal_d43062a18.jpg,no_defect,train
data/splits_metal/ae_train/severstal_3878f6da4.jpg,no_defect,train
data/splits_metal/ae_train/severstal_53c006e67.jpg,no_defect,train
data/splits_metal/ae_train/severstal_8425b5187.jpg,no_defect,train
data/splits_metal/ae_train/severstal_0a6324223.jpg,no_defect,train
data/splits_metal/yolo_val/severstal_37782387c.jpg,scratch,train
data/splits_metal/ae_train/severstal_a74cb0466.jpg,no_defect,train
data/splits_metal/yolo_train/severstal_c74abe00a.jpg,scratch,train
data/splits_metal/yolo_train/severstal_c15deb6c0.jpg,scratch,train
data/splits_metal/yolo_train/severstal_447038bc8.jpg,inclusion,train
data/splits_metal/ae_train/severstal_170f32281.jpg,no_defect,train
data/splits_metal/yolo_train/severstal_867f080f0.jpg,scratch,train
data/splits_metal/yolo_train/severstal_1a20361c3.jpg,scratch,train
data/splits_metal/ae_train/severstal_fac9867d0.jpg,no_defect,train
data/splits_metal/ae_train/severstal_4af60d51c.jpg,no_defect,train
data/splits_metal/yolo_train/severstal_d5e8af85b.jpg,pitting,train
data/splits_metal/ae_train/severstal_d1643488c.jpg,no_defect,train
data/splits_metal/ae_train/severstal_59f53bdb4.jpg,no_defect,train
data/splits_metal/ae_train/severstal_10631d848.jpg,no_defect,train
data/splits_metal/ae_train/severstal_a50f29d7f.jpg,no_defect,train
data/splits_metal/yolo_train/severstal_618f0ff16.jpg,scratch,train
data/splits_metal/yolo_train/severstal_14e90eb54.jpg,scratch,train
data/splits_metal/yolo_val/severstal_594e2b83f.jpg,scratch,train
data/splits_metal/yolo_train/severstal_93b7b01f1.jpg,scratch,train
data/splits_metal/ae_train/severstal_718f28587.jpg,no_defect,train
data/splits_metal/yolo_train/severstal_06e6582af.jpg,scratch,train
data/splits_metal/yolo_train/severstal_b613acfb7.jpg,scratch,train
data/splits_metal/yolo_train/severstal_39d07881e.jpg,scratch,train
data/splits_metal/ae_train/severstal_3bd3ed1d6.jpg,no_defect,train
data/splits_metal/ae_train/severstal_44fdeaf56.jpg,no_defect,train
data/splits_metal/ae_train/severstal_6fc668134.jpg,no_defect,train
data/splits_metal/ae_train/severstal_88254037e.jpg,no_defect,train
data/splits_metal/yolo_train/severstal_ce11ffd78.jpg,scratch,train
data/splits_metal/yolo_train/severstal_9307b3de8.jpg,scratch,train
data/splits_metal/yolo_train/severstal_eb18f69ed.jpg,scratch,train
data/splits_metal/yolo_val/severstal_f6e2cc602.jpg,scratch,train
data/splits_metal/ae_train/severstal_87789797a.jpg,no_defect,train
data/splits_metal/yolo_train/severstal_041187764.jpg,scratch,train
data/splits_metal/yolo_train/severstal_380e3ba93.jpg,pitting,train
data/splits_metal/yolo_train/severstal_d178d246a.jpg,scratch,train
data/splits_metal/ae_train/severstal_e3ef636f3.jpg,no_defect,train
data/splits_metal/ae_train/severstal_012a4581b.jpg,no_defect,train
data/splits_metal/yolo_train/severstal_ee0979b81.jpg,scratch,train
data/splits_metal/ae_train/severstal_3c08b8734.jpg,no_defect,train
data/splits_metal/yolo_train/severstal_a4e947fb4.jpg,scratch,train
data/splits_metal/yolo_val/severstal_dc6bc2963.jpg,scratch,train
data/splits_metal/yolo_train/severstal_c0ceecd96.jpg,scratch,train
data/splits_metal/yolo_train/severstal_9b668835f.jpg,scratch,train
data/splits_metal/yolo_train/severstal_0ce5ead68.jpg,scratch,train
data/splits_metal/ae_train/severstal_e2c071661.jpg,no_defect,train
data/splits_metal/ae_train/severstal_ae00d2b3d.jpg,no_defect,train
data/splits_metal/ae_train/severstal_140c6ef91.jpg,no_defect,train
data/splits_metal/ae_train/severstal_0ed6d9ed0.jpg,no_defect,train
data/splits_metal/ae_train/severstal_8aaaf636b.jpg,no_defect,train
data/splits_metal/yolo_train/severstal_ac03345dc.jpg,scratch,train
data/splits_metal/ae_train/severstal_d194687f4.jpg,no_defect,train
data/splits_metal/yolo_train/severstal_0ca915b9f.jpg,scratch,train
data/splits_metal/yolo_val/severstal_c987a8155.jpg,scratch,train
data/splits_metal/yolo_train/severstal_547c5635f.jpg,inclusion,train
data/splits_metal/ae_train/severstal_978f530a9.jpg,no_defect,train
data/splits_metal/yolo_train/severstal_97047587f.jpg,patch,train
data/splits_metal/yolo_train/severstal_bdc4fe767.jpg,scratch,train
data/splits_metal/yolo_train/severstal_a5b7b7fcc.jpg,scratch,train
data/splits_metal/ae_train/severstal_2433ff110.jpg,no_defect,train
data/splits_metal/yolo_train/severstal_1feaa8b3f.jpg,scratch,train
data/splits_metal/yolo_val/severstal_5c9b16686.jpg,scratch,train
data/splits_metal/yolo_train/severstal_686579cd4.jpg,scratch,train
data/splits_metal/ae_train/severstal_7847cda9c.jpg,no_defect,train
data/splits_metal/yolo_train/severstal_8e11e6dff.jpg,scratch,train
data/splits_metal/ae_train/severstal_8aa4712df.jpg,no_defect,train
data/splits_metal/yolo_val/severstal_e573ac857.jpg,patch,train
data/splits_metal/yolo_train/severstal_b925ef3b7.jpg,pitting,train
data/splits_metal/yolo_train/severstal_2731f7830.jpg,patch,train
data/splits_metal/yolo_train/severstal_71aec9cb8.jpg,patch,train
data/splits_metal/yolo_train/severstal_5d0b67f94.jpg,patch,train
data/splits_metal/yolo_train/severstal_c04b0d160.jpg,scratch,train
data/splits_metal/ae_train/severstal_e523f2341.jpg,no_defect,train
data/splits_metal/yolo_train/severstal_dee68db68.jpg,scratch,train
data/splits_metal/yolo_train/severstal_dcc2e4f93.jpg,scratch,train
data/splits_metal/ae_train/severstal_8e50a63bb.jpg,no_defect,train
data/splits_metal/ae_train/severstal_1d849ef03.jpg,no_defect,train
data/splits_metal/yolo_train/severstal_470a96423.jpg,scratch,train
data/splits_metal/yolo_val/severstal_247108a1c.jpg,scratch,train
data/splits_metal/ae_train/severstal_bb25018fc.jpg,no_defect,train
data/splits_metal/yolo_train/severstal_eaaa61b15.jpg,scratch,train
data/splits_metal/yolo_val/severstal_7ba0bbe30.jpg,scratch,train
data/splits_metal/ae_train/severstal_144e06202.jpg,no_defect,train
data/splits_metal/yolo_train/severstal_c4f5ebbb2.jpg,patch,train
data/splits_metal/ae_train/severstal_47a1cf315.jpg,no_defect,train
data/splits_metal/yolo_val/severstal_9a3e774ff.jpg,scratch,train
data/splits_metal/yolo_val/severstal_aa6bd6ba3.jpg,scratch,train
data/splits_metal/ae_train/severstal_0a1cade03.jpg,no_defect,train
data/splits_metal/yolo_train/severstal_0d13c2a23.jpg,pitting,train
data/splits_metal/ae_train/severstal_5080067a2.jpg,no_defect,train
data/splits_metal/ae_train/severstal_0e15479f7.jpg,no_defect,train
data/splits_metal/yolo_train/severstal_488c35cf9.jpg,scratch,train
data/splits_metal/ae_train/severstal_07fd9f3e6.jpg,no_defect,train
data/splits_metal/yolo_train/severstal_1ea493a4f.jpg,scratch,train
data/splits_metal/ae_train/severstal_336f2abaa.jpg,no_defect,train
data/splits_metal/ae_train/severstal_fc46a5d97.jpg,no_defect,train
data/splits_metal/ae_train/severstal_53e277621.jpg,no_defect,train
data/splits_metal/yolo_train/severstal_b6c567b64.jpg,scratch,train
data/splits_metal/yolo_train/severstal_1a0f5230a.jpg,scratch,train
data/splits_metal/yolo_val/severstal_2e35ebe13.jpg,scratch,train
data/splits_metal/yolo_train/severstal_4e7f0e825.jpg,scratch,train
data/splits_metal/yolo_train/severstal_c223d7b2e.jpg,scratch,train
data/splits_metal/ae_train/severstal_53dbd2af9.jpg,no_defect,train
data/splits_metal/ae_train/severstal_c6ad39495.jpg,no_defect,train
data/splits_metal/yolo_train/severstal_de9ce7271.jpg,pitting,train
data/splits_metal/ae_train/severstal_11b3c8232.jpg,no_defect,train
data/splits_metal/ae_train/severstal_5ae15c5b7.jpg,no_defect,train
data/splits_metal/ae_train/severstal_d3c436e76.jpg,no_defect,train
data/splits_metal/yolo_train/severstal_21a0c7160.jpg,scratch,train
data/splits_metal/ae_train/severstal_7a0da1fc9.jpg,no_defect,train
data/splits_metal/yolo_val/severstal_bd967bd29.jpg,patch,train
data/splits_metal/ae_train/severstal_d9a3af776.jpg,no_defect,train
data/splits_metal/yolo_train/severstal_0d78ac743.jpg,patch,train
data/splits_metal/ae_train/severstal_dcc794850.jpg,no_defect,train
data/splits_metal/yolo_val/severstal_b90e286a5.jpg,pitting,train
data/splits_metal/ae_train/severstal_ec90adfcb.jpg,no_defect,train
data/splits_metal/yolo_val/severstal_faab4b759.jpg,scratch,train
data/splits_metal/yolo_train/severstal_02d573611.jpg,patch,train
data/splits_metal/ae_train/severstal_ed73c3216.jpg,no_defect,train
data/splits_metal/yolo_train/severstal_dcfd9b8c4.jpg,scratch,train
data/splits_metal/ae_train/severstal_eca85078d.jpg,no_defect,train
data/splits_metal/ae_train/severstal_e6c3e78f4.jpg,no_defect,train
data/splits_metal/yolo_train/severstal_16c60441c.jpg,scratch,train
data/splits_metal/yolo_val/severstal_f3b180e26.jpg,scratch,train
data/splits_metal/yolo_train/severstal_97a67b410.jpg,patch,train
data/splits_metal/ae_train/severstal_fcbe0914f.jpg,no_defect,train
data/splits_metal/yolo_train/severstal_091d21109.jpg,scratch,train
data/splits_metal/yolo_train/severstal_714256911.jpg,scratch,train
data/splits_metal/yolo_train/severstal_0bda9a0eb.jpg,scratch,train
data/splits_metal/yolo_train/severstal_7843767e9.jpg,scratch,train
data/splits_metal/yolo_train/severstal_7ac20d5a6.jpg,patch,train
data/splits_metal/yolo_val/severstal_a8f977b31.jpg,scratch,train
data/splits_metal/ae_train/severstal_0eb737bd5.jpg,no_defect,train
data/splits_metal/yolo_val/severstal_2188f5429.jpg,scratch,train
data/splits_metal/yolo_val/severstal_98f2b3f79.jpg,scratch,train
data/splits_metal/ae_train/severstal_baa5a076a.jpg,no_defect,train
data/splits_metal/yolo_train/severstal_0d2a4e766.jpg,scratch,train
data/splits_metal/yolo_train/severstal_395e96be9.jpg,scratch,train
data/splits_metal/ae_train/severstal_7c67a4611.jpg,no_defect,train
data/splits_metal/yolo_train/severstal_34913b58d.jpg,pitting,train
data/splits_metal/ae_train/severstal_e859410a7.jpg,no_defect,train
data/splits_metal/ae_train/severstal_7d4f862bf.jpg,no_defect,train
data/splits_metal/yolo_train/severstal_362b4c3d0.jpg,scratch,train
data/splits_metal/ae_train/severstal_9bd8189cb.jpg,no_defect,train
data/splits_metal/yolo_train/severstal_707534bdb.jpg,scratch,train
data/splits_metal/yolo_train/severstal_22123f29f.jpg,pitting,train
data/splits_metal/ae_train/severstal_54a1df397.jpg,no_defect,train
data/splits_metal/yolo_val/severstal_e12136afc.jpg,scratch,train
data/splits_metal/ae_train/severstal_c32fb39d8.jpg,no_defect,train
data/splits_metal/yolo_train/severstal_8c3539cdd.jpg,pitting,train
data/splits_metal/yolo_train/severstal_3b42727ff.jpg,scratch,train
data/splits_metal/yolo_val/severstal_eff2074df.jpg,scratch,train
data/splits_metal/ae_train/severstal_4590a4512.jpg,no_defect,train
data/splits_metal/yolo_train/severstal_861a262c8.jpg,scratch,train
data/splits_metal/yolo_val/severstal_124204a30.jpg,scratch,train
data/splits_metal/yolo_train/severstal_a5b53e614.jpg,scratch,train
data/splits_metal/yolo_val/severstal_476a0129a.jpg,scratch,train
data/splits_metal/yolo_train/severstal_8e340f137.jpg,pitting,train
data/splits_metal/yolo_train/severstal_2b8dfbe0b.jpg,pitting,train
data/splits_metal/yolo_train/severstal_01df77e59.jpg,pitting,train
data/splits_metal/yolo_train/severstal_c8e4b3a1e.jpg,scratch,train
data/splits_metal/yolo_val/severstal_0f65a99d2.jpg,scratch,train
data/splits_metal/ae_train/severstal_3fde06814.jpg,no_defect,train
data/splits_metal/yolo_train/severstal_607105dac.jpg,pitting,train
data/splits_metal/yolo_train/severstal_22e2195c1.jpg,scratch,train
data/splits_metal/yolo_train/severstal_035021da2.jpg,scratch,train
data/splits_metal/yolo_val/severstal_9574104d6.jpg,scratch,train
data/splits_metal/yolo_train/severstal_c66ba3e27.jpg,scratch,train
data/splits_metal/ae_train/severstal_206bb4788.jpg,no_defect,train
data/splits_metal/yolo_train/severstal_400eedff4.jpg,scratch,train
data/splits_metal/ae_train/severstal_64e954c1f.jpg,no_defect,train
data/splits_metal/ae_train/severstal_7507ea0cb.jpg,no_defect,train
data/splits_metal/yolo_train/severstal_163cc2750.jpg,patch,train
data/splits_metal/ae_train/severstal_febaaaaa7.jpg,no_defect,train
data/splits_metal/ae_train/severstal_4d72fc6d0.jpg,no_defect,train
data/splits_metal/yolo_val/severstal_d127abcc8.jpg,scratch,train
data/splits_metal/yolo_train/severstal_d5a1067a2.jpg,pitting,train
data/splits_metal/yolo_train/severstal_6e9963232.jpg,scratch,train
data/splits_metal/ae_train/severstal_9b67d53e6.jpg,no_defect,train
data/splits_metal/ae_train/severstal_4e471f8af.jpg,no_defect,train
data/splits_metal/yolo_val/severstal_19955420c.jpg,scratch,train
data/splits_metal/yolo_val/severstal_472407235.jpg,scratch,train
data/splits_metal/yolo_val/severstal_cff387e60.jpg,scratch,train
data/splits_metal/yolo_train/severstal_bdd265724.jpg,scratch,train
data/splits_metal/ae_train/severstal_9707626fa.jpg,no_defect,train
data/splits_metal/yolo_train/severstal_0905fe055.jpg,pitting,train
data/splits_metal/ae_train/severstal_ac26ccc50.jpg,no_defect,train
data/splits_metal/ae_train/severstal_6c52f92bc.jpg,no_defect,train
data/splits_metal/yolo_val/severstal_4e2c9230d.jpg,patch,train
data/splits_metal/yolo_val/severstal_1d99e94a9.jpg,scratch,train
data/splits_metal/yolo_train/severstal_e8340339d.jpg,scratch,train
data/splits_metal/yolo_train/severstal_c98404d89.jpg,inclusion,train
data/splits_metal/ae_train/severstal_e9b0ea466.jpg,no_defect,train
data/splits_metal/yolo_val/severstal_39bec5e5e.jpg,pitting,train
data/splits_metal/ae_train/severstal_d250196f8.jpg,no_defect,train
data/splits_metal/yolo_val/severstal_4014d6f31.jpg,scratch,train
data/splits_metal/ae_train/severstal_84a30b719.jpg,no_defect,train
data/splits_metal/yolo_train/severstal_7a807824c.jpg,scratch,train
data/splits_metal/yolo_val/severstal_d8254a8ee.jpg,scratch,train
data/splits_metal/ae_train/severstal_199c7ca22.jpg,no_defect,train
data/splits_metal/yolo_train/severstal_559bcc411.jpg,scratch,train
data/splits_metal/ae_train/severstal_453cb7bd8.jpg,no_defect,train
data/splits_metal/ae_train/severstal_f60a5bc2b.jpg,no_defect,train
data/splits_metal/ae_train/severstal_2454d3770.jpg,no_defect,train
data/splits_metal/yolo_val/severstal_99b7bd247.jpg,pitting,train
data/splits_metal/yolo_train/severstal_ae9a53e90.jpg,scratch,train
data/splits_metal/yolo_train/severstal_08808b1a2.jpg,pitting,train
data/splits_metal/yolo_val/severstal_0526d780c.jpg,scratch,train
data/splits_metal/yolo_train/severstal_b52933f82.jpg,scratch,train
data/splits_metal/yolo_train/severstal_f5cfc6f9c.jpg,scratch,train
data/splits_metal/ae_train/severstal_0bb3b11e1.jpg,no_defect,train
data/splits_metal/yolo_train/severstal_758e655a8.jpg,scratch,train
data/splits_metal/yolo_train/severstal_83eb3fd63.jpg,scratch,train
data/splits_metal/ae_train/severstal_1c9564f66.jpg,no_defect,train
data/splits_metal/ae_train/severstal_9d76f9e55.jpg,no_defect,train
data/splits_metal/ae_train/severstal_13a5ae893.jpg,no_defect,train
data/splits_metal/ae_train/severstal_56355a469.jpg,no_defect,train
data/splits_metal/ae_train/severstal_e862448c8.jpg,no_defect,train
data/splits_metal/ae_train/severstal_193c9a289.jpg,no_defect,train
data/splits_metal/yolo_train/severstal_75970889c.jpg,scratch,train
data/splits_metal/ae_train/severstal_c569ca145.jpg,no_defect,train
data/splits_metal/yolo_val/severstal_d0328c686.jpg,scratch,train
data/splits_metal/ae_train/severstal_d442be7a6.jpg,no_defect,train
data/splits_metal/ae_train/severstal_1b4b41b81.jpg,no_defect,train
data/splits_metal/yolo_train/severstal_ac97767a7.jpg,scratch,train
data/splits_metal/yolo_train/severstal_a61996577.jpg,scratch,train
data/splits_metal/ae_train/severstal_99fd3c6f5.jpg,no_defect,train
data/splits_metal/ae_train/severstal_9730f8b7e.jpg,no_defect,train
data/splits_metal/yolo_train/severstal_ce5f0cec3.jpg,scratch,train
data/splits_metal/ae_train/severstal_f1611c743.jpg,no_defect,train
data/splits_metal/yolo_train/severstal_5b615bff0.jpg,scratch,train
data/splits_metal/ae_train/severstal_36689bafd.jpg,no_defect,train
data/splits_metal/ae_train/severstal_075ae68f4.jpg,no_defect,train
data/splits_metal/yolo_train/severstal_18ace9a9a.jpg,patch,train
data/splits_metal/yolo_val/severstal_2c64d5644.jpg,scratch,train
data/splits_metal/yolo_train/severstal_9bc62ca61.jpg,scratch,train
data/splits_metal/ae_train/severstal_6506c22cb.jpg,no_defect,train
data/splits_metal/yolo_train/severstal_4ea0f4710.jpg,patch,train
data/splits_metal/yolo_val/severstal_5462db9cd.jpg,scratch,train
data/splits_metal/ae_train/severstal_ad6900e74.jpg,no_defect,train
data/splits_metal/yolo_train/severstal_f76f8e798.jpg,scratch,train
data/splits_metal/ae_train/severstal_f45d1ea03.jpg,no_defect,train
data/splits_metal/ae_train/severstal_b56b55a7e.jpg,no_defect,train
data/splits_metal/yolo_train/severstal_9c522d453.jpg,scratch,train
data/splits_metal/yolo_train/severstal_bc73f75a5.jpg,pitting,train
data/splits_metal/ae_train/severstal_ff35c950a.jpg,no_defect,train
data/splits_metal/ae_train/severstal_3ae7bb8eb.jpg,no_defect,train
data/splits_metal/yolo_train/severstal_744c77e7d.jpg,scratch,train
data/splits_metal/ae_train/severstal_747a360b4.jpg,no_defect,train
data/splits_metal/ae_train/severstal_508637e33.jpg,no_defect,train
data/splits_metal/yolo_val/severstal_15d8b6f02.jpg,scratch,train
data/splits_metal/yolo_train/severstal_a7d5ae972.jpg,scratch,train
data/splits_metal/ae_train/severstal_b474eba9f.jpg,no_defect,train
data/splits_metal/ae_train/severstal_74e586515.jpg,no_defect,train
data/splits_metal/yolo_train/severstal_cb933c3e8.jpg,patch,train
data/splits_metal/ae_train/severstal_30fd94c0e.jpg,no_defect,train
data/splits_metal/yolo_val/severstal_6defb795f.jpg,scratch,train
data/splits_metal/yolo_train/severstal_c6afe1599.jpg,scratch,train
data/splits_metal/ae_train/severstal_c521c444d.jpg,no_defect,train
data/splits_metal/ae_train/severstal_c8f6c1533.jpg,no_defect,train
data/splits_metal/yolo_train/severstal_441866b3d.jpg,scratch,train
data/splits_metal/ae_train/severstal_9b2298962.jpg,no_defect,train
data/splits_metal/ae_train/severstal_402e39bda.jpg,no_defect,train
data/splits_metal/yolo_train/severstal_24528b550.jpg,scratch,train
data/splits_metal/yolo_train/severstal_f12206185.jpg,pitting,train
data/splits_metal/yolo_train/severstal_c5a2172a9.jpg,pitting,train
data/splits_metal/yolo_train/severstal_857400707.jpg,scratch,train
data/splits_metal/ae_train/severstal_c270e97fc.jpg,no_defect,train
data/splits_metal/ae_train/severstal_8c6138a1d.jpg,no_defect,train
data/splits_metal/yolo_val/severstal_79ccb5e88.jpg,scratch,train
data/splits_metal/ae_train/severstal_b9acd9a0f.jpg,no_defect,train
data/splits_metal/ae_train/severstal_ba26aaf35.jpg,no_defect,train
data/splits_metal/ae_train/severstal_18c3cb344.jpg,no_defect,train
data/splits_metal/ae_train/severstal_e78fbf89f.jpg,no_defect,train
data/splits_metal/ae_train/severstal_f5d65cd10.jpg,no_defect,train
data/splits_metal/yolo_train/severstal_ea675dd1e.jpg,scratch,train
data/splits_metal/ae_train/severstal_b664c557f.jpg,no_defect,train
data/splits_metal/ae_train/severstal_f945df120.jpg,no_defect,train
data/splits_metal/yolo_train/severstal_41ec6505f.jpg,scratch,train
data/splits_metal/ae_train/severstal_3b1590277.jpg,no_defect,train
data/splits_metal/yolo_val/severstal_5cf4adf72.jpg,pitting,train
data/splits_metal/ae_train/severstal_12c03a410.jpg,no_defect,train
data/splits_metal/yolo_train/severstal_30799f11c.jpg,scratch,train
data/splits_metal/yolo_train/severstal_cfeaf9434.jpg,scratch,train
data/splits_metal/yolo_train/severstal_8e01fb963.jpg,scratch,train
data/splits_metal/ae_train/severstal_602a29dac.jpg,no_defect,train
data/splits_metal/ae_train/severstal_e1295bfa5.jpg,no_defect,train
data/splits_metal/ae_train/severstal_27b3f78bc.jpg,no_defect,train
data/splits_metal/yolo_train/severstal_b12e436c3.jpg,scratch,train
data/splits_metal/yolo_train/severstal_aff2b8b8a.jpg,scratch,train
data/splits_metal/yolo_train/severstal_f1f6b0f09.jpg,scratch,train
data/splits_metal/yolo_train/severstal_085a9eea6.jpg,scratch,train
data/splits_metal/yolo_train/severstal_aee20074e.jpg,patch,train
data/splits_metal/yolo_train/severstal_ff6cc90ca.jpg,scratch,train
data/splits_metal/yolo_train/severstal_a1d5d669f.jpg,scratch,train
data/splits_metal/ae_train/severstal_9ad070cd0.jpg,no_defect,train
data/splits_metal/yolo_train/severstal_fea2f6ad2.jpg,scratch,train
data/splits_metal/yolo_val/severstal_c539c7336.jpg,scratch,train
data/splits_metal/ae_train/severstal_784310e8c.jpg,no_defect,train
data/splits_metal/ae_train/severstal_ff6f1a404.jpg,no_defect,train
data/splits_metal/ae_train/severstal_ac2b13f3f.jpg,no_defect,train
data/splits_metal/ae_train/severstal_232eb5edd.jpg,no_defect,train
data/splits_metal/ae_train/severstal_b52d1fcd8.jpg,no_defect,train
data/splits_metal/yolo_train/severstal_4e1e0e3ac.jpg,scratch,train
data/splits_metal/ae_train/severstal_37bbabd7a.jpg,no_defect,train
data/splits_metal/ae_train/severstal_b28c3ee61.jpg,no_defect,train
data/splits_metal/ae_train/severstal_e35988507.jpg,no_defect,train
data/splits_metal/yolo_train/severstal_27207fb2e.jpg,scratch,train
data/splits_metal/ae_train/severstal_312cbc2f8.jpg,no_defect,train
data/splits_metal/yolo_train/severstal_dc702eb04.jpg,scratch,train
data/splits_metal/ae_train/severstal_ced2b708b.jpg,no_defect,train
data/splits_metal/yolo_train/severstal_ed1c6be8d.jpg,scratch,train
data/splits_metal/ae_train/severstal_c910e9cbf.jpg,no_defect,train
data/splits_metal/ae_train/severstal_a335e099a.jpg,no_defect,train
data/splits_metal/yolo_train/severstal_1809bcad9.jpg,scratch,train
data/splits_metal/yolo_val/severstal_0970201e2.jpg,scratch,train
data/splits_metal/ae_train/severstal_f8a56ce6e.jpg,no_defect,train
data/splits_metal/yolo_train/severstal_12ee58841.jpg,scratch,train
data/splits_metal/yolo_train/severstal_3f36e2d85.jpg,pitting,train
data/splits_metal/ae_train/severstal_3d63dd538.jpg,no_defect,train
data/splits_metal/ae_train/severstal_2b7156859.jpg,no_defect,train
data/splits_metal/ae_train/severstal_4362eb86a.jpg,no_defect,train
data/splits_metal/yolo_train/severstal_ae9976755.jpg,scratch,train
data/splits_metal/yolo_train/severstal_c0065dcab.jpg,scratch,train
data/splits_metal/yolo_train/severstal_07ba66beb.jpg,pitting,train
data/splits_metal/yolo_val/severstal_0c6720401.jpg,inclusion,train
data/splits_metal/ae_train/severstal_8496706ed.jpg,no_defect,train
data/splits_metal/ae_train/severstal_fa492c084.jpg,no_defect,train
data/splits_metal/ae_train/severstal_633e82d81.jpg,no_defect,train
data/splits_metal/ae_train/severstal_a56c153e4.jpg,no_defect,train
data/splits_metal/yolo_train/severstal_fcce5b9cc.jpg,scratch,train
data/splits_metal/yolo_train/severstal_08b539d11.jpg,scratch,train
data/splits_metal/yolo_train/severstal_ab312df89.jpg,scratch,train
data/splits_metal/ae_train/severstal_f95e24d0a.jpg,no_defect,train
data/splits_metal/ae_train/severstal_53d6cc0b9.jpg,no_defect,train
data/splits_metal/ae_train/severstal_005b92582.jpg,no_defect,train
data/splits_metal/ae_train/severstal_d598d9bef.jpg,no_defect,train
data/splits_metal/ae_train/severstal_b090ddc4b.jpg,no_defect,train
data/splits_metal/ae_train/severstal_8a66a89ef.jpg,no_defect,train
data/splits_metal/yolo_val/severstal_456b9952f.jpg,scratch,train
data/splits_metal/yolo_train/severstal_b963c168c.jpg,inclusion,train
data/splits_metal/yolo_train/severstal_b93f5fdc0.jpg,scratch,train
data/splits_metal/yolo_train/severstal_73122f910.jpg,scratch,train
data/splits_metal/ae_train/severstal_42f9b96b6.jpg,no_defect,train
data/splits_metal/yolo_train/severstal_fae50c768.jpg,scratch,train
data/splits_metal/ae_train/severstal_a353cf4d5.jpg,no_defect,train
data/splits_metal/ae_train/severstal_da57134fa.jpg,no_defect,train
data/splits_metal/ae_train/severstal_c0292e072.jpg,no_defect,train
data/splits_metal/yolo_train/severstal_29936b461.jpg,pitting,train
data/splits_metal/yolo_train/severstal_664c8105a.jpg,scratch,train
data/splits_metal/yolo_val/severstal_6406c1e6f.jpg,scratch,train
data/splits_metal/ae_train/severstal_fdf8a8fda.jpg,no_defect,train
data/splits_metal/ae_train/severstal_1cb0a0a2f.jpg,no_defect,train
data/splits_metal/yolo_train/severstal_478ff6696.jpg,scratch,train
data/splits_metal/yolo_train/severstal_352063998.jpg,pitting,train
data/splits_metal/ae_train/severstal_d27ccc7d1.jpg,no_defect,train
data/splits_metal/yolo_val/severstal_f0074b888.jpg,scratch,train
data/splits_metal/ae_train/severstal_3df0aec51.jpg,no_defect,train
data/splits_metal/yolo_train/severstal_d30ad2e83.jpg,pitting,train
data/splits_metal/yolo_train/severstal_606f35768.jpg,pitting,train
data/splits_metal/yolo_train/severstal_3055bb5b8.jpg,scratch,train
data/splits_metal/ae_train/severstal_ea87a105c.jpg,no_defect,train
data/splits_metal/yolo_train/severstal_193884988.jpg,scratch,train
data/splits_metal/yolo_val/severstal_3688df8e4.jpg,scratch,train
data/splits_metal/yolo_train/severstal_805ea1870.jpg,scratch,train
data/splits_metal/ae_train/severstal_00d7ae946.jpg,no_defect,train
data/splits_metal/yolo_val/severstal_646a22b43.jpg,scratch,train
data/splits_metal/ae_train/severstal_31ef144f8.jpg,no_defect,train
data/splits_metal/yolo_train/severstal_4d35cc84e.jpg,scratch,train
data/splits_metal/ae_train/severstal_f9486d8fd.jpg,no_defect,train
data/splits_metal/yolo_val/severstal_205e05371.jpg,scratch,train
data/splits_metal/yolo_train/severstal_c7755caf9.jpg,scratch,train
data/splits_metal/ae_train/severstal_7be162a87.jpg,no_defect,train
data/splits_metal/yolo_train/severstal_60f9f7ff2.jpg,scratch,train
data/splits_metal/ae_train/severstal_2849ca6b8.jpg,no_defect,train
data/splits_metal/ae_train/severstal_976eea5bf.jpg,no_defect,train
data/splits_metal/yolo_val/severstal_bdb24ff3b.jpg,scratch,train
data/splits_metal/yolo_train/severstal_554ee47b6.jpg,scratch,train
data/splits_metal/ae_train/severstal_ac095f7d7.jpg,no_defect,train
data/splits_metal/yolo_train/severstal_6081f6677.jpg,scratch,train
data/splits_metal/ae_train/severstal_2eb516639.jpg,no_defect,train
data/splits_metal/ae_train/severstal_10145b58a.jpg,no_defect,train
data/splits_metal/yolo_train/severstal_8c504c51c.jpg,scratch,train
data/splits_metal/ae_train/severstal_45ca0606a.jpg,no_defect,train
data/splits_metal/ae_train/severstal_df79cce6c.jpg,no_defect,train
data/splits_metal/ae_train/severstal_4209917d1.jpg,no_defect,train
data/splits_metal/ae_train/severstal_289ea00a3.jpg,no_defect,train
data/splits_metal/yolo_train/severstal_cb9c3d622.jpg,patch,train
data/splits_metal/yolo_val/severstal_e003d691f.jpg,scratch,train
data/splits_metal/ae_train/severstal_8003ed19d.jpg,no_defect,train
data/splits_metal/yolo_train/severstal_1fc012f23.jpg,patch,train
data/splits_metal/yolo_train/severstal_2e3b354cd.jpg,scratch,train
data/splits_metal/yolo_train/severstal_d4ce2a21d.jpg,scratch,train
data/splits_metal/ae_train/severstal_6a6e08613.jpg,no_defect,train
data/splits_metal/ae_train/severstal_a3e0c4e52.jpg,no_defect,train
data/splits_metal/ae_train/severstal_dd975164a.jpg,no_defect,train
data/splits_metal/yolo_train/severstal_9c42e727c.jpg,patch,train
data/splits_metal/yolo_train/severstal_0582ac66c.jpg,patch,train
data/splits_metal/ae_train/severstal_3c2544a04.jpg,no_defect,train
data/splits_metal/yolo_train/severstal_8b495e389.jpg,scratch,train
data/splits_metal/ae_train/severstal_8bfc35309.jpg,no_defect,train
data/splits_metal/yolo_train/severstal_d0b234faa.jpg,patch,train
data/splits_metal/ae_train/severstal_b30a3e3b6.jpg,no_defect,train
data/splits_metal/yolo_train/severstal_8e933231b.jpg,pitting,train
data/splits_metal/yolo_train/severstal_4e5aabaae.jpg,scratch,train
data/splits_metal/ae_train/severstal_82436f649.jpg,no_defect,train
data/splits_metal/yolo_train/severstal_cd634f053.jpg,scratch,train
data/splits_metal/yolo_train/severstal_0eb09950a.jpg,scratch,train
data/splits_metal/ae_train/severstal_b2ef42176.jpg,no_defect,train
data/splits_metal/yolo_train/severstal_14ff2a474.jpg,patch,train
data/splits_metal/yolo_train/severstal_416dc5e75.jpg,patch,train
data/splits_metal/yolo_train/severstal_79adc3616.jpg,scratch,train
data/splits_metal/ae_train/severstal_1878c476c.jpg,no_defect,train
data/splits_metal/ae_train/severstal_dde377e40.jpg,no_defect,train
data/splits_metal/yolo_train/severstal_83d9b39c8.jpg,scratch,train
data/splits_metal/yolo_val/severstal_ceba9dc16.jpg,scratch,train
data/splits_metal/yolo_train/severstal_e04f5c163.jpg,scratch,train
data/splits_metal/yolo_val/severstal_21fb2df8d.jpg,pitting,train
data/splits_metal/ae_train/severstal_1ee966a3e.jpg,no_defect,train
data/splits_metal/yolo_train/severstal_f2739a7ca.jpg,scratch,train
data/splits_metal/ae_train/severstal_1651fe36f.jpg,no_defect,train
data/splits_metal/ae_train/severstal_c2cff3176.jpg,no_defect,train
data/splits_metal/ae_train/severstal_331c4771c.jpg,no_defect,train
data/splits_metal/yolo_train/severstal_cd23d4841.jpg,patch,train
data/splits_metal/yolo_train/severstal_0b1e5a7a5.jpg,inclusion,train
data/splits_metal/yolo_train/severstal_c1583e292.jpg,scratch,train
data/splits_metal/yolo_val/severstal_c5054fd93.jpg,scratch,train
data/splits_metal/yolo_train/severstal_313c72ff8.jpg,scratch,train
data/splits_metal/ae_train/severstal_578b43574.jpg,no_defect,train
data/splits_metal/yolo_train/severstal_267aa0d33.jpg,patch,train
data/splits_metal/yolo_val/severstal_24b29d740.jpg,patch,train
data/splits_metal/yolo_val/severstal_fcb1f2469.jpg,scratch,train
data/splits_metal/yolo_train/severstal_2ef6ad027.jpg,scratch,train
data/splits_metal/yolo_train/severstal_d65fc70b5.jpg,scratch,train
data/splits_metal/ae_train/severstal_c594616c8.jpg,no_defect,train
data/splits_metal/ae_train/severstal_a5a04bc33.jpg,no_defect,train
data/splits_metal/yolo_val/severstal_e07c94229.jpg,scratch,train
data/splits_metal/ae_train/severstal_b3262467d.jpg,no_defect,train
data/splits_metal/ae_train/severstal_c32d6a8c5.jpg,no_defect,train
data/splits_metal/ae_train/severstal_3c1f834dd.jpg,no_defect,train
data/splits_metal/yolo_train/severstal_9edc849c6.jpg,scratch,train
data/splits_metal/yolo_train/severstal_6bd87aed9.jpg,scratch,train
data/splits_metal/ae_train/severstal_b95e709e6.jpg,no_defect,train
data/splits_metal/yolo_train/severstal_2741274d7.jpg,scratch,train
data/splits_metal/yolo_train/severstal_f1becb8a5.jpg,patch,train
data/splits_metal/yolo_train/severstal_059000a4f.jpg,pitting,train
data/splits_metal/yolo_val/severstal_b20fb15ff.jpg,patch,train
data/splits_metal/yolo_train/severstal_e054a983d.jpg,scratch,train
data/splits_metal/ae_train/severstal_903ba6c8b.jpg,no_defect,train
data/splits_metal/ae_train/severstal_001d1b355.jpg,no_defect,train
data/splits_metal/yolo_train/severstal_1cb26b10a.jpg,scratch,train
data/splits_metal/ae_train/severstal_2c67e770e.jpg,no_defect,train
data/splits_metal/yolo_train/severstal_f7f2d555c.jpg,scratch,train
data/splits_metal/yolo_train/severstal_68d3c7be2.jpg,scratch,train
data/splits_metal/yolo_train/severstal_eec5da0ae.jpg,scratch,train
data/splits_metal/yolo_val/severstal_c12bbdec9.jpg,scratch,train
data/splits_metal/yolo_train/severstal_0fe12f041.jpg,scratch,train
data/splits_metal/ae_train/severstal_43c5f80e6.jpg,no_defect,train
data/splits_metal/ae_train/severstal_a2a8ba02d.jpg,no_defect,train
data/splits_metal/yolo_train/severstal_6b9bed01e.jpg,scratch,train
data/splits_metal/yolo_train/severstal_eae840b74.jpg,scratch,train
data/splits_metal/ae_train/severstal_49b22649d.jpg,no_defect,train
data/splits_metal/ae_train/severstal_0dc52baf6.jpg,no_defect,train
data/splits_metal/yolo_train/severstal_0340e13c4.jpg,scratch,train
data/splits_metal/ae_train/severstal_7c5b3e03a.jpg,no_defect,train
data/splits_metal/yolo_train/severstal_cea2ea962.jpg,patch,train
data/splits_metal/yolo_train/severstal_79bac6aca.jpg,scratch,train
data/splits_metal/yolo_val/severstal_e461fe709.jpg,patch,train
data/splits_metal/yolo_train/severstal_d4c0b4c3b.jpg,scratch,train
data/splits_metal/yolo_train/severstal_37df5752a.jpg,pitting,train
data/splits_metal/yolo_val/severstal_a6c28501b.jpg,scratch,train
data/splits_metal/ae_train/severstal_bd697eec9.jpg,no_defect,train
data/splits_metal/ae_train/severstal_bc68e0820.jpg,no_defect,train
data/splits_metal/yolo_train/severstal_4d9b0f8c6.jpg,scratch,train
data/splits_metal/ae_train/severstal_aeff95093.jpg,no_defect,train
data/splits_metal/ae_train/severstal_972e36fa8.jpg,no_defect,train
data/splits_metal/yolo_train/severstal_88e1122cb.jpg,pitting,train
data/splits_metal/ae_train/severstal_304c70aa5.jpg,no_defect,train
data/splits_metal/yolo_val/severstal_8e6f1eb4f.jpg,scratch,train
data/splits_metal/ae_train/severstal_f7cf4e28e.jpg,no_defect,train
data/splits_metal/yolo_train/severstal_7a2096ee2.jpg,scratch,train
data/splits_metal/ae_train/severstal_fc37492b6.jpg,no_defect,train
data/splits_metal/yolo_train/severstal_9d8369659.jpg,scratch,train
data/splits_metal/ae_train/severstal_0a5ad2f0f.jpg,no_defect,train
data/splits_metal/yolo_train/severstal_49b34e921.jpg,patch,train
data/splits_metal/yolo_val/severstal_32eca38d5.jpg,scratch,train
data/splits_metal/ae_train/severstal_1d13e99fc.jpg,no_defect,train
data/splits_metal/yolo_val/severstal_204949166.jpg,pitting,train
data/splits_metal/ae_train/severstal_ffaa05016.jpg,no_defect,train
data/splits_metal/yolo_train/severstal_0ff538004.jpg,scratch,train
data/splits_metal/yolo_train/severstal_a3a66a86a.jpg,scratch,train
data/splits_metal/ae_train/severstal_9a016fe15.jpg,no_defect,train
data/splits_metal/yolo_train/severstal_f84ae7a4b.jpg,scratch,train
data/splits_metal/ae_train/severstal_733116847.jpg,no_defect,train
data/splits_metal/ae_train/severstal_9205c7f19.jpg,no_defect,train
data/splits_metal/ae_train/severstal_68db9ad2d.jpg,no_defect,train
data/splits_metal/ae_train/severstal_9e94842da.jpg,no_defect,train
data/splits_metal/yolo_val/severstal_06f4583b1.jpg,scratch,train
data/splits_metal/ae_train/severstal_1bd93f498.jpg,no_defect,train
data/splits_metal/yolo_train/severstal_a6b56df05.jpg,scratch,train
data/splits_metal/yolo_train/severstal_23d77b3df.jpg,scratch,train
data/splits_metal/ae_train/severstal_2dadb2d12.jpg,no_defect,train
data/splits_metal/ae_train/severstal_f36729b47.jpg,no_defect,train
data/splits_metal/ae_train/severstal_24aa8d834.jpg,no_defect,train
data/splits_metal/yolo_train/severstal_7ba14848e.jpg,scratch,train
data/splits_metal/yolo_train/severstal_b9f8dffba.jpg,scratch,train
data/splits_metal/yolo_train/severstal_bfc82bcbd.jpg,scratch,train
data/splits_metal/yolo_train/severstal_a8241cf3d.jpg,scratch,train
data/splits_metal/yolo_train/severstal_9e37ef709.jpg,scratch,train
data/splits_metal/yolo_val/severstal_42877dc1a.jpg,patch,train
data/splits_metal/yolo_val/severstal_29e57e1de.jpg,scratch,train
data/splits_metal/ae_train/severstal_6a0a4fcc2.jpg,no_defect,train
data/splits_metal/ae_train/severstal_026105525.jpg,no_defect,train
data/splits_metal/yolo_val/severstal_2d8e8e789.jpg,scratch,train
data/splits_metal/ae_train/severstal_d97ec0357.jpg,no_defect,train
data/splits_metal/yolo_train/severstal_cee5fab38.jpg,pitting,train
data/splits_metal/ae_train/severstal_cc9c8cb56.jpg,no_defect,train
data/splits_metal/ae_train/severstal_f777798f2.jpg,no_defect,train
data/splits_metal/yolo_train/severstal_acbe1e2c1.jpg,patch,train
data/splits_metal/ae_train/severstal_536f5bd1b.jpg,no_defect,train
data/splits_metal/yolo_train/severstal_3df2a0383.jpg,inclusion,train
data/splits_metal/yolo_val/severstal_527517cf3.jpg,scratch,train
data/splits_metal/yolo_val/severstal_6c04c1f61.jpg,scratch,train
data/splits_metal/yolo_train/severstal_1e893e86c.jpg,scratch,train
data/splits_metal/yolo_train/severstal_81b4bf91a.jpg,scratch,train
data/splits_metal/ae_train/severstal_fd183310f.jpg,no_defect,train
data/splits_metal/ae_train/severstal_f6e140d3c.jpg,no_defect,train
data/splits_metal/yolo_val/severstal_820c4f78c.jpg,scratch,train
data/splits_metal/yolo_train/severstal_78a81eb21.jpg,scratch,train
data/splits_metal/ae_train/severstal_4ebb6d63a.jpg,no_defect,train
data/splits_metal/ae_train/severstal_af0dd8534.jpg,no_defect,train
data/splits_metal/ae_train/severstal_9728351cd.jpg,no_defect,train
data/splits_metal/ae_train/severstal_871f864ef.jpg,no_defect,train
data/splits_metal/ae_train/severstal_a5f450999.jpg,no_defect,train
data/splits_metal/ae_train/severstal_9b6c6fea2.jpg,no_defect,train
data/splits_metal/yolo_val/severstal_0ddbc9fb5.jpg,patch,train
data/splits_metal/ae_train/severstal_bb43fd55f.jpg,no_defect,train
data/splits_metal/yolo_train/severstal_fdb7c0397.jpg,scratch,train
data/splits_metal/yolo_val/severstal_409adafbe.jpg,scratch,train
data/splits_metal/yolo_val/severstal_17d02873a.jpg,scratch,train
data/splits_metal/ae_train/severstal_091fcc239.jpg,no_defect,train
data/splits_metal/yolo_train/severstal_6ad67f690.jpg,scratch,train
data/splits_metal/ae_train/severstal_66a1eb528.jpg,no_defect,train
data/splits_metal/ae_train/severstal_dc6ab466a.jpg,no_defect,train
data/splits_metal/ae_train/severstal_1f86fdb5b.jpg,no_defect,train
data/splits_metal/ae_train/severstal_0aa66dd72.jpg,no_defect,train
data/splits_metal/ae_train/severstal_f6fdd467c.jpg,no_defect,train
data/splits_metal/yolo_val/severstal_5a718d72e.jpg,scratch,train
data/splits_metal/ae_train/severstal_df79e76af.jpg,no_defect,train
data/splits_metal/ae_train/severstal_300433e9c.jpg,no_defect,train
data/splits_metal/ae_train/severstal_57081af08.jpg,no_defect,train
data/splits_metal/ae_train/severstal_0181695f9.jpg,no_defect,train
data/splits_metal/yolo_train/severstal_8c732ade1.jpg,scratch,train
data/splits_metal/yolo_train/severstal_af33842ad.jpg,scratch,train
data/splits_metal/ae_train/severstal_f871a3e63.jpg,no_defect,train
data/splits_metal/yolo_train/severstal_6d291e247.jpg,inclusion,train
data/splits_metal/yolo_train/severstal_bfd56c3d2.jpg,scratch,train
data/splits_metal/ae_train/severstal_e573261f9.jpg,no_defect,train
data/splits_metal/yolo_val/severstal_128b708e5.jpg,pitting,train
data/splits_metal/yolo_train/severstal_65cdc6528.jpg,scratch,train
data/splits_metal/yolo_val/severstal_0e9356159.jpg,pitting,train
data/splits_metal/ae_train/severstal_2c8a82986.jpg,no_defect,train
data/splits_metal/ae_train/severstal_689d35c98.jpg,no_defect,train
data/splits_metal/yolo_train/severstal_0fd171923.jpg,scratch,train
data/splits_metal/yolo_train/severstal_554710095.jpg,scratch,train
data/splits_metal/yolo_val/severstal_83c431c22.jpg,scratch,train
data/splits_metal/ae_train/severstal_adae21280.jpg,no_defect,train
data/splits_metal/ae_train/severstal_f1529241c.jpg,no_defect,train
data/splits_metal/ae_train/severstal_3655ba8dc.jpg,no_defect,train
data/splits_metal/yolo_train/severstal_5bf4948c3.jpg,scratch,train
data/splits_metal/ae_train/severstal_25b4312a0.jpg,no_defect,train
data/splits_metal/yolo_train/severstal_756390c3a.jpg,scratch,train
data/splits_metal/ae_train/severstal_ab88df761.jpg,no_defect,train
data/splits_metal/ae_train/severstal_fd4b9e7c0.jpg,no_defect,train
data/splits_metal/yolo_train/severstal_4874f19dd.jpg,scratch,train
data/splits_metal/yolo_val/severstal_c2afd0495.jpg,scratch,train
data/splits_metal/yolo_train/severstal_5ed98fbe2.jpg,scratch,train
data/splits_metal/ae_train/severstal_8145c3c51.jpg,no_defect,train
data/splits_metal/ae_train/severstal_ed4cff821.jpg,no_defect,train
data/splits_metal/yolo_train/severstal_82cf55ab9.jpg,scratch,train
data/splits_metal/yolo_val/severstal_c5da9e8c7.jpg,patch,train
data/splits_metal/ae_train/severstal_6931cadb0.jpg,no_defect,train
data/splits_metal/yolo_train/severstal_9d64b3372.jpg,scratch,train
data/splits_metal/ae_train/severstal_02a78fb18.jpg,no_defect,train
data/splits_metal/yolo_val/severstal_e8b4ddc4d.jpg,inclusion,train
data/splits_metal/ae_train/severstal_621ba04b6.jpg,no_defect,train
data/splits_metal/yolo_train/severstal_0ebb34d89.jpg,scratch,train
data/splits_metal/yolo_train/severstal_cd475d2a3.jpg,scratch,train
data/splits_metal/yolo_train/severstal_d6ef360e3.jpg,scratch,train
data/splits_metal/ae_train/severstal_1a1d0ced7.jpg,no_defect,train
data/splits_metal/yolo_train/severstal_ce93931e9.jpg,scratch,train
data/splits_metal/yolo_train/severstal_9dbb7b85c.jpg,scratch,train
data/splits_metal/ae_train/severstal_4f92a9f7a.jpg,no_defect,train
data/splits_metal/ae_train/severstal_6fe1343fb.jpg,no_defect,train
data/splits_metal/ae_train/severstal_c8f2eeaeb.jpg,no_defect,train
data/splits_metal/yolo_train/severstal_867572f1e.jpg,scratch,train
data/splits_metal/yolo_val/severstal_886eebf8c.jpg,scratch,train
data/splits_metal/ae_train/severstal_76c02a2aa.jpg,no_defect,train
data/splits_metal/ae_train/severstal_70702e468.jpg,no_defect,train
data/splits_metal/ae_train/severstal_09e4f864e.jpg,no_defect,train
data/splits_metal/ae_train/severstal_a83442a46.jpg,no_defect,train
data/splits_metal/yolo_train/severstal_2f6c4d0e7.jpg,pitting,train
data/splits_metal/yolo_train/severstal_e2c203a0f.jpg,scratch,train
data/splits_metal/yolo_train/severstal_21ab6a3b2.jpg,pitting,train
data/splits_metal/yolo_train/severstal_8d4206f2a.jpg,scratch,train
data/splits_metal/ae_train/severstal_008b9acf5.jpg,no_defect,train
data/splits_metal/ae_train/severstal_33a63f8da.jpg,no_defect,train
data/splits_metal/ae_train/severstal_3f4cb099f.jpg,no_defect,train
data/splits_metal/ae_train/severstal_46b1a844e.jpg,no_defect,train
data/splits_metal/ae_train/severstal_75b2a7dfa.jpg,no_defect,train
data/splits_metal/ae_train/severstal_b5e275395.jpg,no_defect,train
data/splits_metal/yolo_val/severstal_508c739d1.jpg,scratch,train
data/splits_metal/yolo_train/severstal_b9888ed87.jpg,pitting,train
data/splits_metal/ae_train/severstal_83e554974.jpg,no_defect,train
data/splits_metal/ae_train/severstal_3bbc6a08c.jpg,no_defect,train
data/splits_metal/ae_train/severstal_5226a20da.jpg,no_defect,train
data/splits_metal/ae_train/severstal_1b6a9d41b.jpg,no_defect,train
data/splits_metal/ae_train/severstal_ca8d0b4e0.jpg,no_defect,train
data/splits_metal/yolo_val/severstal_39e365d3b.jpg,scratch,train
data/splits_metal/ae_train/severstal_9ed73526a.jpg,no_defect,train
data/splits_metal/ae_train/severstal_78119c465.jpg,no_defect,train
data/splits_metal/ae_train/severstal_c61d6422c.jpg,no_defect,train
data/splits_metal/ae_train/severstal_0d7afc7a6.jpg,no_defect,train
data/splits_metal/ae_train/severstal_54faae5d4.jpg,no_defect,train
data/splits_metal/yolo_train/severstal_7cf7e0fa6.jpg,scratch,train
data/splits_metal/yolo_train/severstal_d48178eaa.jpg,scratch,train
data/splits_metal/ae_train/severstal_58ce0e3cf.jpg,no_defect,train
data/splits_metal/ae_train/severstal_136e82a7f.jpg,no_defect,train
data/splits_metal/ae_train/severstal_2af81ccb1.jpg,no_defect,train
data/splits_metal/yolo_train/severstal_463108c67.jpg,pitting,train
data/splits_metal/yolo_train/severstal_bc2756713.jpg,scratch,train
data/splits_metal/yolo_val/severstal_ccbeeb18a.jpg,inclusion,train
data/splits_metal/ae_train/severstal_6d0085704.jpg,no_defect,train
data/splits_metal/yolo_train/severstal_42af54b00.jpg,scratch,train
data/splits_metal/yolo_train/severstal_a8cd71412.jpg,inclusion,train
data/splits_metal/yolo_train/severstal_aff01777f.jpg,pitting,train
data/splits_metal/ae_train/severstal_811ed7a89.jpg,no_defect,train
data/splits_metal/yolo_train/severstal_14fb9778c.jpg,scratch,train
data/splits_metal/ae_train/severstal_9bc5a31d9.jpg,no_defect,train
data/splits_metal/ae_train/severstal_827f94cb9.jpg,no_defect,train
data/splits_metal/ae_train/severstal_eda0fd38d.jpg,no_defect,train
data/splits_metal/ae_train/severstal_b7e50e93e.jpg,no_defect,train
data/splits_metal/ae_train/severstal_2e812dff2.jpg,no_defect,train
data/splits_metal/yolo_train/severstal_914b6941d.jpg,scratch,train
data/splits_metal/ae_train/severstal_03b3b06e1.jpg,no_defect,train
data/splits_metal/yolo_train/severstal_9ecb2f113.jpg,scratch,train
data/splits_metal/yolo_train/severstal_fc9f88417.jpg,scratch,train
data/splits_metal/yolo_train/severstal_af67d55bd.jpg,scratch,train
data/splits_metal/ae_train/severstal_b4c2a01b6.jpg,no_defect,train
data/splits_metal/yolo_train/severstal_3bbab6db6.jpg,scratch,train
data/splits_metal/ae_train/severstal_a59ed020a.jpg,no_defect,train
data/splits_metal/yolo_val/severstal_4defcdb36.jpg,scratch,train
data/splits_metal/yolo_train/severstal_416def597.jpg,pitting,train
data/splits_metal/yolo_train/severstal_a09e5bfb0.jpg,patch,train
data/splits_metal/yolo_train/severstal_bce091bac.jpg,patch,train
data/splits_metal/yolo_train/severstal_0f4a022fd.jpg,scratch,train
data/splits_metal/ae_train/severstal_882e71082.jpg,no_defect,train
data/splits_metal/yolo_train/severstal_ad64c0940.jpg,pitting,train
data/splits_metal/ae_train/severstal_a2fcb4144.jpg,no_defect,train
data/splits_metal/ae_train/severstal_dff0b1993.jpg,no_defect,train
data/splits_metal/yolo_val/severstal_1897882a1.jpg,scratch,train
data/splits_metal/yolo_train/severstal_c811d489f.jpg,scratch,train
data/splits_metal/ae_train/severstal_175d95f92.jpg,no_defect,train
data/splits_metal/ae_train/severstal_f4c8845b6.jpg,no_defect,train
data/splits_metal/ae_train/severstal_13de5ec74.jpg,no_defect,train
data/splits_metal/yolo_train/severstal_dc66cdc19.jpg,scratch,train
data/splits_metal/yolo_train/severstal_62122709f.jpg,scratch,train
data/splits_metal/yolo_val/severstal_57e6b1bcd.jpg,pitting,train
data/splits_metal/ae_train/severstal_62de7fd2d.jpg,no_defect,train
data/splits_metal/ae_train/severstal_e4d0d99fd.jpg,no_defect,train
data/splits_metal/yolo_train/severstal_02d18b8a4.jpg,scratch,train
data/splits_metal/ae_train/severstal_49f3d04c2.jpg,no_defect,train
data/splits_metal/yolo_train/severstal_45a59cfec.jpg,scratch,train
data/splits_metal/yolo_train/severstal_b62d34440.jpg,scratch,train
data/splits_metal/ae_train/severstal_b41340f03.jpg,no_defect,train
data/splits_metal/ae_train/severstal_4256aeb7b.jpg,no_defect,train
data/splits_metal/yolo_val/severstal_58e63b56e.jpg,scratch,train
data/splits_metal/yolo_train/severstal_853ad65f0.jpg,scratch,train
data/splits_metal/yolo_train/severstal_76532309b.jpg,pitting,train
data/splits_metal/ae_train/severstal_552c82a23.jpg,no_defect,train
data/splits_metal/yolo_train/severstal_67995d23c.jpg,scratch,train
data/splits_metal/ae_train/severstal_2cdb702b8.jpg,no_defect,train
data/splits_metal/yolo_train/severstal_2c63f60e3.jpg,scratch,train
data/splits_metal/ae_train/severstal_df9f30a8f.jpg,no_defect,train
data/splits_metal/yolo_train/severstal_041a93b6d.jpg,scratch,train
data/splits_metal/ae_train/severstal_dbd727558.jpg,no_defect,train
data/splits_metal/yolo_val/severstal_76aba363e.jpg,scratch,train
data/splits_metal/ae_train/severstal_0e0f0a99e.jpg,no_defect,train
data/splits_metal/yolo_train/severstal_7d9d29d28.jpg,pitting,train
data/splits_metal/yolo_train/severstal_999497bb8.jpg,scratch,train
data/splits_metal/yolo_train/severstal_833433e81.jpg,patch,train
data/splits_metal/yolo_train/severstal_54f1891ad.jpg,scratch,train
data/splits_metal/ae_train/severstal_ae562552d.jpg,no_defect,train
data/splits_metal/yolo_train/severstal_a9b4c5d52.jpg,scratch,train
data/splits_metal/ae_train/severstal_7d5e8edf0.jpg,no_defect,train
data/splits_metal/ae_train/severstal_b95bf9f14.jpg,no_defect,train
data/splits_metal/yolo_val/severstal_b26acc3a8.jpg,patch,train
data/splits_metal/ae_train/severstal_1e5f88c2c.jpg,no_defect,train
data/splits_metal/ae_train/severstal_918217c7c.jpg,no_defect,train
data/splits_metal/yolo_val/severstal_e4454f42e.jpg,scratch,train
data/splits_metal/yolo_train/severstal_713e97c97.jpg,pitting,train
data/splits_metal/yolo_train/severstal_5810e2d40.jpg,scratch,train
data/splits_metal/ae_train/severstal_9c3c1d8a6.jpg,no_defect,train
data/splits_metal/ae_train/severstal_81caf7932.jpg,no_defect,train
data/splits_metal/ae_train/severstal_5386596d5.jpg,no_defect,train
data/splits_metal/ae_train/severstal_f4818a932.jpg,no_defect,train
data/splits_metal/ae_train/severstal_5f1db67df.jpg,no_defect,train
data/splits_metal/ae_train/severstal_d520b53fa.jpg,no_defect,train
data/splits_metal/ae_train/severstal_29a47d219.jpg,no_defect,train
data/splits_metal/ae_train/severstal_fef3329b7.jpg,no_defect,train
data/splits_metal/ae_train/severstal_f58e82c13.jpg,no_defect,train
data/splits_metal/ae_train/severstal_95f725037.jpg,no_defect,train
data/splits_metal/ae_train/severstal_4145dcb6d.jpg,no_defect,train
data/splits_metal/yolo_train/severstal_6fc6a0964.jpg,scratch,train
data/splits_metal/ae_train/severstal_441142b29.jpg,no_defect,train
data/splits_metal/ae_train/severstal_8c312c656.jpg,no_defect,train
data/splits_metal/yolo_train/severstal_ce44910a4.jpg,scratch,train
data/splits_metal/yolo_val/severstal_c5cd270f2.jpg,patch,train
data/splits_metal/yolo_train/severstal_31f71b8a4.jpg,scratch,train
data/splits_metal/ae_train/severstal_cf3589519.jpg,no_defect,train
data/splits_metal/yolo_train/severstal_71553a0d8.jpg,patch,train
data/splits_metal/yolo_train/severstal_df4d01acb.jpg,scratch,train
data/splits_metal/yolo_train/severstal_de3e52e11.jpg,scratch,train
data/splits_metal/ae_train/severstal_e2fa1744f.jpg,no_defect,train
data/splits_metal/yolo_train/severstal_2a113071b.jpg,scratch,train
data/splits_metal/yolo_train/severstal_dc499be11.jpg,pitting,train
data/splits_metal/ae_train/severstal_b695035c7.jpg,no_defect,train
data/splits_metal/yolo_train/severstal_506826fc6.jpg,scratch,train
data/splits_metal/ae_train/severstal_b00fa58e7.jpg,no_defect,train
data/splits_metal/yolo_train/severstal_2222a03b3.jpg,scratch,train
data/splits_metal/ae_train/severstal_030336aa4.jpg,no_defect,train
data/splits_metal/yolo_train/severstal_72d5da20f.jpg,scratch,train
data/splits_metal/yolo_val/severstal_9ed47c324.jpg,scratch,train
data/splits_metal/ae_train/severstal_22b2206c8.jpg,no_defect,train
data/splits_metal/yolo_val/severstal_4a4f274d1.jpg,scratch,train
data/splits_metal/ae_train/severstal_5122366c6.jpg,no_defect,train
data/splits_metal/yolo_train/severstal_99984eccf.jpg,pitting,train
data/splits_metal/yolo_train/severstal_bc3c8163e.jpg,scratch,train
data/splits_metal/ae_train/severstal_9db7b8d33.jpg,no_defect,train
data/splits_metal/yolo_train/severstal_2365be47a.jpg,scratch,train
data/splits_metal/yolo_val/severstal_c992477d4.jpg,pitting,train
data/splits_metal/yolo_train/severstal_d79e948c4.jpg,pitting,train
data/splits_metal/ae_train/severstal_d78b273c3.jpg,no_defect,train
data/splits_metal/yolo_train/severstal_575e5be94.jpg,scratch,train
data/splits_metal/ae_train/severstal_81bd64447.jpg,no_defect,train
data/splits_metal/ae_train/severstal_a2e51f9a0.jpg,no_defect,train
data/splits_metal/yolo_train/severstal_1ac437ea4.jpg,scratch,train
data/splits_metal/yolo_train/severstal_40f56ca26.jpg,patch,train
data/splits_metal/yolo_train/severstal_dc0c6c0de.jpg,scratch,train
data/splits_metal/yolo_train/severstal_4c47ebc03.jpg,pitting,train
data/splits_metal/ae_train/severstal_07edbd095.jpg,no_defect,train
data/splits_metal/yolo_val/severstal_fcdfdbf64.jpg,scratch,train
data/splits_metal/yolo_train/severstal_014ebe543.jpg,scratch,train
data/splits_metal/yolo_train/severstal_a6c7b60b3.jpg,scratch,train
data/splits_metal/ae_train/severstal_d6039d5d3.jpg,no_defect,train
data/splits_metal/yolo_val/severstal_112b06482.jpg,scratch,train
data/splits_metal/yolo_val/severstal_fc113cb7e.jpg,pitting,train
data/splits_metal/ae_train/severstal_dda75acd0.jpg,no_defect,train
data/splits_metal/ae_train/severstal_7c955538b.jpg,no_defect,train
data/splits_metal/yolo_train/severstal_b646b6038.jpg,patch,train
data/splits_metal/ae_train/severstal_5a6aca360.jpg,no_defect,train
data/splits_metal/yolo_val/severstal_349baa83f.jpg,scratch,train
data/splits_metal/yolo_train/severstal_364c83806.jpg,scratch,train
data/splits_metal/yolo_train/severstal_052838084.jpg,scratch,train
data/splits_metal/yolo_val/severstal_33368929c.jpg,inclusion,train
data/splits_metal/yolo_train/severstal_1f117b19e.jpg,pitting,train
data/splits_metal/yolo_train/severstal_de144dd49.jpg,scratch,train
data/splits_metal/ae_train/severstal_fd0c52161.jpg,no_defect,train
data/splits_metal/ae_train/severstal_830d3ac76.jpg,no_defect,train
data/splits_metal/ae_train/severstal_b32e4eb4b.jpg,no_defect,train
data/splits_metal/yolo_val/severstal_6b0b37549.jpg,patch,train
data/splits_metal/yolo_val/severstal_7f3204217.jpg,scratch,train
data/splits_metal/ae_train/severstal_159a7dfba.jpg,no_defect,train
data/splits_metal/yolo_train/severstal_a9108753d.jpg,scratch,train
data/splits_metal/yolo_train/severstal_74ac88f43.jpg,scratch,train
data/splits_metal/ae_train/severstal_27bae6729.jpg,no_defect,train
data/splits_metal/yolo_val/severstal_9f179959b.jpg,scratch,train
data/splits_metal/ae_train/severstal_3e6f0aa57.jpg,no_defect,train
data/splits_metal/ae_train/severstal_fd8e2675c.jpg,no_defect,train
data/splits_metal/yolo_train/severstal_20dec6c22.jpg,scratch,train
data/splits_metal/ae_train/severstal_1339dae37.jpg,no_defect,train
data/splits_metal/yolo_train/severstal_be13b4853.jpg,scratch,train
data/splits_metal/ae_train/severstal_998d686d8.jpg,no_defect,train
data/splits_metal/ae_train/severstal_1e7a089c5.jpg,no_defect,train
data/splits_metal/ae_train/severstal_42e6b0f02.jpg,no_defect,train
data/splits_metal/yolo_val/severstal_04055fd3e.jpg,scratch,train
data/splits_metal/yolo_train/severstal_00cdb56a0.jpg,scratch,train
data/splits_metal/ae_train/severstal_fbccd24e3.jpg,no_defect,train
data/splits_metal/ae_train/severstal_87a285597.jpg,no_defect,train
data/splits_metal/yolo_train/severstal_31a1081e9.jpg,patch,train
data/splits_metal/yolo_train/severstal_70a644cb3.jpg,scratch,train
data/splits_metal/yolo_train/severstal_7c98d8010.jpg,scratch,train
data/splits_metal/ae_train/severstal_e38fb8774.jpg,no_defect,train
data/splits_metal/yolo_val/severstal_f8bf12de0.jpg,scratch,train
data/splits_metal/yolo_train/severstal_dc94faafc.jpg,patch,train
data/splits_metal/yolo_val/severstal_ff933e271.jpg,scratch,train
data/splits_metal/yolo_val/severstal_054190eb2.jpg,scratch,train
data/splits_metal/ae_train/severstal_0bef9d940.jpg,no_defect,train
data/splits_metal/ae_train/severstal_18a277ca3.jpg,no_defect,train
data/splits_metal/yolo_train/severstal_2a74520ed.jpg,scratch,train
data/splits_metal/yolo_train/severstal_400161088.jpg,scratch,train
data/splits_metal/ae_train/severstal_ada6c433b.jpg,no_defect,train
data/splits_metal/ae_train/severstal_d2e980156.jpg,no_defect,train
data/splits_metal/ae_train/severstal_54c49ad1f.jpg,no_defect,train
data/splits_metal/yolo_train/severstal_0b8575001.jpg,scratch,train
data/splits_metal/ae_train/severstal_4bee25e3e.jpg,no_defect,train
data/splits_metal/yolo_val/severstal_271551c4f.jpg,scratch,train
data/splits_metal/yolo_train/severstal_d36df54f6.jpg,scratch,train
data/splits_metal/yolo_train/severstal_4c67c9b8e.jpg,pitting,train
data/splits_metal/ae_train/severstal_6c200c5d6.jpg,no_defect,train
data/splits_metal/yolo_train/severstal_769fe56c3.jpg,scratch,train
data/splits_metal/yolo_train/severstal_f294b84ed.jpg,scratch,train
data/splits_metal/yolo_val/severstal_bca4ae758.jpg,pitting,train
data/splits_metal/yolo_train/severstal_aca765aec.jpg,scratch,train
data/splits_metal/ae_train/severstal_48842c265.jpg,no_defect,train
data/splits_metal/yolo_train/severstal_4bd15a7ae.jpg,patch,train
data/splits_metal/ae_train/severstal_00031f466.jpg,no_defect,train
data/splits_metal/yolo_train/severstal_3bc8e7028.jpg,scratch,train
data/splits_metal/yolo_train/severstal_bd343c6f7.jpg,scratch,train
data/splits_metal/ae_train/severstal_cf2af7292.jpg,no_defect,train
data/splits_metal/ae_train/severstal_856b4f598.jpg,no_defect,train
data/splits_metal/ae_train/severstal_580a5a5ad.jpg,no_defect,train
data/splits_metal/yolo_train/severstal_e29d6c141.jpg,scratch,train
data/splits_metal/yolo_train/severstal_1b52ec552.jpg,scratch,train
data/splits_metal/ae_train/severstal_ba1848fc8.jpg,no_defect,train
data/splits_metal/ae_train/severstal_15ca4bc45.jpg,no_defect,train
data/splits_metal/yolo_train/severstal_7b5037360.jpg,scratch,train
data/splits_metal/ae_train/severstal_3d6ddd339.jpg,no_defect,train
data/splits_metal/yolo_train/severstal_f183f0192.jpg,scratch,train
data/splits_metal/yolo_train/severstal_a506b44b3.jpg,pitting,train
data/splits_metal/yolo_train/severstal_6bdf447c5.jpg,scratch,train
data/splits_metal/yolo_train/severstal_2bdb48c91.jpg,pitting,train
data/splits_metal/yolo_train/severstal_c6cac1cac.jpg,scratch,train
data/splits_metal/yolo_train/severstal_ac47aefbc.jpg,patch,train
data/splits_metal/yolo_train/severstal_43c1e8a0b.jpg,scratch,train
data/splits_metal/yolo_train/severstal_82c806ebb.jpg,scratch,train
data/splits_metal/ae_train/severstal_b56eaf11d.jpg,no_defect,train
data/splits_metal/ae_train/severstal_4c5617af0.jpg,no_defect,train
data/splits_metal/ae_train/severstal_6c88c5714.jpg,no_defect,train
data/splits_metal/yolo_val/severstal_0f9a12222.jpg,pitting,train
data/splits_metal/ae_train/severstal_0101e2cf0.jpg,no_defect,train
data/splits_metal/yolo_train/severstal_4b925c919.jpg,scratch,train
data/splits_metal/ae_train/severstal_bc12102b8.jpg,no_defect,train
data/splits_metal/yolo_train/severstal_b719010ac.jpg,scratch,train
data/splits_metal/yolo_train/severstal_9ef683a79.jpg,scratch,train
data/splits_metal/yolo_train/severstal_27f99b836.jpg,pitting,train
data/splits_metal/yolo_train/severstal_c720250a2.jpg,inclusion,train
data/splits_metal/yolo_train/severstal_e831de714.jpg,scratch,train
data/splits_metal/yolo_train/severstal_3505dd9f3.jpg,scratch,train
data/splits_metal/yolo_train/severstal_9bfcca020.jpg,scratch,train
data/splits_metal/yolo_train/severstal_0d4866e3c.jpg,inclusion,train
data/splits_metal/ae_train/severstal_ecd0a3e9d.jpg,no_defect,train
data/splits_metal/yolo_train/severstal_8bb5ada5c.jpg,pitting,train
data/splits_metal/ae_train/severstal_fe618d8ad.jpg,no_defect,train
data/splits_metal/yolo_train/severstal_eab6bfdea.jpg,scratch,train
data/splits_metal/yolo_train/severstal_6dfd81e89.jpg,scratch,train
data/splits_metal/ae_train/severstal_885e9371e.jpg,no_defect,train
data/splits_metal/ae_train/severstal_ce9c575ae.jpg,no_defect,train
data/splits_metal/ae_train/severstal_05bb18957.jpg,no_defect,train
data/splits_metal/yolo_train/severstal_9d7ed0880.jpg,scratch,train
data/splits_metal/yolo_train/severstal_56120829d.jpg,scratch,train
data/splits_metal/ae_train/severstal_83674f503.jpg,no_defect,train
data/splits_metal/ae_train/severstal_e33294689.jpg,no_defect,train
data/splits_metal/ae_train/severstal_4ed62a0c0.jpg,no_defect,train
data/splits_metal/yolo_train/severstal_1a075e075.jpg,patch,train
data/splits_metal/yolo_train/severstal_7ec4cd778.jpg,scratch,train
data/splits_metal/ae_train/severstal_ed8985a80.jpg,no_defect,train
data/splits_metal/yolo_train/severstal_ca02e9e92.jpg,scratch,train
data/splits_metal/ae_train/severstal_a7f3a0644.jpg,no_defect,train
data/splits_metal/ae_train/severstal_9ef832f8d.jpg,no_defect,train
data/splits_metal/ae_train/severstal_7611175e3.jpg,no_defect,train
data/splits_metal/yolo_val/severstal_620f810e7.jpg,scratch,train
data/splits_metal/yolo_train/severstal_1be49cb6f.jpg,scratch,train
data/splits_metal/ae_train/severstal_91acd9d7a.jpg,no_defect,train
data/splits_metal/yolo_train/severstal_a045e21e6.jpg,scratch,train
data/splits_metal/yolo_train/severstal_4d930ad34.jpg,pitting,train
data/splits_metal/yolo_val/severstal_b1e3c11ad.jpg,patch,train
data/splits_metal/ae_train/severstal_e5ccbb1b8.jpg,no_defect,train
data/splits_metal/ae_train/severstal_af1c8d7bb.jpg,no_defect,train
data/splits_metal/yolo_train/severstal_56de9f0d1.jpg,pitting,train
data/splits_metal/ae_train/severstal_07134bc11.jpg,no_defect,train
data/splits_metal/yolo_train/severstal_5c68839d0.jpg,scratch,train
data/splits_metal/yolo_train/severstal_1ccb093e6.jpg,inclusion,train
data/splits_metal/yolo_train/severstal_fec86da3c.jpg,scratch,train
data/splits_metal/yolo_train/severstal_e616ad745.jpg,scratch,train
data/splits_metal/ae_train/severstal_76f6fd3df.jpg,no_defect,train
data/splits_metal/ae_train/severstal_1d64dd62e.jpg,no_defect,train
data/splits_metal/yolo_train/severstal_9a8c769b4.jpg,scratch,train
data/splits_metal/ae_train/severstal_1c3aae5fd.jpg,no_defect,train
data/splits_metal/yolo_train/severstal_19b4b7cd8.jpg,pitting,train
data/splits_metal/yolo_train/severstal_352c15e36.jpg,scratch,train
data/splits_metal/ae_train/severstal_58e0f40f8.jpg,no_defect,train
data/splits_metal/yolo_train/severstal_9c7a6cf21.jpg,scratch,train
data/splits_metal/yolo_train/severstal_b6f61c6b0.jpg,patch,train
data/splits_metal/yolo_train/severstal_aebbc40a6.jpg,scratch,train
data/splits_metal/yolo_train/severstal_9c7d10c89.jpg,scratch,train
data/splits_metal/yolo_train/severstal_99224c3d5.jpg,patch,train
data/splits_metal/ae_train/severstal_a08ace855.jpg,no_defect,train
data/splits_metal/yolo_train/severstal_50bab4d98.jpg,scratch,train
data/splits_metal/yolo_train/severstal_cee6f5bec.jpg,scratch,train
data/splits_metal/ae_train/severstal_bdb473db4.jpg,no_defect,train
data/splits_metal/yolo_train/severstal_d5d900def.jpg,patch,train
data/splits_metal/ae_train/severstal_5b7e28cdb.jpg,no_defect,train
data/splits_metal/yolo_train/severstal_0af6b34a8.jpg,scratch,train
data/splits_metal/yolo_val/severstal_f98a8ae54.jpg,pitting,train
data/splits_metal/yolo_train/severstal_e02ffc95b.jpg,scratch,train
data/splits_metal/ae_train/severstal_e9ccfe4b5.jpg,no_defect,train
data/splits_metal/yolo_val/severstal_412fe7f70.jpg,scratch,train
data/splits_metal/ae_train/severstal_d836aca54.jpg,no_defect,train
data/splits_metal/ae_train/severstal_bd8e1d238.jpg,no_defect,train
data/splits_metal/ae_train/severstal_1c9bc9377.jpg,no_defect,train
data/splits_metal/ae_train/severstal_09909c535.jpg,no_defect,train
data/splits_metal/yolo_train/severstal_bf96d0602.jpg,scratch,train
data/splits_metal/yolo_val/severstal_28f005ffe.jpg,scratch,train
data/splits_metal/ae_train/severstal_9a81a8056.jpg,no_defect,train
data/splits_metal/yolo_train/severstal_a81499b19.jpg,scratch,train
data/splits_metal/yolo_train/severstal_38760254d.jpg,scratch,train
data/splits_metal/ae_train/severstal_91c27607f.jpg,no_defect,train
data/splits_metal/ae_train/severstal_f525de3a6.jpg,no_defect,train
data/splits_metal/ae_train/severstal_d0566a76a.jpg,no_defect,train
data/splits_metal/ae_train/severstal_7dc5466c1.jpg,no_defect,train
data/splits_metal/ae_train/severstal_1c3efa3ca.jpg,no_defect,train
data/splits_metal/ae_train/severstal_d484c6454.jpg,no_defect,train
data/splits_metal/ae_train/severstal_dbbd64250.jpg,no_defect,train
data/splits_metal/yolo_train/severstal_bee2f16b2.jpg,inclusion,train
data/splits_metal/ae_train/severstal_55de18232.jpg,no_defect,train
data/splits_metal/ae_train/severstal_18076ccc9.jpg,no_defect,train
data/splits_metal/yolo_train/severstal_93a9c65bf.jpg,scratch,train
data/splits_metal/ae_train/severstal_dc845f534.jpg,no_defect,train
data/splits_metal/yolo_train/severstal_d57629343.jpg,scratch,train
data/splits_metal/ae_train/severstal_686d19124.jpg,no_defect,train
data/splits_metal/ae_train/severstal_ac068dbec.jpg,no_defect,train
data/splits_metal/ae_train/severstal_f7202186a.jpg,no_defect,train
data/splits_metal/yolo_val/severstal_e40e068f3.jpg,pitting,train
data/splits_metal/ae_train/severstal_faf0dc448.jpg,no_defect,train
data/splits_metal/ae_train/severstal_8d7f2d82b.jpg,no_defect,train
data/splits_metal/yolo_train/severstal_008ef3d74.jpg,inclusion,train
data/splits_metal/yolo_train/severstal_b1d3f12b6.jpg,patch,train
data/splits_metal/ae_train/severstal_a0b862abb.jpg,no_defect,train
data/splits_metal/ae_train/severstal_c7f5f72b0.jpg,no_defect,train
data/splits_metal/ae_train/severstal_34fa5d06c.jpg,no_defect,train
data/splits_metal/yolo_train/severstal_1473a83e2.jpg,scratch,train
data/splits_metal/ae_train/severstal_2257ce176.jpg,no_defect,train
data/splits_metal/ae_train/severstal_e0546380b.jpg,no_defect,train
data/splits_metal/ae_train/severstal_7576e7f81.jpg,no_defect,train
data/splits_metal/yolo_train/severstal_72bd7d348.jpg,scratch,train
data/splits_metal/yolo_train/severstal_0025bde0c.jpg,scratch,train
data/splits_metal/yolo_train/severstal_605ed0050.jpg,inclusion,train
data/splits_metal/yolo_train/severstal_d7eb453fe.jpg,pitting,train
data/splits_metal/yolo_train/severstal_3266ff34d.jpg,scratch,train
data/splits_metal/ae_train/severstal_6f42c704a.jpg,no_defect,train
data/splits_metal/yolo_val/severstal_8866a93f6.jpg,patch,train
data/splits_metal/ae_train/severstal_c9931e3fd.jpg,no_defect,train
data/splits_metal/yolo_train/severstal_1379aba8d.jpg,scratch,train
data/splits_metal/yolo_val/severstal_c495e234e.jpg,scratch,train
data/splits_metal/yolo_train/severstal_2111e4f3f.jpg,scratch,train
data/splits_metal/yolo_train/severstal_9db16f031.jpg,pitting,train
data/splits_metal/yolo_train/severstal_670b74b68.jpg,pitting,train
data/splits_metal/ae_train/severstal_c064a385e.jpg,no_defect,train
data/splits_metal/ae_train/severstal_c9cf804c1.jpg,no_defect,train
data/splits_metal/ae_train/severstal_441cb4bcf.jpg,no_defect,train
data/splits_metal/yolo_train/severstal_9eb76f829.jpg,inclusion,train
data/splits_metal/ae_train/severstal_81032f953.jpg,no_defect,train
data/splits_metal/ae_train/severstal_c41ca6add.jpg,no_defect,train
data/splits_metal/ae_train/severstal_dc59b5377.jpg,no_defect,train
data/splits_metal/yolo_train/severstal_83d2fffd3.jpg,scratch,train
data/splits_metal/yolo_val/severstal_dd8e822bb.jpg,pitting,train
data/splits_metal/ae_train/severstal_fe56055d0.jpg,no_defect,train
data/splits_metal/ae_train/severstal_b4805acf7.jpg,no_defect,train
data/splits_metal/yolo_train/severstal_12c0b2b5c.jpg,scratch,train
data/splits_metal/yolo_val/severstal_9ebb54e56.jpg,scratch,train
data/splits_metal/yolo_train/severstal_91fc61e33.jpg,scratch,train
data/splits_metal/yolo_train/severstal_6cb1e08e1.jpg,inclusion,train
data/splits_metal/yolo_train/severstal_6fd1ed5aa.jpg,patch,train
data/splits_metal/ae_train/severstal_26c4eacfa.jpg,no_defect,train
data/splits_metal/ae_train/severstal_a272e2e20.jpg,no_defect,train
data/splits_metal/yolo_train/severstal_eb10d7ae4.jpg,scratch,train
data/splits_metal/ae_train/severstal_5f951ff8c.jpg,no_defect,train
data/splits_metal/yolo_val/severstal_746863c8f.jpg,scratch,train
data/splits_metal/ae_train/severstal_efe81e1da.jpg,no_defect,train
data/splits_metal/ae_train/severstal_0e09ff3bd.jpg,no_defect,train
data/splits_metal/yolo_train/severstal_41028db98.jpg,scratch,train
data/splits_metal/yolo_train/severstal_cef5ff47d.jpg,inclusion,train
data/splits_metal/ae_train/severstal_c4fc6bbdc.jpg,no_defect,train
data/splits_metal/ae_train/severstal_c414ca6fe.jpg,no_defect,train
data/splits_metal/ae_train/severstal_0fac62a3e.jpg,no_defect,train
data/splits_metal/yolo_train/severstal_636bad9bd.jpg,scratch,train
data/splits_metal/ae_train/severstal_463145f22.jpg,no_defect,train
data/splits_metal/ae_train/severstal_77f3dccab.jpg,no_defect,train
data/splits_metal/ae_train/severstal_feb959e50.jpg,no_defect,train
data/splits_metal/yolo_train/severstal_159a2fee0.jpg,scratch,train
data/splits_metal/yolo_train/severstal_6f405f1e3.jpg,scratch,train
data/splits_metal/ae_train/severstal_e2c3cb4ec.jpg,no_defect,train
data/splits_metal/ae_train/severstal_41f07df70.jpg,no_defect,train
data/splits_metal/ae_train/severstal_1da5c535f.jpg,no_defect,train
data/splits_metal/ae_train/severstal_ea766c268.jpg,no_defect,train
data/splits_metal/ae_train/severstal_7a4ea2dca.jpg,no_defect,train
data/splits_metal/ae_train/severstal_ccb8bac74.jpg,no_defect,train
data/splits_metal/yolo_train/severstal_5698f3507.jpg,patch,train
data/splits_metal/yolo_val/severstal_37bc122bd.jpg,scratch,train
data/splits_metal/ae_train/severstal_099465815.jpg,no_defect,train
data/splits_metal/yolo_train/severstal_d06052fa8.jpg,scratch,train
data/splits_metal/ae_train/severstal_c1eb0477a.jpg,no_defect,train
data/splits_metal/ae_train/severstal_fe471b6c5.jpg,no_defect,train
data/splits_metal/yolo_val/severstal_01fd320c9.jpg,scratch,train
data/splits_metal/ae_train/severstal_945fbed15.jpg,no_defect,train
data/splits_metal/ae_train/severstal_bfc38d5ba.jpg,no_defect,train
data/splits_metal/ae_train/severstal_6ede55a0d.jpg,no_defect,train
data/splits_metal/ae_train/severstal_d3705e767.jpg,no_defect,train
data/splits_metal/yolo_train/severstal_c5e2b8fff.jpg,scratch,train
data/splits_metal/yolo_train/severstal_741a5c461.jpg,scratch,train
data/splits_metal/yolo_train/severstal_45993565a.jpg,scratch,train
data/splits_metal/ae_train/severstal_223e550cc.jpg,no_defect,train
data/splits_metal/yolo_val/severstal_351936382.jpg,scratch,train
data/splits_metal/ae_train/severstal_f801dd10b.jpg,no_defect,train
data/splits_metal/yolo_train/severstal_fb357de4d.jpg,scratch,train
data/splits_metal/yolo_train/severstal_9f2f9704e.jpg,scratch,train
data/splits_metal/ae_train/severstal_6099f39dc.jpg,no_defect,train
data/splits_metal/ae_train/severstal_1a0fbd2f0.jpg,no_defect,train
data/splits_metal/yolo_val/severstal_a0058b3fe.jpg,scratch,train
data/splits_metal/ae_train/severstal_91420d21b.jpg,no_defect,train
data/splits_metal/yolo_train/severstal_857f907cc.jpg,scratch,train
data/splits_metal/yolo_val/severstal_91a713a73.jpg,scratch,train
data/splits_metal/ae_train/severstal_7f0f0ff7c.jpg,no_defect,train
data/splits_metal/ae_train/severstal_f21d3541c.jpg,no_defect,train
data/splits_metal/yolo_train/severstal_74661f8d7.jpg,scratch,train
data/splits_metal/ae_train/severstal_585f34f11.jpg,no_defect,train
data/splits_metal/yolo_val/severstal_066ecd182.jpg,scratch,train
data/splits_metal/yolo_train/severstal_6705eb964.jpg,scratch,train
data/splits_metal/yolo_train/severstal_1cb27ff90.jpg,scratch,train
data/splits_metal/ae_train/severstal_2e531b831.jpg,no_defect,train
data/splits_metal/yolo_train/severstal_e4a7202d9.jpg,inclusion,train
data/splits_metal/ae_train/severstal_911deff94.jpg,no_defect,train
data/splits_metal/yolo_val/severstal_81ff630e3.jpg,pitting,train
data/splits_metal/ae_train/severstal_4ba3c73f3.jpg,no_defect,train
data/splits_metal/yolo_train/severstal_68150e7ff.jpg,scratch,train
data/splits_metal/yolo_train/severstal_333832839.jpg,scratch,train
data/splits_metal/ae_train/severstal_5cf49344a.jpg,no_defect,train
data/splits_metal/ae_train/severstal_4bf727605.jpg,no_defect,train
data/splits_metal/yolo_val/severstal_f37003c14.jpg,pitting,train
data/splits_metal/ae_train/severstal_59063047a.jpg,no_defect,train
data/splits_metal/ae_train/severstal_8c7e2be20.jpg,no_defect,train
data/splits_metal/ae_train/severstal_1bebe7eb7.jpg,no_defect,train
data/splits_metal/ae_train/severstal_2dfedfe3c.jpg,no_defect,train
data/splits_metal/ae_train/severstal_9172281a1.jpg,no_defect,train
data/splits_metal/yolo_train/severstal_0046839bd.jpg,scratch,train
data/splits_metal/ae_train/severstal_16a8c937b.jpg,no_defect,train
data/splits_metal/yolo_val/severstal_e2abceace.jpg,scratch,train
data/splits_metal/yolo_train/severstal_1b12de419.jpg,scratch,train
data/splits_metal/ae_train/severstal_45f984c71.jpg,no_defect,train
data/splits_metal/yolo_train/severstal_c9c1384be.jpg,scratch,train
data/splits_metal/ae_train/severstal_3df5661f0.jpg,no_defect,train
data/splits_metal/yolo_train/severstal_9027291e8.jpg,scratch,train
data/splits_metal/yolo_val/severstal_8abd1fbf5.jpg,scratch,train
data/splits_metal/yolo_train/severstal_2ec116cea.jpg,scratch,train
data/splits_metal/yolo_train/severstal_d9bfea1ea.jpg,scratch,train
data/splits_metal/ae_train/severstal_9e8d10d0a.jpg,no_defect,train
data/splits_metal/ae_train/severstal_d0fa0e7d6.jpg,no_defect,train
data/splits_metal/yolo_train/severstal_3071e65a5.jpg,scratch,train
data/splits_metal/ae_train/severstal_afcf048de.jpg,no_defect,train
data/splits_metal/yolo_train/severstal_b9e47cf86.jpg,scratch,train
data/splits_metal/yolo_train/severstal_97892278c.jpg,scratch,train
data/splits_metal/yolo_train/severstal_026183d85.jpg,inclusion,train
data/splits_metal/ae_train/severstal_d2133ec61.jpg,no_defect,train
data/splits_metal/yolo_val/severstal_232a62357.jpg,scratch,train
data/splits_metal/yolo_train/severstal_51a3f4c59.jpg,scratch,train
data/splits_metal/yolo_train/severstal_e3b9a7b07.jpg,patch,train
data/splits_metal/yolo_train/severstal_a8eaf15a1.jpg,scratch,train
data/splits_metal/ae_train/severstal_bdd8d2739.jpg,no_defect,train
data/splits_metal/yolo_train/severstal_5becb5ee2.jpg,scratch,train
data/splits_metal/ae_train/severstal_775bddbe7.jpg,no_defect,train
data/splits_metal/ae_train/severstal_b494c20d6.jpg,no_defect,train
data/splits_metal/ae_train/severstal_d6cecaebc.jpg,no_defect,train
data/splits_metal/yolo_train/severstal_d6b6434e5.jpg,scratch,train
data/splits_metal/ae_train/severstal_e8b114d2a.jpg,no_defect,train
data/splits_metal/ae_train/severstal_1da26ff0c.jpg,no_defect,train
data/splits_metal/ae_train/severstal_a4b1020cc.jpg,no_defect,train
data/splits_metal/ae_train/severstal_b40e4ebd6.jpg,no_defect,train
data/splits_metal/yolo_train/severstal_0bc3f8ce8.jpg,scratch,train
data/splits_metal/ae_train/severstal_3d9a1cd10.jpg,no_defect,train
data/splits_metal/ae_train/severstal_b0161473e.jpg,no_defect,train
data/splits_metal/yolo_val/severstal_496790c19.jpg,scratch,train
data/splits_metal/ae_train/severstal_437c133a4.jpg,no_defect,train
data/splits_metal/ae_train/severstal_5da0590e5.jpg,no_defect,train
data/splits_metal/yolo_val/severstal_085bcd104.jpg,scratch,train
data/splits_metal/yolo_train/severstal_a78f72e04.jpg,scratch,train
data/splits_metal/ae_train/severstal_086bf54f4.jpg,no_defect,train
data/splits_metal/yolo_train/severstal_4b16dc9ee.jpg,patch,train
data/splits_metal/yolo_train/severstal_b79a0d30f.jpg,patch,train
data/splits_metal/yolo_train/severstal_9b7974523.jpg,scratch,train
data/splits_metal/yolo_train/severstal_b595566b3.jpg,pitting,train
data/splits_metal/ae_train/severstal_abac4e544.jpg,no_defect,train
data/splits_metal/ae_train/severstal_a27d1d567.jpg,no_defect,train
data/splits_metal/ae_train/severstal_bc23b3e0f.jpg,no_defect,train
data/splits_metal/ae_train/severstal_33612b7f6.jpg,no_defect,train
data/splits_metal/ae_train/severstal_3ac0eed4b.jpg,no_defect,train
data/splits_metal/ae_train/severstal_3a27bc80a.jpg,no_defect,train
data/splits_metal/yolo_train/severstal_aefa93267.jpg,scratch,train
data/splits_metal/ae_train/severstal_bf9ec9501.jpg,no_defect,train
data/splits_metal/ae_train/severstal_c58d3772f.jpg,no_defect,train
data/splits_metal/yolo_train/severstal_7612f0d6c.jpg,scratch,train
data/splits_metal/yolo_train/severstal_1bdcc6338.jpg,scratch,train
data/splits_metal/yolo_val/severstal_632133372.jpg,scratch,train
data/splits_metal/yolo_train/severstal_b030ec597.jpg,scratch,train
data/splits_metal/yolo_train/severstal_d9077b7f2.jpg,pitting,train
data/splits_metal/ae_train/severstal_a5428ec61.jpg,no_defect,train
data/splits_metal/ae_train/severstal_48bf87000.jpg,no_defect,train
data/splits_metal/yolo_val/severstal_71f2ce9ab.jpg,pitting,train
data/splits_metal/ae_train/severstal_7907c3a1d.jpg,no_defect,train
data/splits_metal/yolo_val/severstal_d96c0e264.jpg,patch,train
data/splits_metal/yolo_train/severstal_b8f1c53e2.jpg,pitting,train
data/splits_metal/yolo_train/severstal_486b452b6.jpg,scratch,train
data/splits_metal/yolo_train/severstal_8f0795458.jpg,scratch,train
data/splits_metal/yolo_train/severstal_e51c76beb.jpg,scratch,train
data/splits_metal/ae_train/severstal_b79c520bb.jpg,no_defect,train
data/splits_metal/yolo_train/severstal_a2d475315.jpg,scratch,train
data/splits_metal/yolo_val/severstal_4c2bd254d.jpg,scratch,train
data/splits_metal/yolo_train/severstal_bbc220ad9.jpg,scratch,train
data/splits_metal/ae_train/severstal_d6f74b2a0.jpg,no_defect,train
data/splits_metal/yolo_train/severstal_a6a6f59c7.jpg,scratch,train
data/splits_metal/yolo_train/severstal_d291f8de6.jpg,scratch,train
data/splits_metal/yolo_train/severstal_9c024e0ba.jpg,scratch,train
data/splits_metal/ae_train/severstal_ab9ac2006.jpg,no_defect,train
data/splits_metal/yolo_val/severstal_0281aba7b.jpg,scratch,train
data/splits_metal/yolo_train/severstal_2d86d4f15.jpg,scratch,train
data/splits_metal/yolo_train/severstal_ee0f815a0.jpg,scratch,train
data/splits_metal/ae_train/severstal_f67d160b0.jpg,no_defect,train
data/splits_metal/yolo_train/severstal_c46065903.jpg,patch,train
data/splits_metal/ae_train/severstal_974bd9df0.jpg,no_defect,train
data/splits_metal/yolo_train/severstal_f917bca00.jpg,scratch,train
data/splits_metal/ae_train/severstal_761bdd88d.jpg,no_defect,train
data/splits_metal/yolo_val/severstal_bd54aaaea.jpg,scratch,train
data/splits_metal/ae_train/severstal_385db4482.jpg,no_defect,train
data/splits_metal/yolo_train/severstal_01ebe0d32.jpg,scratch,train
data/splits_metal/ae_train/severstal_ceb4d3861.jpg,no_defect,train
data/splits_metal/ae_train/severstal_4eeafada5.jpg,no_defect,train
data/splits_metal/yolo_train/severstal_61a06d797.jpg,scratch,train
data/splits_metal/ae_train/severstal_0c4fc6017.jpg,no_defect,train
data/splits_metal/yolo_train/severstal_9f2871e90.jpg,scratch,train
data/splits_metal/ae_train/severstal_9c078fc6b.jpg,no_defect,train
data/splits_metal/yolo_train/severstal_c7adf7112.jpg,scratch,train
data/splits_metal/ae_train/severstal_4df49614a.jpg,no_defect,train
data/splits_metal/yolo_train/severstal_33945043e.jpg,pitting,train
data/splits_metal/yolo_val/severstal_1fd098a38.jpg,pitting,train
data/splits_metal/yolo_train/severstal_0a37f0a29.jpg,scratch,train
data/splits_metal/ae_train/severstal_a2a4076c9.jpg,no_defect,train
data/splits_metal/yolo_train/severstal_697149900.jpg,scratch,train
data/splits_metal/ae_train/severstal_7da9335fd.jpg,no_defect,train
data/splits_metal/yolo_val/severstal_8562a95b4.jpg,scratch,train
data/splits_metal/yolo_val/severstal_cdd3113af.jpg,scratch,train
data/splits_metal/ae_train/severstal_a890f04af.jpg,no_defect,train
data/splits_metal/ae_train/severstal_986d8cdc6.jpg,no_defect,train
data/splits_metal/yolo_val/severstal_dd9e0257b.jpg,scratch,train
data/splits_metal/yolo_val/severstal_31fdbb560.jpg,patch,train
data/splits_metal/ae_train/severstal_3b55c8cd1.jpg,no_defect,train
data/splits_metal/yolo_train/severstal_d74c7c967.jpg,scratch,train
data/splits_metal/yolo_train/severstal_e1560e1d0.jpg,scratch,train
data/splits_metal/ae_train/severstal_819e9bce9.jpg,no_defect,train
data/splits_metal/yolo_val/severstal_636700b91.jpg,scratch,train
data/splits_metal/yolo_train/severstal_830ab6c11.jpg,scratch,train
data/splits_metal/yolo_val/severstal_aa2db8e29.jpg,scratch,train
data/splits_metal/yolo_train/severstal_cc8f6ee56.jpg,scratch,train
data/splits_metal/yolo_train/severstal_27faa1de7.jpg,scratch,train
data/splits_metal/ae_train/severstal_621086ad2.jpg,no_defect,train
data/splits_metal/ae_train/severstal_ab573218d.jpg,no_defect,train
data/splits_metal/ae_train/severstal_6f0b6b59d.jpg,no_defect,train
data/splits_metal/yolo_val/severstal_b8576af47.jpg,scratch,train
data/splits_metal/ae_train/severstal_18cc78e81.jpg,no_defect,train
data/splits_metal/yolo_train/severstal_91b250f41.jpg,pitting,train
data/splits_metal/yolo_train/severstal_c448a41ee.jpg,scratch,train
data/splits_metal/ae_train/severstal_0f3de4dde.jpg,no_defect,train
data/splits_metal/ae_train/severstal_970a14c31.jpg,no_defect,train
data/splits_metal/ae_train/severstal_5caa63ad4.jpg,no_defect,train
data/splits_metal/yolo_val/severstal_751db247d.jpg,inclusion,train
data/splits_metal/ae_train/severstal_a38aa9808.jpg,no_defect,train
data/splits_metal/yolo_val/severstal_1835aee23.jpg,scratch,train
data/splits_metal/ae_train/severstal_daeb19735.jpg,no_defect,train
data/splits_metal/ae_train/severstal_4cb3f36d4.jpg,no_defect,train
data/splits_metal/ae_train/severstal_5352353d3.jpg,no_defect,train
data/splits_metal/ae_train/severstal_a76baea54.jpg,no_defect,train
data/splits_metal/ae_train/severstal_59ae6ad57.jpg,no_defect,train
data/splits_metal/yolo_train/severstal_0ecf31314.jpg,scratch,train
data/splits_metal/yolo_train/severstal_cdf669a1f.jpg,patch,train
data/splits_metal/ae_train/severstal_94f95f5ec.jpg,no_defect,train
data/splits_metal/ae_train/severstal_d3a0a3378.jpg,no_defect,train
data/splits_metal/yolo_train/severstal_7f3181e44.jpg,inclusion,train
data/splits_metal/ae_train/severstal_76606ed44.jpg,no_defect,train
data/splits_metal/ae_train/severstal_3fcad5fbe.jpg,no_defect,train
data/splits_metal/ae_train/severstal_7f196e938.jpg,no_defect,train
data/splits_metal/ae_train/severstal_e2f601a45.jpg,no_defect,train
data/splits_metal/ae_train/severstal_5b922560e.jpg,no_defect,train
data/splits_metal/ae_train/severstal_c2234a956.jpg,no_defect,train
data/splits_metal/ae_train/severstal_7f9df7221.jpg,no_defect,train
data/splits_metal/ae_train/severstal_33468c501.jpg,no_defect,train
data/splits_metal/ae_train/severstal_bcd819a3b.jpg,no_defect,train
data/splits_metal/ae_train/severstal_0b620e67a.jpg,no_defect,train
data/splits_metal/yolo_train/severstal_3f39b85b9.jpg,scratch,train
data/splits_metal/yolo_train/severstal_385e1970e.jpg,scratch,train
data/splits_metal/ae_train/severstal_0202a5f22.jpg,no_defect,train
data/splits_metal/yolo_train/severstal_1a77fb759.jpg,patch,train
data/splits_metal/ae_train/severstal_3fd0abc7e.jpg,no_defect,train
data/splits_metal/ae_train/severstal_1015a389a.jpg,no_defect,train
data/splits_metal/ae_train/severstal_02b2cb5c3.jpg,no_defect,train
data/splits_metal/ae_train/severstal_18ef5e6f6.jpg,no_defect,train
data/splits_metal/ae_train/severstal_a54129141.jpg,no_defect,train
data/splits_metal/yolo_train/severstal_2c18ac76d.jpg,pitting,train
data/splits_metal/ae_train/severstal_744f5f73b.jpg,no_defect,train
data/splits_metal/yolo_train/severstal_3b2b910c7.jpg,scratch,train
data/splits_metal/yolo_train/severstal_d7c2c6ba8.jpg,scratch,train
data/splits_metal/ae_train/severstal_08c8229e3.jpg,no_defect,train
data/splits_metal/ae_train/severstal_531cda8a6.jpg,no_defect,train
data/splits_metal/ae_train/severstal_10d49b465.jpg,no_defect,train
data/splits_metal/yolo_train/severstal_5c86de06f.jpg,scratch,train
data/splits_metal/ae_train/severstal_1dbe980cc.jpg,no_defect,train
data/splits_metal/ae_train/severstal_c6632541a.jpg,no_defect,train
data/splits_metal/ae_train/severstal_e642dfc8d.jpg,no_defect,train
data/splits_metal/yolo_train/severstal_72bebf035.jpg,pitting,train
data/splits_metal/ae_train/severstal_146ce9b0d.jpg,no_defect,train
data/splits_metal/yolo_train/severstal_3c8b6c978.jpg,scratch,train
data/splits_metal/yolo_train/severstal_95b95a425.jpg,scratch,train
data/splits_metal/ae_train/severstal_bd8860de4.jpg,no_defect,train
data/splits_metal/yolo_train/severstal_af6441bac.jpg,scratch,train
data/splits_metal/ae_train/severstal_d1ac060b3.jpg,no_defect,train
data/splits_metal/yolo_train/severstal_6f2357894.jpg,scratch,train
data/splits_metal/ae_train/severstal_c27f43f5c.jpg,no_defect,train
data/splits_metal/yolo_train/severstal_dd1683e7b.jpg,scratch,train
data/splits_metal/ae_train/severstal_f3e9dc39c.jpg,no_defect,train
data/splits_metal/yolo_train/severstal_446b75ffb.jpg,scratch,train
data/splits_metal/ae_train/severstal_2cc298242.jpg,no_defect,train
data/splits_metal/ae_train/severstal_b782bd738.jpg,no_defect,train
data/splits_metal/yolo_train/severstal_42ef7e425.jpg,scratch,train
data/splits_metal/ae_train/severstal_30c3aa027.jpg,no_defect,train
data/splits_metal/yolo_train/severstal_a91b97969.jpg,pitting,train
data/splits_metal/yolo_train/severstal_334a77fc4.jpg,scratch,train
data/splits_metal/yolo_train/severstal_d7749f865.jpg,scratch,train
data/splits_metal/ae_train/severstal_6d6469a35.jpg,no_defect,train
data/splits_metal/yolo_train/severstal_904584541.jpg,patch,train
data/splits_metal/ae_train/severstal_de50ea03d.jpg,no_defect,train
data/splits_metal/yolo_train/severstal_4cf3b3988.jpg,pitting,train
data/splits_metal/ae_train/severstal_766c8d67c.jpg,no_defect,train
data/splits_metal/yolo_val/severstal_a1982cad5.jpg,scratch,train
data/splits_metal/yolo_train/severstal_0aceecf0a.jpg,scratch,train
data/splits_metal/ae_train/severstal_ac85ff364.jpg,no_defect,train
data/splits_metal/ae_train/severstal_2d759a3be.jpg,no_defect,train
data/splits_metal/yolo_val/severstal_6343860bc.jpg,scratch,train
data/splits_metal/yolo_train/severstal_4fe777e50.jpg,scratch,train
data/splits_metal/yolo_val/severstal_0ea00bf92.jpg,inclusion,train
data/splits_metal/yolo_train/severstal_21365e1a3.jpg,scratch,train
data/splits_metal/yolo_train/severstal_9c41af5a0.jpg,scratch,train
data/splits_metal/ae_train/severstal_e7ca69c59.jpg,no_defect,train
data/splits_metal/ae_train/severstal_a1547cdfd.jpg,no_defect,train
data/splits_metal/ae_train/severstal_657f2e15d.jpg,no_defect,train
data/splits_metal/yolo_train/severstal_7c00478a3.jpg,scratch,train
data/splits_metal/ae_train/severstal_65dabbb96.jpg,no_defect,train
data/splits_metal/ae_train/severstal_ea5d87b7d.jpg,no_defect,train
data/splits_metal/yolo_train/severstal_326f2e4b7.jpg,scratch,train
data/splits_metal/ae_train/severstal_18303031f.jpg,no_defect,train
data/splits_metal/yolo_train/severstal_0842fa725.jpg,inclusion,train
data/splits_metal/yolo_train/severstal_f65921e5a.jpg,patch,train
data/splits_metal/yolo_train/severstal_eceb96837.jpg,scratch,train
data/splits_metal/ae_train/severstal_01d590c5f.jpg,no_defect,train
data/splits_metal/ae_train/severstal_bdae09f43.jpg,no_defect,train
data/splits_metal/yolo_train/severstal_dff1d028a.jpg,scratch,train
data/splits_metal/yolo_train/severstal_5affd9802.jpg,scratch,train
data/splits_metal/ae_train/severstal_b7155ddaf.jpg,no_defect,train
data/splits_metal/ae_train/severstal_e58d23f69.jpg,no_defect,train
data/splits_metal/yolo_train/severstal_86ffabc49.jpg,patch,train
data/splits_metal/yolo_val/severstal_401de199f.jpg,scratch,train
data/splits_metal/ae_train/severstal_de09c0302.jpg,no_defect,train
data/splits_metal/yolo_train/severstal_9345f1250.jpg,scratch,train
data/splits_metal/ae_train/severstal_8c6c0ef90.jpg,no_defect,train
data/splits_metal/yolo_train/severstal_86eddd938.jpg,scratch,train
data/splits_metal/ae_train/severstal_f96003fac.jpg,no_defect,train
data/splits_metal/ae_train/severstal_1689be8c8.jpg,no_defect,train
data/splits_metal/ae_train/severstal_b2571d121.jpg,no_defect,train
data/splits_metal/yolo_train/severstal_25c8f7153.jpg,scratch,train
data/splits_metal/yolo_val/severstal_09b428fe0.jpg,pitting,train
data/splits_metal/yolo_train/severstal_180478e66.jpg,scratch,train
data/splits_metal/yolo_train/severstal_7a14789e6.jpg,scratch,train
data/splits_metal/ae_train/severstal_be8e28587.jpg,no_defect,train
data/splits_metal/ae_train/severstal_5d65e94a7.jpg,no_defect,train
data/splits_metal/ae_train/severstal_ff73c8e76.jpg,no_defect,train
data/splits_metal/ae_train/severstal_822aa8de8.jpg,no_defect,train
data/splits_metal/ae_train/severstal_c374f493e.jpg,no_defect,train
data/splits_metal/ae_train/severstal_48fee593e.jpg,no_defect,train
data/splits_metal/ae_train/severstal_a9d54a2fe.jpg,no_defect,train
data/splits_metal/ae_train/severstal_ed992aa5a.jpg,no_defect,train
data/splits_metal/ae_train/severstal_6869514ca.jpg,no_defect,train
data/splits_metal/ae_train/severstal_2858af68b.jpg,no_defect,train
data/splits_metal/ae_train/severstal_67014d942.jpg,no_defect,train
data/splits_metal/ae_train/severstal_2e2b38b6d.jpg,no_defect,train
data/splits_metal/ae_train/severstal_dfe59369c.jpg,no_defect,train
data/splits_metal/yolo_train/severstal_86063fcba.jpg,pitting,train
data/splits_metal/ae_train/severstal_9046fb20f.jpg,no_defect,train
data/splits_metal/yolo_train/severstal_c167117c8.jpg,scratch,train
data/splits_metal/yolo_val/severstal_c3dc05f58.jpg,scratch,train
data/splits_metal/yolo_train/severstal_846a8ccab.jpg,scratch,train
data/splits_metal/ae_train/severstal_dc7c4b465.jpg,no_defect,train
data/splits_metal/yolo_val/severstal_79679dd6a.jpg,patch,train
data/splits_metal/yolo_train/severstal_9236b3124.jpg,patch,train
data/splits_metal/ae_train/severstal_bd894f161.jpg,no_defect,train
data/splits_metal/ae_train/severstal_1c3bfb4ab.jpg,no_defect,train
data/splits_metal/yolo_train/severstal_d15823291.jpg,scratch,train
data/splits_metal/yolo_train/severstal_e3988634c.jpg,scratch,train
data/splits_metal/ae_train/severstal_a31917703.jpg,no_defect,train
data/splits_metal/ae_train/severstal_8e6d94a54.jpg,no_defect,train
data/splits_metal/yolo_train/severstal_3da31ea30.jpg,scratch,train
data/splits_metal/ae_train/severstal_3b3cdf141.jpg,no_defect,train
data/splits_metal/yolo_train/severstal_800b8c9d1.jpg,scratch,train
data/splits_metal/ae_train/severstal_22f984bc6.jpg,no_defect,train
data/splits_metal/ae_train/severstal_a73cf6a39.jpg,no_defect,train
data/splits_metal/yolo_train/severstal_e29f1a47a.jpg,scratch,train
data/splits_metal/yolo_val/severstal_a8fcfff62.jpg,scratch,train
data/splits_metal/ae_train/severstal_3e9581ec3.jpg,no_defect,train
data/splits_metal/ae_train/severstal_23109ddf4.jpg,no_defect,train
data/splits_metal/yolo_train/severstal_8aaf23412.jpg,scratch,train
data/splits_metal/yolo_train/severstal_865574894.jpg,scratch,train
data/splits_metal/yolo_val/severstal_a77af14dd.jpg,pitting,train
data/splits_metal/yolo_train/severstal_9169b4f3a.jpg,scratch,train
data/splits_metal/ae_train/severstal_a5f52444d.jpg,no_defect,train
data/splits_metal/ae_train/severstal_ad56c5372.jpg,no_defect,train
data/splits_metal/ae_train/severstal_cececa61c.jpg,no_defect,train
data/splits_metal/yolo_train/severstal_3a2f71136.jpg,scratch,train
data/splits_metal/yolo_val/severstal_dea31c6e2.jpg,scratch,train
data/splits_metal/ae_train/severstal_743f86720.jpg,no_defect,train
data/splits_metal/yolo_train/severstal_e07f3eb4b.jpg,scratch,train
data/splits_metal/ae_train/severstal_3b2ad5e0b.jpg,no_defect,train
data/splits_metal/yolo_val/severstal_15e8d5e3d.jpg,patch,train
data/splits_metal/yolo_train/severstal_57cb45ba8.jpg,scratch,train
data/splits_metal/ae_train/severstal_5e3a14360.jpg,no_defect,train
data/splits_metal/ae_train/severstal_a09855d99.jpg,no_defect,train
data/splits_metal/yolo_train/severstal_d2f07a8db.jpg,pitting,train
data/splits_metal/yolo_train/severstal_3ce4ece71.jpg,scratch,train
data/splits_metal/yolo_train/severstal_a09a889b2.jpg,scratch,train
data/splits_metal/yolo_train/severstal_dfe79ed0f.jpg,scratch,train
data/splits_metal/yolo_train/severstal_eb630c931.jpg,pitting,train
data/splits_metal/yolo_train/severstal_37ea06e86.jpg,patch,train
data/splits_metal/ae_train/severstal_d80ccc3d8.jpg,no_defect,train
data/splits_metal/yolo_train/severstal_22fb4b286.jpg,scratch,train
data/splits_metal/yolo_train/severstal_988cf521f.jpg,pitting,train
data/splits_metal/yolo_train/severstal_bbcf45362.jpg,scratch,train
data/splits_metal/yolo_train/severstal_70dd2c2f8.jpg,scratch,train
data/splits_metal/yolo_train/severstal_eef10580b.jpg,scratch,train
data/splits_metal/yolo_train/severstal_61457b567.jpg,patch,train
data/splits_metal/ae_train/severstal_6a7567d37.jpg,no_defect,train
data/splits_metal/yolo_val/severstal_edfe6ee4c.jpg,patch,train
data/splits_metal/ae_train/severstal_2f62ab26c.jpg,no_defect,train
data/splits_metal/ae_train/severstal_27824360e.jpg,no_defect,train
data/splits_metal/ae_train/severstal_8ad6b411a.jpg,no_defect,train
data/splits_metal/ae_train/severstal_fbce992e6.jpg,no_defect,train
data/splits_metal/yolo_train/severstal_d31e0200c.jpg,pitting,train
data/splits_metal/yolo_train/severstal_141bea747.jpg,patch,train
data/splits_metal/ae_train/severstal_63541b5aa.jpg,no_defect,train
data/splits_metal/yolo_train/severstal_4cc6b09fd.jpg,scratch,train
data/splits_metal/yolo_train/severstal_398a5b6a9.jpg,scratch,train
data/splits_metal/yolo_train/severstal_7210ffc2d.jpg,scratch,train
data/splits_metal/ae_train/severstal_4aa45169c.jpg,no_defect,train
data/splits_metal/yolo_train/severstal_8f42319aa.jpg,scratch,train
data/splits_metal/ae_train/severstal_5dc613459.jpg,no_defect,train
data/splits_metal/yolo_train/severstal_00d639396.jpg,scratch,train
data/splits_metal/ae_train/severstal_b559544b5.jpg,no_defect,train
data/splits_metal/yolo_train/severstal_6bf94eea0.jpg,scratch,train
data/splits_metal/ae_train/severstal_65353e7e0.jpg,no_defect,train
data/splits_metal/yolo_train/severstal_d32cc0a14.jpg,scratch,train
data/splits_metal/yolo_val/severstal_d44663f51.jpg,scratch,train
data/splits_metal/ae_train/severstal_ed62608bc.jpg,no_defect,train
data/splits_metal/yolo_train/severstal_a3148f47c.jpg,inclusion,train
data/splits_metal/ae_train/severstal_b2fcc9bd6.jpg,no_defect,train
data/splits_metal/ae_train/severstal_79b4672b2.jpg,no_defect,train
data/splits_metal/yolo_val/severstal_d21be4a4b.jpg,scratch,train
data/splits_metal/yolo_train/severstal_7e6015fc5.jpg,scratch,train
data/splits_metal/yolo_train/severstal_c210d2e08.jpg,inclusion,train
data/splits_metal/ae_train/severstal_255dde01e.jpg,no_defect,train
data/splits_metal/ae_train/severstal_2fb37ce84.jpg,no_defect,train
data/splits_metal/yolo_train/severstal_a13c52c08.jpg,pitting,train
data/splits_metal/yolo_train/severstal_685b767f1.jpg,patch,train
data/splits_metal/ae_train/severstal_d7f6f26c4.jpg,no_defect,train
data/splits_metal/ae_train/severstal_50dbfb4ec.jpg,no_defect,train
data/splits_metal/yolo_train/severstal_24e3826ff.jpg,scratch,train
data/splits_metal/yolo_train/severstal_1bf758d80.jpg,scratch,train
data/splits_metal/yolo_train/severstal_4c12f034c.jpg,scratch,train
data/splits_metal/yolo_train/severstal_61835d07a.jpg,scratch,train
data/splits_metal/ae_train/severstal_5b6d6b7ff.jpg,no_defect,train
data/splits_metal/ae_train/severstal_446860e27.jpg,no_defect,train
data/splits_metal/yolo_train/severstal_e3e8594fa.jpg,scratch,train
data/splits_metal/yolo_train/severstal_068c6c4a9.jpg,inclusion,train
data/splits_metal/yolo_train/severstal_147ca5516.jpg,patch,train
data/splits_metal/yolo_train/severstal_4cd17e5b9.jpg,scratch,train
data/splits_metal/ae_train/severstal_3d7643d80.jpg,no_defect,train
data/splits_metal/yolo_val/severstal_d72037f3c.jpg,scratch,train
data/splits_metal/yolo_train/severstal_0014fce06.jpg,scratch,train
data/splits_metal/ae_train/severstal_dac94b2f6.jpg,no_defect,train
data/splits_metal/yolo_val/severstal_429650b38.jpg,scratch,train
data/splits_metal/yolo_train/severstal_739a0aa20.jpg,inclusion,train
data/splits_metal/ae_train/severstal_921dc8805.jpg,no_defect,train
data/splits_metal/yolo_train/severstal_7da901e89.jpg,scratch,train
data/splits_metal/ae_train/severstal_f5dbb7e00.jpg,no_defect,train
data/splits_metal/ae_train/severstal_1592ad79d.jpg,no_defect,train
data/splits_metal/yolo_val/severstal_320557243.jpg,pitting,train
data/splits_metal/yolo_train/severstal_7c0745f39.jpg,pitting,train
data/splits_metal/yolo_train/severstal_fcb25f2ec.jpg,scratch,train
data/splits_metal/yolo_train/severstal_4992fae6f.jpg,pitting,train
data/splits_metal/ae_train/severstal_cde989d95.jpg,no_defect,train
data/splits_metal/ae_train/severstal_c33c289a5.jpg,no_defect,train
data/splits_metal/yolo_train/severstal_34ee04d85.jpg,scratch,train
data/splits_metal/ae_train/severstal_cab4a0c41.jpg,no_defect,train
data/splits_metal/ae_train/severstal_69e3729fa.jpg,no_defect,train
data/splits_metal/yolo_train/severstal_92f49dcb1.jpg,scratch,train
data/splits_metal/yolo_train/severstal_7668b7312.jpg,scratch,train
data/splits_metal/ae_train/severstal_7b0b85b1d.jpg,no_defect,train
data/splits_metal/yolo_val/severstal_cdd6cac95.jpg,scratch,train
data/splits_metal/yolo_train/severstal_d4da4dc47.jpg,scratch,train
data/splits_metal/ae_train/severstal_f2370bcfb.jpg,no_defect,train
data/splits_metal/yolo_train/severstal_21f157362.jpg,scratch,train
data/splits_metal/yolo_val/severstal_dc607256d.jpg,scratch,train
data/splits_metal/ae_train/severstal_f6a0c323a.jpg,no_defect,train
data/splits_metal/yolo_train/severstal_8f4a566fb.jpg,pitting,train
data/splits_metal/ae_train/severstal_1470535be.jpg,no_defect,train
data/splits_metal/yolo_train/severstal_f1119e073.jpg,scratch,train
data/splits_metal/yolo_val/severstal_50655a748.jpg,patch,train
data/splits_metal/yolo_train/severstal_14e4da366.jpg,scratch,train
data/splits_metal/ae_train/severstal_30c4c4c6e.jpg,no_defect,train
data/splits_metal/yolo_train/severstal_10c190f20.jpg,scratch,train
data/splits_metal/yolo_train/severstal_ff9923932.jpg,scratch,train
data/splits_metal/yolo_train/severstal_f85515b8b.jpg,scratch,train
data/splits_metal/yolo_val/severstal_16a50624d.jpg,patch,train
data/splits_metal/yolo_train/severstal_17eeca349.jpg,pitting,train
data/splits_metal/ae_train/severstal_3b7ef7095.jpg,no_defect,train
data/splits_metal/ae_train/severstal_954fe7dcf.jpg,no_defect,train
data/splits_metal/ae_train/severstal_2b62b9cb1.jpg,no_defect,train
data/splits_metal/ae_train/severstal_672dfd40c.jpg,no_defect,train
data/splits_metal/ae_train/severstal_3b0fc5e05.jpg,no_defect,train
data/splits_metal/ae_train/severstal_2fdfeea2f.jpg,no_defect,train
data/splits_metal/yolo_train/severstal_8266cca81.jpg,scratch,train
data/splits_metal/ae_train/severstal_27f0f986f.jpg,no_defect,train
data/splits_metal/yolo_train/severstal_8f81e6d35.jpg,inclusion,train
data/splits_metal/ae_train/severstal_7145a831a.jpg,no_defect,train
data/splits_metal/yolo_train/severstal_d4e26768d.jpg,scratch,train
data/splits_metal/yolo_train/severstal_b9752d783.jpg,scratch,train
data/splits_metal/yolo_train/severstal_052ac9a54.jpg,scratch,train
data/splits_metal/ae_train/severstal_7b8deab35.jpg,no_defect,train
data/splits_metal/yolo_train/severstal_35271f898.jpg,scratch,train
data/splits_metal/yolo_train/severstal_69e2943d2.jpg,scratch,train
data/splits_metal/ae_train/severstal_c3d61db2f.jpg,no_defect,train
data/splits_metal/yolo_train/severstal_2a95756e7.jpg,scratch,train
data/splits_metal/ae_train/severstal_918a753e9.jpg,no_defect,train
data/splits_metal/ae_train/severstal_d1267facd.jpg,no_defect,train
data/splits_metal/yolo_train/severstal_e2b3cf9a4.jpg,pitting,train
data/splits_metal/ae_train/severstal_ff6ec63cf.jpg,no_defect,train
data/splits_metal/yolo_train/severstal_55ccadff9.jpg,scratch,train
data/splits_metal/yolo_val/severstal_1bd3a1f4c.jpg,scratch,train
data/splits_metal/yolo_train/severstal_b23e854e8.jpg,scratch,train
data/splits_metal/yolo_train/severstal_42527400c.jpg,scratch,train
data/splits_metal/ae_train/severstal_2f2afbcc4.jpg,no_defect,train
data/splits_metal/ae_train/severstal_f3f8f84d8.jpg,no_defect,train
data/splits_metal/ae_train/severstal_774f60117.jpg,no_defect,train
data/splits_metal/yolo_train/severstal_aa394081e.jpg,scratch,train
data/splits_metal/ae_train/severstal_01b237ab8.jpg,no_defect,train
data/splits_metal/yolo_train/severstal_c319a0d11.jpg,patch,train
data/splits_metal/yolo_train/severstal_fd2a53b9a.jpg,scratch,train
data/splits_metal/yolo_val/severstal_47aae4725.jpg,scratch,train
data/splits_metal/yolo_val/severstal_78b5bc846.jpg,inclusion,train
data/splits_metal/yolo_train/severstal_c3429572b.jpg,scratch,train
data/splits_metal/ae_train/severstal_5d16d5e52.jpg,no_defect,train
data/splits_metal/yolo_train/severstal_a835a0e50.jpg,scratch,train
data/splits_metal/yolo_train/severstal_b933f4591.jpg,scratch,train
data/splits_metal/yolo_train/severstal_a61ce7b8a.jpg,patch,train
data/splits_metal/ae_train/severstal_aad145da9.jpg,no_defect,train
data/splits_metal/ae_train/severstal_a8a982a07.jpg,no_defect,train
data/splits_metal/yolo_train/severstal_d5cf4a417.jpg,scratch,train
data/splits_metal/yolo_val/severstal_8fb4575f3.jpg,scratch,train
data/splits_metal/ae_train/severstal_a37e8f7f5.jpg,no_defect,train
data/splits_metal/ae_train/severstal_0e6ff7484.jpg,no_defect,train
data/splits_metal/yolo_train/severstal_746417f50.jpg,scratch,train
data/splits_metal/ae_train/severstal_e06eb8f50.jpg,no_defect,train
data/splits_metal/ae_train/severstal_d77a3d70e.jpg,no_defect,train
data/splits_metal/yolo_train/severstal_e5cc898b6.jpg,scratch,train
data/splits_metal/yolo_train/severstal_f2991ba3c.jpg,scratch,train
data/splits_metal/yolo_train/severstal_8fc4cc556.jpg,scratch,train
data/splits_metal/ae_train/severstal_36bd8f2a7.jpg,no_defect,train
data/splits_metal/yolo_val/severstal_179f00d93.jpg,scratch,train
data/splits_metal/ae_train/severstal_b7e06286b.jpg,no_defect,train
data/splits_metal/yolo_train/severstal_d1dd9098c.jpg,scratch,train
data/splits_metal/yolo_train/severstal_fa71602c6.jpg,scratch,train
data/splits_metal/yolo_train/severstal_873e04ca8.jpg,scratch,train
data/splits_metal/ae_train/severstal_6500a95e7.jpg,no_defect,train
data/splits_metal/ae_train/severstal_e658c360c.jpg,no_defect,train
data/splits_metal/yolo_train/severstal_190190a6f.jpg,patch,train
data/splits_metal/yolo_train/severstal_d80d59653.jpg,patch,train
data/splits_metal/yolo_train/severstal_2f54e2c00.jpg,patch,train
data/splits_metal/yolo_train/severstal_dc6028399.jpg,scratch,train
data/splits_metal/yolo_train/severstal_b6a257b28.jpg,inclusion,train
data/splits_metal/ae_train/severstal_4d0d9efd8.jpg,no_defect,train
data/splits_metal/yolo_train/severstal_53b6d2ab1.jpg,scratch,train
data/splits_metal/yolo_train/severstal_904677cea.jpg,patch,train
data/splits_metal/ae_train/severstal_e1eaea5df.jpg,no_defect,train
data/splits_metal/yolo_val/severstal_a16672b15.jpg,pitting,train
data/splits_metal/ae_train/severstal_6bfb9e56a.jpg,no_defect,train
data/splits_metal/ae_train/severstal_9364ef68b.jpg,no_defect,train
data/splits_metal/yolo_val/severstal_434d03372.jpg,scratch,train
data/splits_metal/yolo_train/severstal_e808d020e.jpg,scratch,train
data/splits_metal/yolo_train/severstal_848713301.jpg,pitting,train
data/splits_metal/ae_train/severstal_9e76cabaa.jpg,no_defect,train
data/splits_metal/ae_train/severstal_314088824.jpg,no_defect,train
data/splits_metal/yolo_train/severstal_68ebc581e.jpg,scratch,train
data/splits_metal/ae_train/severstal_248660ca9.jpg,no_defect,train
data/splits_metal/ae_train/severstal_30fc6e17e.jpg,no_defect,train
data/splits_metal/yolo_train/severstal_a629cce39.jpg,scratch,train
data/splits_metal/ae_train/severstal_f02f4630b.jpg,no_defect,train
data/splits_metal/ae_train/severstal_d43406cb3.jpg,no_defect,train
data/splits_metal/ae_train/severstal_203052fde.jpg,no_defect,train
data/splits_metal/ae_train/severstal_f710d0506.jpg,no_defect,train
data/splits_metal/yolo_val/severstal_01338c0ea.jpg,scratch,train
data/splits_metal/ae_train/severstal_98c061bdd.jpg,no_defect,train
data/splits_metal/yolo_train/severstal_17b3f9421.jpg,scratch,train
data/splits_metal/ae_train/severstal_ba5e54030.jpg,no_defect,train
data/splits_metal/yolo_val/severstal_b799d56cd.jpg,scratch,train
data/splits_metal/ae_train/severstal_e4cf989d9.jpg,no_defect,train
data/splits_metal/yolo_train/severstal_5ba43097d.jpg,scratch,train
data/splits_metal/ae_train/severstal_4ac80db87.jpg,no_defect,train
data/splits_metal/ae_train/severstal_d6d275bb5.jpg,no_defect,train
data/splits_metal/ae_train/severstal_baeee87bf.jpg,no_defect,train
data/splits_metal/yolo_train/severstal_33514c0b1.jpg,scratch,train
data/splits_metal/yolo_train/severstal_677be2fe2.jpg,scratch,train
data/splits_metal/ae_train/severstal_cd519713a.jpg,no_defect,train
data/splits_metal/yolo_train/severstal_fa130006f.jpg,scratch,train
data/splits_metal/ae_train/severstal_ac9cc4f1b.jpg,no_defect,train
data/splits_metal/yolo_val/severstal_ce05c2c3f.jpg,scratch,train
data/splits_metal/yolo_train/severstal_5afa3d1e3.jpg,scratch,train
data/splits_metal/ae_train/severstal_383793f65.jpg,no_defect,train
data/splits_metal/yolo_val/severstal_ddce2a301.jpg,scratch,train
data/splits_metal/yolo_val/severstal_cd940e191.jpg,scratch,train
data/splits_metal/yolo_train/severstal_c4d13072d.jpg,pitting,train
data/splits_metal/ae_train/severstal_eb68932f0.jpg,no_defect,train
data/splits_metal/yolo_train/severstal_a02fe46b6.jpg,scratch,train
data/splits_metal/yolo_train/severstal_29df0834a.jpg,scratch,train
data/splits_metal/yolo_train/severstal_43d7e6da0.jpg,patch,train
data/splits_metal/ae_train/severstal_04d9a0db8.jpg,no_defect,train
data/splits_metal/yolo_train/severstal_6f45aa88d.jpg,scratch,train
data/splits_metal/ae_train/severstal_117a02fa5.jpg,no_defect,train
data/splits_metal/ae_train/severstal_756aa78a1.jpg,no_defect,train
data/splits_metal/ae_train/severstal_a3e9d328c.jpg,no_defect,train
data/splits_metal/yolo_val/severstal_adc257b59.jpg,pitting,train
data/splits_metal/ae_train/severstal_f95867a2b.jpg,no_defect,train
data/splits_metal/ae_train/severstal_bbbfc8375.jpg,no_defect,train
data/splits_metal/ae_train/severstal_9c70940aa.jpg,no_defect,train
data/splits_metal/yolo_train/severstal_89158744a.jpg,patch,train
data/splits_metal/yolo_train/severstal_5c36982d0.jpg,scratch,train
data/splits_metal/ae_train/severstal_1f5af3611.jpg,no_defect,train
data/splits_metal/ae_train/severstal_aa1eff0d1.jpg,no_defect,train
data/splits_metal/ae_train/severstal_bd9e49b45.jpg,no_defect,train
data/splits_metal/yolo_train/severstal_1a33e152d.jpg,pitting,train
data/splits_metal/yolo_train/severstal_e98ffbe3d.jpg,scratch,train
data/splits_metal/yolo_train/severstal_a471d7877.jpg,scratch,train
data/splits_metal/yolo_train/severstal_1c2879d0d.jpg,scratch,train
data/splits_metal/yolo_train/severstal_f63292081.jpg,scratch,train
data/splits_metal/ae_train/severstal_940dd7878.jpg,no_defect,train
data/splits_metal/ae_train/severstal_17d359607.jpg,no_defect,train
data/splits_metal/ae_train/severstal_3c0a7290f.jpg,no_defect,train
data/splits_metal/yolo_train/severstal_b71ee7bd0.jpg,patch,train
data/splits_metal/yolo_val/severstal_a922edcb6.jpg,scratch,train
data/splits_metal/ae_train/severstal_c2c5086dc.jpg,no_defect,train
data/splits_metal/ae_train/severstal_83182f270.jpg,no_defect,train
data/splits_metal/yolo_train/severstal_a42dee222.jpg,patch,train
data/splits_metal/yolo_train/severstal_0f1617841.jpg,pitting,train
data/splits_metal/ae_train/severstal_794ccb4fa.jpg,no_defect,train
data/splits_metal/yolo_val/severstal_6c0ae9d2d.jpg,scratch,train
data/splits_metal/ae_train/severstal_bd02a666e.jpg,no_defect,train
data/splits_metal/yolo_train/severstal_7eb958c89.jpg,inclusion,train
data/splits_metal/ae_train/severstal_63f58e5d6.jpg,no_defect,train
data/splits_metal/yolo_val/severstal_1dc68a7a7.jpg,scratch,train
data/splits_metal/yolo_train/severstal_426581acf.jpg,scratch,train
data/splits_metal/ae_train/severstal_0bd505b1b.jpg,no_defect,train
data/splits_metal/yolo_train/severstal_225ef7f0d.jpg,scratch,train
data/splits_metal/yolo_train/severstal_6e994b366.jpg,scratch,train
data/splits_metal/ae_train/severstal_a080c7611.jpg,no_defect,train
data/splits_metal/ae_train/severstal_431af9f99.jpg,no_defect,train
data/splits_metal/yolo_train/severstal_25c940a74.jpg,scratch,train
data/splits_metal/ae_train/severstal_a2377d13f.jpg,no_defect,train
data/splits_metal/ae_train/severstal_111ea31b8.jpg,no_defect,train
data/splits_metal/ae_train/severstal_354c2317a.jpg,no_defect,train
data/splits_metal/yolo_train/severstal_0b77d4ddf.jpg,scratch,train
data/splits_metal/yolo_val/severstal_ec6a951ba.jpg,scratch,train
data/splits_metal/yolo_train/severstal_81c37d5f1.jpg,pitting,train
data/splits_metal/ae_train/severstal_036505ca3.jpg,no_defect,train
data/splits_metal/ae_train/severstal_4ce761f01.jpg,no_defect,train
data/splits_metal/yolo_train/severstal_e4c74d00a.jpg,patch,train
data/splits_metal/ae_train/severstal_621c327d0.jpg,no_defect,train
data/splits_metal/ae_train/severstal_04505c6df.jpg,no_defect,train
data/splits_metal/yolo_train/severstal_ffc9fdf70.jpg,scratch,train
data/splits_metal/ae_train/severstal_4e4c4d040.jpg,no_defect,train
data/splits_metal/yolo_val/severstal_f338038be.jpg,scratch,train
data/splits_metal/yolo_train/severstal_a01c8ce20.jpg,scratch,train
data/splits_metal/yolo_train/severstal_93851869f.jpg,scratch,train
data/splits_metal/ae_train/severstal_37f6b9fe0.jpg,no_defect,train
data/splits_metal/ae_train/severstal_1d2202772.jpg,no_defect,train
data/splits_metal/ae_train/severstal_689491df4.jpg,no_defect,train
data/splits_metal/ae_train/severstal_608bd49bc.jpg,no_defect,train
data/splits_metal/ae_train/severstal_84b1b2c23.jpg,no_defect,train
data/splits_metal/yolo_train/severstal_75ab0593e.jpg,scratch,train
data/splits_metal/ae_train/severstal_99f75320d.jpg,no_defect,train
data/splits_metal/yolo_train/severstal_a31bad68b.jpg,scratch,train
data/splits_metal/yolo_train/severstal_bd77f2c37.jpg,scratch,train
data/splits_metal/ae_train/severstal_8a09e8354.jpg,no_defect,train
data/splits_metal/yolo_train/severstal_9d73bc0ef.jpg,scratch,train
data/splits_metal/yolo_train/severstal_27f44281b.jpg,pitting,train
data/splits_metal/yolo_train/severstal_010db68d1.jpg,pitting,train
data/splits_metal/ae_train/severstal_1a5f1097f.jpg,no_defect,train
data/splits_metal/ae_train/severstal_e77ab758f.jpg,no_defect,train
data/splits_metal/yolo_train/severstal_d3d2df811.jpg,scratch,train
data/splits_metal/yolo_train/severstal_248220d45.jpg,scratch,train
data/splits_metal/yolo_train/severstal_5a4ca9b10.jpg,scratch,train
data/splits_metal/ae_train/severstal_b1276a404.jpg,no_defect,train
data/splits_metal/yolo_train/severstal_8b0964301.jpg,scratch,train
data/splits_metal/ae_train/severstal_a36d791ee.jpg,no_defect,train
data/splits_metal/ae_train/severstal_cc82046b0.jpg,no_defect,train
data/splits_metal/ae_train/severstal_cdc029021.jpg,no_defect,train
data/splits_metal/yolo_train/severstal_69e618f88.jpg,scratch,train
data/splits_metal/ae_train/severstal_182a90efe.jpg,no_defect,train
data/splits_metal/yolo_train/severstal_3af515180.jpg,scratch,train
data/splits_metal/yolo_train/severstal_823994b16.jpg,scratch,train
data/splits_metal/yolo_train/severstal_d9378a0a0.jpg,scratch,train
data/splits_metal/yolo_train/severstal_3377332c0.jpg,scratch,train
data/splits_metal/yolo_train/severstal_698995345.jpg,scratch,train
data/splits_metal/ae_train/severstal_d7311b37e.jpg,no_defect,train
data/splits_metal/ae_train/severstal_51fd0e994.jpg,no_defect,train
data/splits_metal/yolo_train/severstal_3a53d95f3.jpg,scratch,train
data/splits_metal/yolo_val/severstal_5665ada1b.jpg,patch,train
data/splits_metal/yolo_train/severstal_732bd67ee.jpg,pitting,train
data/splits_metal/ae_train/severstal_0489a64d7.jpg,no_defect,train
data/splits_metal/ae_train/severstal_16fbb83d5.jpg,no_defect,train
data/splits_metal/yolo_train/severstal_f63e8c97f.jpg,scratch,train
data/splits_metal/yolo_train/severstal_6a06e0328.jpg,scratch,train
data/splits_metal/yolo_train/severstal_e3485d08f.jpg,scratch,train
data/splits_metal/yolo_train/severstal_b4efa00f7.jpg,scratch,train
data/splits_metal/yolo_train/severstal_863b300cb.jpg,scratch,train
data/splits_metal/yolo_train/severstal_85b72c878.jpg,scratch,train
data/splits_metal/ae_train/severstal_5bf75ef9a.jpg,no_defect,train
data/splits_metal/yolo_train/severstal_8066b7589.jpg,scratch,train
data/splits_metal/yolo_train/severstal_8cfdc1069.jpg,scratch,train
data/splits_metal/yolo_val/severstal_ebb817ec9.jpg,patch,train
data/splits_metal/yolo_train/severstal_764fa24b0.jpg,patch,train
data/splits_metal/yolo_train/severstal_a664d8138.jpg,scratch,train
data/splits_metal/ae_train/severstal_6bfcce918.jpg,no_defect,train
data/splits_metal/yolo_train/severstal_9eeadb0f5.jpg,scratch,train
data/splits_metal/yolo_train/severstal_d96baa2ce.jpg,scratch,train
data/splits_metal/ae_train/severstal_5f507f470.jpg,no_defect,train
data/splits_metal/ae_train/severstal_195c67ce9.jpg,no_defect,train
data/splits_metal/ae_train/severstal_a298592e9.jpg,no_defect,train
data/splits_metal/ae_train/severstal_af730b980.jpg,no_defect,train
data/splits_metal/yolo_train/severstal_b3e51537d.jpg,scratch,train
data/splits_metal/yolo_train/severstal_f254f1765.jpg,scratch,train
data/splits_metal/yolo_train/severstal_c71558eac.jpg,pitting,train
data/splits_metal/yolo_train/severstal_f88d122b9.jpg,patch,train
data/splits_metal/yolo_train/severstal_efa836d61.jpg,scratch,train
data/splits_metal/yolo_train/severstal_c1a90e9c8.jpg,scratch,train
data/splits_metal/ae_train/severstal_0d1ada935.jpg,no_defect,train
data/splits_metal/yolo_train/severstal_c20989bd4.jpg,scratch,train
data/splits_metal/ae_train/severstal_6b665ad9f.jpg,no_defect,train
data/splits_metal/yolo_train/severstal_ef70641e3.jpg,scratch,train
data/splits_metal/yolo_train/severstal_e7fb372da.jpg,scratch,train
data/splits_metal/yolo_train/severstal_429951ca7.jpg,scratch,train
data/splits_metal/ae_train/severstal_09a3a5730.jpg,no_defect,train
data/splits_metal/yolo_val/severstal_0606395c5.jpg,scratch,train
data/splits_metal/yolo_train/severstal_7ea03b257.jpg,patch,train
data/splits_metal/yolo_train/severstal_c5a41d53c.jpg,scratch,train
data/splits_metal/yolo_train/severstal_6c85ce812.jpg,scratch,train
data/splits_metal/ae_train/severstal_6b2891fd8.jpg,no_defect,train
data/splits_metal/yolo_train/severstal_ea8acd661.jpg,scratch,train
data/splits_metal/ae_train/severstal_41f03bd52.jpg,no_defect,train
data/splits_metal/yolo_train/severstal_000a4bcdd.jpg,pitting,train
data/splits_metal/yolo_val/severstal_3fb1d9448.jpg,patch,train
data/splits_metal/yolo_train/severstal_71f687e7d.jpg,scratch,train
data/splits_metal/yolo_train/severstal_6078cc0b1.jpg,scratch,train
data/splits_metal/yolo_train/severstal_8648b2010.jpg,patch,train
data/splits_metal/ae_train/severstal_290990afb.jpg,no_defect,train
data/splits_metal/yolo_train/severstal_96c8dd5a2.jpg,scratch,train
data/splits_metal/ae_train/severstal_b51ceed06.jpg,no_defect,train
data/splits_metal/yolo_train/severstal_ea1e42b6a.jpg,scratch,train
data/splits_metal/ae_train/severstal_1dae739cb.jpg,no_defect,train
data/splits_metal/yolo_train/severstal_e622e319f.jpg,scratch,train
data/splits_metal/yolo_train/severstal_ec8c34113.jpg,pitting,train
data/splits_metal/ae_train/severstal_18dfcd9ae.jpg,no_defect,train
data/splits_metal/ae_train/severstal_95d7ea988.jpg,no_defect,train
data/splits_metal/ae_train/severstal_051f58cb4.jpg,no_defect,train
data/splits_metal/yolo_train/severstal_640b3aede.jpg,pitting,train
data/splits_metal/yolo_train/severstal_65903909a.jpg,scratch,train
data/splits_metal/ae_train/severstal_2752d4d1d.jpg,no_defect,train
data/splits_metal/yolo_train/severstal_a2e328f50.jpg,scratch,train
data/splits_metal/yolo_train/severstal_dfc895f18.jpg,patch,train
data/splits_metal/yolo_val/severstal_25548e840.jpg,scratch,train
data/splits_metal/yolo_val/severstal_551b840d2.jpg,scratch,train
data/splits_metal/yolo_train/severstal_865b35014.jpg,scratch,train
data/splits_metal/ae_train/severstal_6a8fbd4d1.jpg,no_defect,train
data/splits_metal/ae_train/severstal_af0534891.jpg,no_defect,train
data/splits_metal/yolo_train/severstal_06d3a99cb.jpg,scratch,train
data/splits_metal/ae_train/severstal_a20f83481.jpg,no_defect,train
data/splits_metal/ae_train/severstal_868f38392.jpg,no_defect,train
data/splits_metal/ae_train/severstal_1571b4532.jpg,no_defect,train
data/splits_metal/ae_train/severstal_118f6acfe.jpg,no_defect,train
data/splits_metal/yolo_val/severstal_ead253ed7.jpg,scratch,train
data/splits_metal/yolo_train/severstal_1e1d1606e.jpg,patch,train
data/splits_metal/ae_train/severstal_eff908342.jpg,no_defect,train
data/splits_metal/yolo_train/severstal_0e232ce72.jpg,patch,train
data/splits_metal/yolo_train/severstal_927100ebb.jpg,scratch,train
data/splits_metal/yolo_train/severstal_95eaae02e.jpg,scratch,train
data/splits_metal/yolo_train/severstal_0ef465b25.jpg,scratch,train
data/splits_metal/ae_train/severstal_adf017a56.jpg,no_defect,train
data/splits_metal/yolo_train/severstal_6a64ceedf.jpg,patch,train
data/splits_metal/yolo_val/severstal_8d26ca58c.jpg,scratch,train
data/splits_metal/yolo_train/severstal_2f7334d6f.jpg,scratch,train
data/splits_metal/yolo_train/severstal_b5ab7a42f.jpg,scratch,train
data/splits_metal/yolo_train/severstal_8bd35f020.jpg,scratch,train
data/splits_metal/yolo_val/severstal_0da0d2c17.jpg,scratch,train
data/splits_metal/yolo_train/severstal_f5479db16.jpg,scratch,train
data/splits_metal/ae_train/severstal_eb082ef3e.jpg,no_defect,train
data/splits_metal/yolo_train/severstal_650fa0a7a.jpg,scratch,train
data/splits_metal/yolo_train/severstal_d652c9109.jpg,scratch,train
data/splits_metal/ae_train/severstal_e2a6c57b8.jpg,no_defect,train
data/splits_metal/yolo_train/severstal_9c1c0d47b.jpg,scratch,train
data/splits_metal/ae_train/severstal_b778a2a3e.jpg,no_defect,train
data/splits_metal/yolo_train/severstal_d806c4bd6.jpg,pitting,train
data/splits_metal/yolo_train/severstal_5e534a619.jpg,patch,train
data/splits_metal/yolo_train/severstal_1e4e988cd.jpg,scratch,train
data/splits_metal/yolo_train/severstal_60fb3a793.jpg,scratch,train
data/splits_metal/yolo_train/severstal_60bdfb21b.jpg,scratch,train
data/splits_metal/yolo_train/severstal_c85251430.jpg,scratch,train
data/splits_metal/yolo_train/severstal_bb371f33d.jpg,scratch,train
data/splits_metal/yolo_train/severstal_0645d69f9.jpg,scratch,train
data/splits_metal/ae_train/severstal_324a68581.jpg,no_defect,train
data/splits_metal/ae_train/severstal_3c4d1ec4a.jpg,no_defect,train
data/splits_metal/yolo_train/severstal_3ace682cf.jpg,scratch,train
data/splits_metal/yolo_val/severstal_f64bb97a6.jpg,patch,train
data/splits_metal/ae_train/severstal_63a3aaaa4.jpg,no_defect,train
data/splits_metal/yolo_val/severstal_974f00b13.jpg,scratch,train
data/splits_metal/ae_train/severstal_bfc087920.jpg,no_defect,train
data/splits_metal/yolo_train/severstal_fb9bed1bb.jpg,scratch,train
data/splits_metal/ae_train/severstal_7ae7ede82.jpg,no_defect,train
data/splits_metal/yolo_val/severstal_b89d58ef2.jpg,patch,train
data/splits_metal/yolo_train/severstal_af7db8470.jpg,scratch,train
data/splits_metal/ae_train/severstal_13baad39e.jpg,no_defect,train
data/splits_metal/ae_train/severstal_593f80e9f.jpg,no_defect,train
data/splits_metal/yolo_train/severstal_d8dbdc59e.jpg,patch,train
data/splits_metal/ae_train/severstal_e1375b0a1.jpg,no_defect,train
data/splits_metal/yolo_train/severstal_539baaeda.jpg,scratch,train
data/splits_metal/yolo_train/severstal_54bdb0ccf.jpg,scratch,train
data/splits_metal/yolo_train/severstal_e15a18c3e.jpg,scratch,train
data/splits_metal/ae_train/severstal_34e1e9516.jpg,no_defect,train
data/splits_metal/yolo_train/severstal_fa3828a07.jpg,scratch,train
data/splits_metal/yolo_train/severstal_5e5f3ea95.jpg,patch,train
data/splits_metal/yolo_train/severstal_01afbfa7a.jpg,patch,train
data/splits_metal/yolo_train/severstal_dd3efb748.jpg,scratch,train
data/splits_metal/yolo_train/severstal_644f9c71d.jpg,scratch,train
data/splits_metal/yolo_train/severstal_794307d65.jpg,scratch,train
data/splits_metal/yolo_train/severstal_77c7c7966.jpg,scratch,train
data/splits_metal/ae_train/severstal_9ab015391.jpg,no_defect,train
data/splits_metal/yolo_train/severstal_43746d404.jpg,scratch,train
data/splits_metal/yolo_val/severstal_3cffb1206.jpg,scratch,train
data/splits_metal/yolo_train/severstal_749407e33.jpg,scratch,train
data/splits_metal/yolo_val/severstal_80de9f3e1.jpg,scratch,train
data/splits_metal/ae_train/severstal_d9aa04f0f.jpg,no_defect,train
data/splits_metal/ae_train/severstal_39deb3067.jpg,no_defect,train
data/splits_metal/yolo_train/severstal_7f9d758d7.jpg,pitting,train
data/splits_metal/yolo_train/severstal_f7b1dd93a.jpg,inclusion,train
data/splits_metal/ae_train/severstal_600a81590.jpg,no_defect,train
data/splits_metal/yolo_train/severstal_781542bfc.jpg,pitting,train
data/splits_metal/yolo_train/severstal_8677c19e6.jpg,scratch,train
data/splits_metal/ae_train/severstal_ab6f35523.jpg,no_defect,train
data/splits_metal/ae_train/severstal_2cf6be112.jpg,no_defect,train
data/splits_metal/ae_train/severstal_a26432b80.jpg,no_defect,train
data/splits_metal/ae_train/severstal_5e08ca8ee.jpg,no_defect,train
data/splits_metal/ae_train/severstal_6f5f59020.jpg,no_defect,train
data/splits_metal/ae_train/severstal_696b1d9d7.jpg,no_defect,train
data/splits_metal/ae_train/severstal_b3ae9675d.jpg,no_defect,train
data/splits_metal/yolo_train/severstal_9c4ed4726.jpg,pitting,train
data/splits_metal/ae_train/severstal_eb6240583.jpg,no_defect,train
data/splits_metal/ae_train/severstal_3b8754337.jpg,no_defect,train
data/splits_metal/yolo_train/severstal_71c2116d8.jpg,scratch,train
data/splits_metal/yolo_train/severstal_40b724998.jpg,scratch,train
data/splits_metal/yolo_train/severstal_f14cec989.jpg,scratch,train
data/splits_metal/ae_train/severstal_c7370d3be.jpg,no_defect,train
data/splits_metal/yolo_train/severstal_f04d32eeb.jpg,scratch,train
data/splits_metal/yolo_train/severstal_42caf4e12.jpg,scratch,train
data/splits_metal/ae_train/severstal_df957cf27.jpg,no_defect,train
data/splits_metal/ae_train/severstal_47c2607ee.jpg,no_defect,train
data/splits_metal/ae_train/severstal_c2ee826a9.jpg,no_defect,train
data/splits_metal/ae_train/severstal_ae8f540a2.jpg,no_defect,train
data/splits_metal/ae_train/severstal_ead7d8e70.jpg,no_defect,train
data/splits_metal/ae_train/severstal_abdf26bbd.jpg,no_defect,train
data/splits_metal/yolo_val/severstal_10d98c2be.jpg,scratch,train
data/splits_metal/yolo_train/severstal_cefbcc992.jpg,pitting,train
data/splits_metal/yolo_val/severstal_238d6df92.jpg,scratch,train
data/splits_metal/yolo_train/severstal_d239a83c4.jpg,scratch,train
data/splits_metal/yolo_val/severstal_a5e9195b6.jpg,scratch,train
data/splits_metal/yolo_train/severstal_52faeb955.jpg,scratch,train
data/splits_metal/yolo_val/severstal_e4645dffc.jpg,scratch,train
data/splits_metal/yolo_train/severstal_b44fc6ba9.jpg,scratch,train
data/splits_metal/yolo_val/severstal_8bab4626b.jpg,scratch,train
data/splits_metal/ae_train/severstal_706efa6c9.jpg,no_defect,train
data/splits_metal/yolo_train/severstal_b7e90de47.jpg,scratch,train
data/splits_metal/yolo_train/severstal_aeadf8fde.jpg,scratch,train
data/splits_metal/yolo_val/severstal_627fef214.jpg,scratch,train
data/splits_metal/yolo_train/severstal_642cfbe74.jpg,scratch,train
data/splits_metal/yolo_train/severstal_51938ecf0.jpg,scratch,train
data/splits_metal/ae_train/severstal_806b28ae8.jpg,no_defect,train
data/splits_metal/yolo_train/severstal_955b5bbf3.jpg,scratch,train
data/splits_metal/ae_train/severstal_c6c4d6ba7.jpg,no_defect,train
data/splits_metal/ae_train/severstal_951af566d.jpg,no_defect,train
data/splits_metal/yolo_train/severstal_82e11b4e4.jpg,scratch,train
data/splits_metal/ae_train/severstal_cb18e0f90.jpg,no_defect,train
data/splits_metal/yolo_train/severstal_22031aa8f.jpg,scratch,train
data/splits_metal/ae_train/severstal_6c3866964.jpg,no_defect,train
data/splits_metal/ae_train/severstal_218ef654a.jpg,no_defect,train
data/splits_metal/ae_train/severstal_f824f4ba1.jpg,no_defect,train
data/splits_metal/yolo_train/severstal_047fa15d0.jpg,scratch,train
data/splits_metal/yolo_train/severstal_a559091c5.jpg,pitting,train
data/splits_metal/ae_train/severstal_6fa4ec1d0.jpg,no_defect,train
data/splits_metal/ae_train/severstal_a838b8e5c.jpg,no_defect,train
data/splits_metal/yolo_val/severstal_6966ed5f1.jpg,inclusion,train
data/splits_metal/yolo_train/severstal_49a46692e.jpg,patch,train
data/splits_metal/yolo_train/severstal_6c6b4fb36.jpg,scratch,train
data/splits_metal/yolo_train/severstal_b00741c0a.jpg,patch,train
data/splits_metal/ae_train/severstal_4b767f114.jpg,no_defect,train
data/splits_metal/ae_train/severstal_8d02760e9.jpg,no_defect,train
data/splits_metal/yolo_train/severstal_da3d96f2f.jpg,scratch,train
data/splits_metal/yolo_val/severstal_73472d296.jpg,scratch,train
data/splits_metal/ae_train/severstal_eef394782.jpg,no_defect,train
data/splits_metal/yolo_train/severstal_78556368f.jpg,scratch,train
data/splits_metal/yolo_train/severstal_d0d0e589a.jpg,scratch,train
data/splits_metal/ae_train/severstal_c92de07ea.jpg,no_defect,train
data/splits_metal/yolo_train/severstal_5b0413b89.jpg,scratch,train
data/splits_metal/ae_train/severstal_4b159f1b8.jpg,no_defect,train
data/splits_metal/ae_train/severstal_316cafa11.jpg,no_defect,train
data/splits_metal/yolo_train/severstal_0988e13e7.jpg,scratch,train
data/splits_metal/ae_train/severstal_fda40e618.jpg,no_defect,train
data/splits_metal/ae_train/severstal_318e41ccb.jpg,no_defect,train
data/splits_metal/ae_train/severstal_d585a6acc.jpg,no_defect,train
data/splits_metal/ae_train/severstal_de30e1d91.jpg,no_defect,train
data/splits_metal/ae_train/severstal_5eeb58b97.jpg,no_defect,train
data/splits_metal/ae_train/severstal_11b1e2910.jpg,no_defect,train
data/splits_metal/yolo_train/severstal_954d4296b.jpg,pitting,train
data/splits_metal/yolo_train/severstal_0ce3a145f.jpg,scratch,train
data/splits_metal/ae_train/severstal_65eb8d35d.jpg,no_defect,train
data/splits_metal/ae_train/severstal_831de6ce2.jpg,no_defect,train
data/splits_metal/ae_train/severstal_1eb8aaa15.jpg,no_defect,train
data/splits_metal/yolo_train/severstal_696b8ab21.jpg,scratch,train
data/splits_metal/yolo_train/severstal_8fef72c9f.jpg,scratch,train
data/splits_metal/ae_train/severstal_e2b67b778.jpg,no_defect,train
data/splits_metal/yolo_train/severstal_01053d28f.jpg,pitting,train
data/splits_metal/yolo_train/severstal_3c5941d72.jpg,scratch,train
data/splits_metal/ae_train/severstal_d44910079.jpg,no_defect,train
data/splits_metal/ae_train/severstal_4f3575945.jpg,no_defect,train
data/splits_metal/ae_train/severstal_29f9c04b5.jpg,no_defect,train
data/splits_metal/ae_train/severstal_03284f71b.jpg,no_defect,train
data/splits_metal/ae_train/severstal_7ec438623.jpg,no_defect,train
data/splits_metal/ae_train/severstal_f78601072.jpg,no_defect,train
data/splits_metal/yolo_train/severstal_c8ed5e8ab.jpg,scratch,train
data/splits_metal/ae_train/severstal_6ea15065e.jpg,no_defect,train
data/splits_metal/ae_train/severstal_12006587f.jpg,no_defect,train
data/splits_metal/ae_train/severstal_802e8e4af.jpg,no_defect,train
data/splits_metal/yolo_val/severstal_7249ae1f4.jpg,scratch,train
data/splits_metal/yolo_train/severstal_9406cb49a.jpg,scratch,train
data/splits_metal/yolo_train/severstal_b56de2940.jpg,scratch,train
data/splits_metal/yolo_val/severstal_e6a44cda3.jpg,scratch,train
data/splits_metal/ae_train/severstal_448c5b1b1.jpg,no_defect,train
data/splits_metal/yolo_train/severstal_34a94858a.jpg,scratch,train
data/splits_metal/yolo_val/severstal_95df642ba.jpg,scratch,train
data/splits_metal/yolo_train/severstal_64ca31bd3.jpg,scratch,train
data/splits_metal/yolo_train/severstal_da0262fcf.jpg,scratch,train
data/splits_metal/ae_train/severstal_2d7a69b1f.jpg,no_defect,train
data/splits_metal/ae_train/severstal_07ee5cbb2.jpg,no_defect,train
data/splits_metal/yolo_train/severstal_62e356985.jpg,patch,train
data/splits_metal/yolo_train/severstal_acd30588b.jpg,scratch,train
data/splits_metal/yolo_train/severstal_12ca2b04b.jpg,scratch,train
data/splits_metal/ae_train/severstal_cb7bc1d2b.jpg,no_defect,train
data/splits_metal/ae_train/severstal_e335e17b2.jpg,no_defect,train
data/splits_metal/ae_train/severstal_2b9a7872a.jpg,no_defect,train
data/splits_metal/yolo_train/severstal_abe217835.jpg,scratch,train
data/splits_metal/yolo_train/severstal_dab5666d9.jpg,scratch,train
data/splits_metal/yolo_train/severstal_539a30638.jpg,pitting,train
data/splits_metal/yolo_train/severstal_75e1310cc.jpg,scratch,train
data/splits_metal/ae_train/severstal_175abd8ac.jpg,no_defect,train
data/splits_metal/ae_train/severstal_49c01817b.jpg,no_defect,train
data/splits_metal/ae_train/severstal_dbfb99099.jpg,no_defect,train
data/splits_metal/ae_train/severstal_9d7410696.jpg,no_defect,train
data/splits_metal/yolo_train/severstal_8299f5460.jpg,patch,train
data/splits_metal/ae_train/severstal_8ba67e197.jpg,no_defect,train
data/splits_metal/yolo_val/severstal_23b787894.jpg,scratch,train
data/splits_metal/ae_train/severstal_1a759ef19.jpg,no_defect,train
data/splits_metal/yolo_train/severstal_72613a1e3.jpg,scratch,train
data/splits_metal/ae_train/severstal_2e0d5dde2.jpg,no_defect,train
data/splits_metal/ae_train/severstal_5e5515e05.jpg,no_defect,train
data/splits_metal/ae_train/severstal_82a4afeca.jpg,no_defect,train
data/splits_metal/ae_train/severstal_10c752d54.jpg,no_defect,train
data/splits_metal/yolo_train/severstal_a9414f90f.jpg,scratch,train
data/splits_metal/ae_train/severstal_313ae387c.jpg,no_defect,train
data/splits_metal/ae_train/severstal_5d162a1fb.jpg,no_defect,train
data/splits_metal/ae_train/severstal_5f7c066e7.jpg,no_defect,train
data/splits_metal/ae_train/severstal_d5b5a1a10.jpg,no_defect,train
data/splits_metal/ae_train/severstal_8ccc33783.jpg,no_defect,train
data/splits_metal/yolo_train/severstal_f5e54ba62.jpg,pitting,train
data/splits_metal/yolo_train/severstal_e868908d6.jpg,scratch,train
data/splits_metal/ae_train/severstal_fd297963a.jpg,no_defect,train
data/splits_metal/ae_train/severstal_c4cde08c3.jpg,no_defect,train
data/splits_metal/yolo_train/severstal_f503817dd.jpg,patch,train
data/splits_metal/ae_train/severstal_f68503ec8.jpg,no_defect,train
data/splits_metal/ae_train/severstal_50114e3ae.jpg,no_defect,train
data/splits_metal/yolo_val/severstal_e1f08c59c.jpg,scratch,train
data/splits_metal/ae_train/severstal_e4e295238.jpg,no_defect,train
data/splits_metal/yolo_train/severstal_135be73db.jpg,scratch,train
data/splits_metal/ae_train/severstal_094281d26.jpg,no_defect,train
data/splits_metal/yolo_train/severstal_115c02850.jpg,scratch,train
data/splits_metal/yolo_train/severstal_e482bf630.jpg,scratch,train
data/splits_metal/yolo_train/severstal_a0a34a07c.jpg,scratch,train
data/splits_metal/yolo_train/severstal_1d32009ed.jpg,scratch,train
data/splits_metal/yolo_train/severstal_18f057e52.jpg,scratch,train
data/splits_metal/ae_train/severstal_482abe878.jpg,no_defect,train
data/splits_metal/ae_train/severstal_8369f54aa.jpg,no_defect,train
data/splits_metal/yolo_val/severstal_1a70268d4.jpg,pitting,train
data/splits_metal/ae_train/severstal_bf9fbfaf7.jpg,no_defect,train
data/splits_metal/ae_train/severstal_fcc15caae.jpg,no_defect,train
data/splits_metal/yolo_train/severstal_74d1cd5e3.jpg,inclusion,train
data/splits_metal/yolo_train/severstal_6218cd94a.jpg,scratch,train
data/splits_metal/yolo_train/severstal_9f1a90c97.jpg,scratch,train
data/splits_metal/ae_train/severstal_682bdb9ca.jpg,no_defect,train
data/splits_metal/yolo_train/severstal_36b8651aa.jpg,scratch,train
data/splits_metal/yolo_val/severstal_ba3cdb064.jpg,scratch,train
data/splits_metal/yolo_train/severstal_6a8d360f7.jpg,scratch,train
data/splits_metal/ae_train/severstal_554fd222d.jpg,no_defect,train
data/splits_metal/yolo_val/severstal_311edf4e4.jpg,pitting,train
data/splits_metal/yolo_train/severstal_5ce3611e3.jpg,scratch,train
data/splits_metal/ae_train/severstal_c75d53df5.jpg,no_defect,train
data/splits_metal/ae_train/severstal_ffa55c731.jpg,no_defect,train
data/splits_metal/ae_train/severstal_02bb80457.jpg,no_defect,train
data/splits_metal/ae_train/severstal_b491fc95d.jpg,no_defect,train
data/splits_metal/yolo_val/severstal_a4f1180ba.jpg,scratch,train
data/splits_metal/ae_train/severstal_1e7415a4c.jpg,no_defect,train
data/splits_metal/ae_train/severstal_d76b0dc68.jpg,no_defect,train
data/splits_metal/yolo_val/severstal_b57c00a3f.jpg,scratch,train
data/splits_metal/ae_train/severstal_20bb368f8.jpg,no_defect,train
data/splits_metal/ae_train/severstal_5b3f3abe1.jpg,no_defect,train
data/splits_metal/ae_train/severstal_08d9cdf3b.jpg,no_defect,train
data/splits_metal/ae_train/severstal_8938b12eb.jpg,no_defect,train
data/splits_metal/yolo_train/severstal_1c0d8bcd0.jpg,scratch,train
data/splits_metal/ae_train/severstal_6d5103080.jpg,no_defect,train
data/splits_metal/yolo_train/severstal_c515ddabf.jpg,scratch,train
data/splits_metal/yolo_train/severstal_534666b46.jpg,scratch,train
data/splits_metal/ae_train/severstal_65d8eae69.jpg,no_defect,train
data/splits_metal/ae_train/severstal_ab1865ed6.jpg,no_defect,train
data/splits_metal/yolo_val/severstal_28661fd17.jpg,scratch,train
data/splits_metal/ae_train/severstal_68da017c7.jpg,no_defect,train
data/splits_metal/ae_train/severstal_2df89d5c2.jpg,no_defect,train
data/splits_metal/yolo_train/severstal_3b6d18d10.jpg,scratch,train
data/splits_metal/ae_train/severstal_4bf441d2e.jpg,no_defect,train
data/splits_metal/ae_train/severstal_160337c37.jpg,no_defect,train
data/splits_metal/ae_train/severstal_c2d2af726.jpg,no_defect,train
data/splits_metal/yolo_train/severstal_b68c95b87.jpg,scratch,train
data/splits_metal/ae_train/severstal_7010802fc.jpg,no_defect,train
data/splits_metal/ae_train/severstal_c88792f29.jpg,no_defect,train
data/splits_metal/yolo_train/severstal_8c85e9faa.jpg,scratch,train
data/splits_metal/yolo_train/severstal_eb1f38f03.jpg,patch,train
data/splits_metal/yolo_train/severstal_a5aa4829b.jpg,scratch,train
data/splits_metal/ae_train/severstal_87db744d8.jpg,no_defect,train
data/splits_metal/yolo_val/severstal_adfc5f0e0.jpg,scratch,train
data/splits_metal/yolo_train/severstal_6cad486d2.jpg,scratch,train
data/splits_metal/yolo_train/severstal_ac550233a.jpg,pitting,train
data/splits_metal/ae_train/severstal_eb5a90623.jpg,no_defect,train
data/splits_metal/ae_train/severstal_735a876fb.jpg,no_defect,train
data/splits_metal/ae_train/severstal_32f8b72ec.jpg,no_defect,train
data/splits_metal/ae_train/severstal_b7688a29f.jpg,no_defect,train
data/splits_metal/yolo_train/severstal_b2148a422.jpg,scratch,train
data/splits_metal/ae_train/severstal_3668d5804.jpg,no_defect,train
data/splits_metal/yolo_train/severstal_77ed43ae9.jpg,scratch,train
data/splits_metal/yolo_train/severstal_8dfcc174b.jpg,scratch,train
data/splits_metal/ae_train/severstal_d58350401.jpg,no_defect,train
data/splits_metal/ae_train/severstal_23fd97f0f.jpg,no_defect,train
data/splits_metal/yolo_val/severstal_f327ae983.jpg,scratch,train
data/splits_metal/yolo_train/severstal_fb252eb78.jpg,pitting,train
data/splits_metal/ae_train/severstal_a1503af41.jpg,no_defect,train
data/splits_metal/yolo_train/severstal_d3369b607.jpg,scratch,train
data/splits_metal/ae_train/severstal_0358eaf5b.jpg,no_defect,train
data/splits_metal/ae_train/severstal_a17df17bd.jpg,no_defect,train
data/splits_metal/ae_train/severstal_ba8a923fa.jpg,no_defect,train
data/splits_metal/yolo_val/severstal_b682bfafd.jpg,patch,train
data/splits_metal/ae_train/severstal_ca2aeb52a.jpg,no_defect,train
data/splits_metal/yolo_val/severstal_00af2671f.jpg,scratch,train
data/splits_metal/yolo_train/severstal_5a9f713f3.jpg,scratch,train
data/splits_metal/ae_train/severstal_c0cab7860.jpg,no_defect,train
data/splits_metal/yolo_train/severstal_c21edfb97.jpg,pitting,train
data/splits_metal/yolo_train/severstal_3c4f32f77.jpg,scratch,train
data/splits_metal/ae_train/severstal_440ce15f1.jpg,no_defect,train
data/splits_metal/ae_train/severstal_4824f9200.jpg,no_defect,train
data/splits_metal/yolo_train/severstal_301601620.jpg,pitting,train
data/splits_metal/ae_train/severstal_02761e0d1.jpg,no_defect,train
data/splits_metal/yolo_val/severstal_e5a59184b.jpg,scratch,train
data/splits_metal/yolo_train/severstal_ea6227174.jpg,scratch,train
data/splits_metal/yolo_train/severstal_cff9230ae.jpg,scratch,train
data/splits_metal/yolo_train/severstal_fee93875b.jpg,scratch,train
data/splits_metal/ae_train/severstal_af4e9bbc9.jpg,no_defect,train
data/splits_metal/yolo_train/severstal_398ea43ed.jpg,scratch,train
data/splits_metal/yolo_train/severstal_6bd0ca419.jpg,scratch,train
data/splits_metal/ae_train/severstal_20366ec45.jpg,no_defect,train
data/splits_metal/yolo_train/severstal_d1a618e4f.jpg,scratch,train
data/splits_metal/ae_train/severstal_acfbc40a2.jpg,no_defect,train
data/splits_metal/yolo_train/severstal_841c364ec.jpg,scratch,train
data/splits_metal/yolo_train/severstal_e7c69aea5.jpg,scratch,train
data/splits_metal/ae_train/severstal_d075922ef.jpg,no_defect,train
data/splits_metal/yolo_val/severstal_11b801a0a.jpg,scratch,train
data/splits_metal/yolo_train/severstal_b7ec604f7.jpg,scratch,train
data/splits_metal/ae_train/severstal_c8e7c35ca.jpg,no_defect,train
data/splits_metal/ae_train/severstal_b67f8ad07.jpg,no_defect,train
data/splits_metal/yolo_train/severstal_74e593376.jpg,scratch,train
data/splits_metal/yolo_train/severstal_86226216f.jpg,scratch,train
data/splits_metal/ae_train/severstal_4fd481a7a.jpg,no_defect,train
data/splits_metal/yolo_train/severstal_2c6b52b3f.jpg,scratch,train
data/splits_metal/yolo_train/severstal_f1699cb5a.jpg,scratch,train
data/splits_metal/ae_train/severstal_5125e4ad6.jpg,no_defect,train
data/splits_metal/ae_train/severstal_30979541d.jpg,no_defect,train
data/splits_metal/yolo_train/severstal_778bde2b8.jpg,scratch,train
data/splits_metal/yolo_val/severstal_31acd60ad.jpg,scratch,train
data/splits_metal/ae_train/severstal_5774ad9c5.jpg,no_defect,train
data/splits_metal/yolo_train/severstal_436e3f4a0.jpg,scratch,train
data/splits_metal/ae_train/severstal_f41c0d27c.jpg,no_defect,train
data/splits_metal/yolo_train/severstal_e49407f6c.jpg,scratch,train
data/splits_metal/yolo_train/severstal_d497baf53.jpg,scratch,train
data/splits_metal/yolo_train/severstal_f6f7902a9.jpg,patch,train
data/splits_metal/ae_train/severstal_428f061fd.jpg,no_defect,train
data/splits_metal/yolo_train/severstal_14cc1c6b0.jpg,patch,train
data/splits_metal/ae_train/severstal_14277cfb6.jpg,no_defect,train
data/splits_metal/ae_train/severstal_9edb5294f.jpg,no_defect,train
data/splits_metal/yolo_train/severstal_81ab8f502.jpg,scratch,train
data/splits_metal/yolo_val/severstal_b8642bd0a.jpg,scratch,train
data/splits_metal/yolo_train/severstal_83476e834.jpg,pitting,train
data/splits_metal/ae_train/severstal_cf85856f2.jpg,no_defect,train
data/splits_metal/ae_train/severstal_46ead28ad.jpg,no_defect,train
data/splits_metal/yolo_train/severstal_259d812b3.jpg,scratch,train
data/splits_metal/ae_train/severstal_ddb6adb93.jpg,no_defect,train
data/splits_metal/yolo_val/severstal_0bc373e44.jpg,scratch,train
data/splits_metal/yolo_train/severstal_b68b3a262.jpg,scratch,train
data/splits_metal/ae_train/severstal_9f38e4503.jpg,no_defect,train
data/splits_metal/yolo_train/severstal_306b1dbc1.jpg,scratch,train
data/splits_metal/yolo_train/severstal_c14eabf41.jpg,pitting,train
data/splits_metal/yolo_train/severstal_bdb31300b.jpg,scratch,train
data/splits_metal/ae_train/severstal_2c12af0fc.jpg,no_defect,train
data/splits_metal/yolo_train/severstal_d283f3744.jpg,scratch,train
data/splits_metal/ae_train/severstal_5d465a80a.jpg,no_defect,train
data/splits_metal/yolo_train/severstal_09e06e897.jpg,scratch,train
data/splits_metal/ae_train/severstal_4cfa918cc.jpg,no_defect,train
data/splits_metal/ae_train/severstal_78c413eb4.jpg,no_defect,train
data/splits_metal/yolo_train/severstal_d3053d477.jpg,scratch,train
data/splits_metal/yolo_val/severstal_78832879c.jpg,scratch,train
data/splits_metal/yolo_train/severstal_db5aabcb0.jpg,scratch,train
data/splits_metal/ae_train/severstal_697ff5265.jpg,no_defect,train
data/splits_metal/yolo_train/severstal_b754c1efe.jpg,pitting,train
data/splits_metal/yolo_train/severstal_0d0ee7a51.jpg,scratch,train
data/splits_metal/ae_train/severstal_684b34ac4.jpg,no_defect,train
data/splits_metal/yolo_train/severstal_1cac6e1f3.jpg,pitting,train
data/splits_metal/yolo_train/severstal_6f2c9e945.jpg,patch,train
data/splits_metal/ae_train/severstal_7cb0d415a.jpg,no_defect,train
data/splits_metal/ae_train/severstal_70f223e17.jpg,no_defect,train
data/splits_metal/yolo_train/severstal_cf5e8eb2c.jpg,scratch,train
data/splits_metal/ae_train/severstal_eedb60662.jpg,no_defect,train
data/splits_metal/yolo_train/severstal_bf828b30d.jpg,patch,train
data/splits_metal/yolo_train/severstal_1b93e337a.jpg,scratch,train
data/splits_metal/yolo_train/severstal_6eb8690cd.jpg,pitting,train
data/splits_metal/ae_train/severstal_6c135420d.jpg,no_defect,train
data/splits_metal/ae_train/severstal_47274aef1.jpg,no_defect,train
data/splits_metal/ae_train/severstal_15afcbaf7.jpg,no_defect,train
data/splits_metal/yolo_train/severstal_a239718e1.jpg,scratch,train
data/splits_metal/yolo_train/severstal_2d37a1ebe.jpg,patch,train
data/splits_metal/yolo_train/severstal_10378f8ea.jpg,scratch,train
data/splits_metal/ae_train/severstal_8766919e9.jpg,no_defect,train
data/splits_metal/yolo_train/severstal_57821dda7.jpg,scratch,train
data/splits_metal/ae_train/severstal_f035b1e71.jpg,no_defect,train
data/splits_metal/yolo_val/severstal_88f00028d.jpg,scratch,train
data/splits_metal/ae_train/severstal_e59ee3b8e.jpg,no_defect,train
data/splits_metal/yolo_train/severstal_9019c0e1e.jpg,scratch,train
data/splits_metal/ae_train/severstal_8c0e1c58d.jpg,no_defect,train
data/splits_metal/yolo_val/severstal_5092b3368.jpg,scratch,train
data/splits_metal/ae_train/severstal_da800944b.jpg,no_defect,train
data/splits_metal/ae_train/severstal_67ea2cf0a.jpg,no_defect,train
data/splits_metal/ae_train/severstal_4a3180158.jpg,no_defect,train
data/splits_metal/yolo_train/severstal_e0cc2a416.jpg,scratch,train
data/splits_metal/yolo_val/severstal_39ae1a183.jpg,patch,train
data/splits_metal/ae_train/severstal_387deae63.jpg,no_defect,train
data/splits_metal/ae_train/severstal_d50c2bbae.jpg,no_defect,train
data/splits_metal/ae_train/severstal_6de4051c7.jpg,no_defect,train
data/splits_metal/yolo_train/severstal_683ad3cc1.jpg,pitting,train
data/splits_metal/ae_train/severstal_dc03b4f94.jpg,no_defect,train
data/splits_metal/ae_train/severstal_35451fe42.jpg,no_defect,train
data/splits_metal/ae_train/severstal_3208877a7.jpg,no_defect,train
data/splits_metal/yolo_train/severstal_52d0d8da4.jpg,patch,train
data/splits_metal/yolo_train/severstal_27fb17019.jpg,scratch,train
data/splits_metal/ae_train/severstal_90004577c.jpg,no_defect,train
data/splits_metal/yolo_train/severstal_2959d7fb1.jpg,inclusion,train
data/splits_metal/yolo_train/severstal_9bba9fd75.jpg,scratch,train
data/splits_metal/ae_train/severstal_9d24b2e5b.jpg,no_defect,train
data/splits_metal/yolo_train/severstal_4bc04da70.jpg,scratch,train
data/splits_metal/yolo_train/severstal_d43c06a93.jpg,patch,train
data/splits_metal/ae_train/severstal_404a89d7b.jpg,no_defect,train
data/splits_metal/ae_train/severstal_732d33c3a.jpg,no_defect,train
data/splits_metal/yolo_train/severstal_fe335d9b8.jpg,scratch,train
data/splits_metal/ae_train/severstal_ea80c7670.jpg,no_defect,train
data/splits_metal/yolo_train/severstal_8d36899b1.jpg,scratch,train
data/splits_metal/ae_train/severstal_75b8311da.jpg,no_defect,train
data/splits_metal/yolo_train/severstal_e7aec2b3d.jpg,scratch,train
data/splits_metal/ae_train/severstal_8059001d1.jpg,no_defect,train
data/splits_metal/ae_train/severstal_5b3685c8c.jpg,no_defect,train
data/splits_metal/ae_train/severstal_aed6cfc89.jpg,no_defect,train
data/splits_metal/ae_train/severstal_4de568a45.jpg,no_defect,train
data/splits_metal/yolo_train/severstal_277e3727f.jpg,scratch,train
data/splits_metal/yolo_train/severstal_c7423a8c8.jpg,scratch,train
data/splits_metal/ae_train/severstal_7ecd825b7.jpg,no_defect,train
data/splits_metal/ae_train/severstal_7936da6f8.jpg,no_defect,train
data/splits_metal/yolo_train/severstal_b2854eaff.jpg,scratch,train
data/splits_metal/ae_train/severstal_7be0872fa.jpg,no_defect,train
data/splits_metal/yolo_train/severstal_537e66c26.jpg,pitting,train
data/splits_metal/yolo_val/severstal_5f33ded37.jpg,scratch,train
data/splits_metal/yolo_train/severstal_e4e9700de.jpg,patch,train
data/splits_metal/ae_train/severstal_b83d7659f.jpg,no_defect,train
data/splits_metal/yolo_train/severstal_ca5709ed8.jpg,scratch,train
data/splits_metal/yolo_train/severstal_5064ecb6d.jpg,scratch,train
data/splits_metal/ae_train/severstal_28ecbd153.jpg,no_defect,train
data/splits_metal/yolo_val/severstal_6b9b11301.jpg,scratch,train
data/splits_metal/yolo_train/severstal_629900275.jpg,patch,train
data/splits_metal/yolo_train/severstal_a4906327e.jpg,scratch,train
data/splits_metal/yolo_train/severstal_63cea57a1.jpg,pitting,train
data/splits_metal/yolo_train/severstal_babc63c5b.jpg,scratch,train
data/splits_metal/ae_train/severstal_c1482dc0c.jpg,no_defect,train
data/splits_metal/yolo_val/severstal_49c035d7e.jpg,scratch,train
data/splits_metal/yolo_train/severstal_06e55cb16.jpg,scratch,train
data/splits_metal/ae_train/severstal_32b55fcf1.jpg,no_defect,train
data/splits_metal/ae_train/severstal_76d347bb7.jpg,no_defect,train
data/splits_metal/ae_train/severstal_d9d94945c.jpg,no_defect,train
data/splits_metal/ae_train/severstal_90010b3b7.jpg,no_defect,train
data/splits_metal/yolo_train/severstal_5c3e81694.jpg,pitting,train
data/splits_metal/ae_train/severstal_7bb3e2218.jpg,no_defect,train
data/splits_metal/yolo_train/severstal_ed3276a76.jpg,pitting,train
data/splits_metal/yolo_train/severstal_f8af268c6.jpg,scratch,train
data/splits_metal/yolo_val/severstal_9612e2ee3.jpg,scratch,train
data/splits_metal/ae_train/severstal_43758a8d2.jpg,no_defect,train
data/splits_metal/ae_train/severstal_c3e823e83.jpg,no_defect,train
data/splits_metal/yolo_train/severstal_4e2e1bdb7.jpg,scratch,train
data/splits_metal/ae_train/severstal_0e3ade070.jpg,no_defect,train
data/splits_metal/yolo_val/severstal_bcc4f678a.jpg,scratch,train
data/splits_metal/ae_train/severstal_4f675d901.jpg,no_defect,train
data/splits_metal/ae_train/severstal_2338ed2ae.jpg,no_defect,train
data/splits_metal/yolo_train/severstal_ed2d06ff7.jpg,pitting,train
data/splits_metal/yolo_train/severstal_03ab4e3ea.jpg,scratch,train
data/splits_metal/yolo_train/severstal_b38f593fd.jpg,patch,train
data/splits_metal/ae_train/severstal_d2dbe0265.jpg,no_defect,train
data/splits_metal/yolo_train/severstal_6a6c25bd1.jpg,scratch,train
data/splits_metal/ae_train/severstal_909116a55.jpg,no_defect,train
data/splits_metal/yolo_train/severstal_2725ee8d6.jpg,scratch,train
data/splits_metal/yolo_train/severstal_fd86d4201.jpg,scratch,train
data/splits_metal/yolo_train/severstal_67741aee6.jpg,scratch,train
data/splits_metal/yolo_train/severstal_2b449bdcf.jpg,scratch,train
data/splits_metal/yolo_train/severstal_843f0ae15.jpg,scratch,train
data/splits_metal/ae_train/severstal_9cbbc9472.jpg,no_defect,train
data/splits_metal/ae_train/severstal_f06b3cff2.jpg,no_defect,train
data/splits_metal/yolo_train/severstal_ac681cbde.jpg,scratch,train
data/splits_metal/yolo_train/severstal_64fc246e7.jpg,scratch,train
data/splits_metal/yolo_val/severstal_8ec6ccc3c.jpg,scratch,train
data/splits_metal/ae_train/severstal_5b36fcd3d.jpg,no_defect,train
data/splits_metal/ae_train/severstal_aa710b314.jpg,no_defect,train
data/splits_metal/ae_train/severstal_5c5a0ce34.jpg,no_defect,train
data/splits_metal/yolo_train/severstal_96be77390.jpg,scratch,train
data/splits_metal/ae_train/severstal_fca5cbc24.jpg,no_defect,train
data/splits_metal/yolo_train/severstal_308c978a7.jpg,scratch,train
data/splits_metal/yolo_train/severstal_f60b4d359.jpg,patch,train
data/splits_metal/yolo_train/severstal_65bb052e9.jpg,scratch,train
data/splits_metal/yolo_train/severstal_8ec0d428d.jpg,scratch,train
data/splits_metal/ae_train/severstal_d91c205e6.jpg,no_defect,train
data/splits_metal/ae_train/severstal_2238b12fe.jpg,no_defect,train
data/splits_metal/yolo_train/severstal_abb5daaa0.jpg,scratch,train
data/splits_metal/yolo_train/severstal_539a9d455.jpg,pitting,train
data/splits_metal/ae_train/severstal_ae765c316.jpg,no_defect,train
data/splits_metal/yolo_train/severstal_aeda5b216.jpg,patch,train
data/splits_metal/yolo_train/severstal_a2098618c.jpg,scratch,train
data/splits_metal/yolo_train/severstal_79dc6e410.jpg,scratch,train
data/splits_metal/yolo_train/severstal_20bee9bda.jpg,scratch,train
data/splits_metal/ae_train/severstal_c4c004e9d.jpg,no_defect,train
data/splits_metal/ae_train/severstal_f07399cf6.jpg,no_defect,train
data/splits_metal/ae_train/severstal_80be3bfdc.jpg,no_defect,train
data/splits_metal/yolo_train/severstal_38bca093c.jpg,patch,train
data/splits_metal/yolo_train/severstal_8cc65d1f7.jpg,inclusion,train
data/splits_metal/yolo_train/severstal_938a15be6.jpg,scratch,train
data/splits_metal/ae_train/severstal_5a8644849.jpg,no_defect,train
data/splits_metal/yolo_train/severstal_a750dc23a.jpg,patch,train
data/splits_metal/yolo_train/severstal_4e8b5a042.jpg,scratch,train
data/splits_metal/yolo_train/severstal_bdbf5535f.jpg,scratch,train
data/splits_metal/ae_train/severstal_6ef0c216a.jpg,no_defect,train
data/splits_metal/ae_train/severstal_49e374bd3.jpg,no_defect,train
data/splits_metal/yolo_val/severstal_63fde7ae0.jpg,scratch,train
data/splits_metal/yolo_train/severstal_9906c980e.jpg,scratch,train
data/splits_metal/yolo_train/severstal_2611b46f6.jpg,scratch,train
data/splits_metal/yolo_val/severstal_b8b03dcfe.jpg,scratch,train
data/splits_metal/yolo_val/severstal_faa0cdf84.jpg,pitting,train
data/splits_metal/ae_train/severstal_c21755740.jpg,no_defect,train
data/splits_metal/yolo_train/severstal_a5b23c751.jpg,scratch,train
data/splits_metal/yolo_train/severstal_5de4f67ec.jpg,scratch,train
data/splits_metal/ae_train/severstal_202c60d61.jpg,no_defect,train
data/splits_metal/yolo_train/severstal_299a15c20.jpg,patch,train
data/splits_metal/yolo_train/severstal_d0578ca87.jpg,scratch,train
data/splits_metal/ae_train/severstal_0613c11b3.jpg,no_defect,train
data/splits_metal/ae_train/severstal_192a90dcc.jpg,no_defect,train
data/splits_metal/yolo_train/severstal_8f0a7e8af.jpg,pitting,train
data/splits_metal/ae_train/severstal_3ea50a9bc.jpg,no_defect,train
data/splits_metal/yolo_train/severstal_cb0ac6c6f.jpg,patch,train
data/splits_metal/yolo_val/severstal_8991e4a44.jpg,scratch,train
data/splits_metal/yolo_train/severstal_b64b9969e.jpg,scratch,train
data/splits_metal/ae_train/severstal_5fa66ef18.jpg,no_defect,train
data/splits_metal/ae_train/severstal_562e2274c.jpg,no_defect,train
data/splits_metal/yolo_train/severstal_f33e7a4b3.jpg,pitting,train
data/splits_metal/ae_train/severstal_a70390e7a.jpg,no_defect,train
data/splits_metal/ae_train/severstal_53eeec3d0.jpg,no_defect,train
data/splits_metal/ae_train/severstal_802bbd246.jpg,no_defect,train
data/splits_metal/ae_train/severstal_6a922ea4a.jpg,no_defect,train
data/splits_metal/ae_train/severstal_53e3ddbab.jpg,no_defect,train
data/splits_metal/yolo_val/severstal_1b9fb7411.jpg,patch,train
data/splits_metal/ae_train/severstal_60a90c7d3.jpg,no_defect,train
data/splits_metal/ae_train/severstal_611966559.jpg,no_defect,train
data/splits_metal/yolo_train/severstal_7bb3640ce.jpg,pitting,train
data/splits_metal/yolo_train/severstal_00f6e702c.jpg,scratch,train
data/splits_metal/ae_train/severstal_b03bdbc0c.jpg,no_defect,train
data/splits_metal/yolo_train/severstal_1f3c86c6f.jpg,scratch,train
data/splits_metal/ae_train/severstal_d8d7851ee.jpg,no_defect,train
data/splits_metal/yolo_train/severstal_c01fd972f.jpg,scratch,train
data/splits_metal/yolo_train/severstal_ae7a2de0d.jpg,scratch,train
data/splits_metal/ae_train/severstal_375260eb6.jpg,no_defect,train
data/splits_metal/ae_train/severstal_0fe52ac1e.jpg,no_defect,train
data/splits_metal/yolo_val/severstal_b68a9259a.jpg,patch,train
data/splits_metal/ae_train/severstal_230ce1940.jpg,no_defect,train
data/splits_metal/yolo_train/severstal_4355ef39b.jpg,pitting,train
data/splits_metal/yolo_train/severstal_4e36f104c.jpg,scratch,train
data/splits_metal/ae_train/severstal_03af7f0c0.jpg,no_defect,train
data/splits_metal/yolo_train/severstal_ae6d0bf01.jpg,scratch,train
data/splits_metal/ae_train/severstal_c53577f91.jpg,no_defect,train
data/splits_metal/ae_train/severstal_63c0e226d.jpg,no_defect,train
data/splits_metal/yolo_train/severstal_4787645e5.jpg,scratch,train
data/splits_metal/yolo_train/severstal_cc9e159dd.jpg,scratch,train
data/splits_metal/ae_train/severstal_ec3e9deb2.jpg,no_defect,train
data/splits_metal/yolo_train/severstal_822ccb565.jpg,scratch,train
data/splits_metal/yolo_train/severstal_eef6ec80a.jpg,scratch,train
data/splits_metal/ae_train/severstal_e4d934562.jpg,no_defect,train
data/splits_metal/ae_train/severstal_6fe28003f.jpg,no_defect,train
data/splits_metal/ae_train/severstal_6c3f3324a.jpg,no_defect,train
data/splits_metal/yolo_train/severstal_30070d59d.jpg,scratch,train
data/splits_metal/yolo_train/severstal_e685f521b.jpg,scratch,train
data/splits_metal/yolo_val/severstal_581bb7389.jpg,scratch,train
data/splits_metal/yolo_train/severstal_cb094c2cb.jpg,scratch,train
data/splits_metal/yolo_train/severstal_3846a8c0c.jpg,scratch,train
data/splits_metal/ae_train/severstal_32dfb96b8.jpg,no_defect,train
data/splits_metal/ae_train/severstal_4eb33b3fe.jpg,no_defect,train
data/splits_metal/yolo_train/severstal_dfd8a544d.jpg,scratch,train
data/splits_metal/ae_train/severstal_ce61b565b.jpg,no_defect,train
data/splits_metal/ae_train/severstal_93fb48b72.jpg,no_defect,train
data/splits_metal/ae_train/severstal_a4dc8cd6c.jpg,no_defect,train
data/splits_metal/yolo_train/severstal_a725b623a.jpg,scratch,train
data/splits_metal/yolo_train/severstal_7068ee9f0.jpg,scratch,train
data/splits_metal/yolo_train/severstal_3cfa559c3.jpg,scratch,train
data/splits_metal/yolo_train/severstal_b0038b54c.jpg,pitting,train
data/splits_metal/ae_train/severstal_a7b2ab721.jpg,no_defect,train
data/splits_metal/ae_train/severstal_20134e94c.jpg,no_defect,train
data/splits_metal/yolo_val/severstal_ddef064ae.jpg,scratch,train
data/splits_metal/ae_train/severstal_61b5984bb.jpg,no_defect,train
data/splits_metal/yolo_train/severstal_2ccef61c3.jpg,patch,train
data/splits_metal/yolo_train/severstal_927be944d.jpg,pitting,train
data/splits_metal/yolo_train/severstal_691680efc.jpg,scratch,train
data/splits_metal/yolo_train/severstal_f27dfe80a.jpg,scratch,train
data/splits_metal/ae_train/severstal_f9683d4b0.jpg,no_defect,train
data/splits_metal/ae_train/severstal_737777e98.jpg,no_defect,train
data/splits_metal/ae_train/severstal_1bb316ba4.jpg,no_defect,train
data/splits_metal/yolo_train/severstal_1f7e9363d.jpg,scratch,train
data/splits_metal/yolo_val/severstal_9ddc8a514.jpg,scratch,train
data/splits_metal/ae_train/severstal_b4862994a.jpg,no_defect,train
data/splits_metal/ae_train/severstal_8f61a514d.jpg,no_defect,train
data/splits_metal/ae_train/severstal_a88a7e4c8.jpg,no_defect,train
data/splits_metal/ae_train/severstal_9856bebc1.jpg,no_defect,train
data/splits_metal/ae_train/severstal_e687fcab8.jpg,no_defect,train
data/splits_metal/yolo_train/severstal_1511d97da.jpg,scratch,train
data/splits_metal/yolo_train/severstal_285781401.jpg,pitting,train
data/splits_metal/ae_train/severstal_999263047.jpg,no_defect,train
data/splits_metal/ae_train/severstal_af328f32c.jpg,no_defect,train
data/splits_metal/yolo_train/severstal_500bd5355.jpg,scratch,train
data/splits_metal/ae_train/severstal_99c626f1b.jpg,no_defect,train
data/splits_metal/yolo_train/severstal_5b5543800.jpg,patch,train
data/splits_metal/ae_train/severstal_1d3b3b762.jpg,no_defect,train
data/splits_metal/yolo_train/severstal_ae41ecb3f.jpg,scratch,train
data/splits_metal/yolo_train/severstal_8a3c1e50c.jpg,patch,train
data/splits_metal/yolo_train/severstal_cb9fe5699.jpg,scratch,train
data/splits_metal/yolo_train/severstal_9ae440fd0.jpg,scratch,train
data/splits_metal/ae_train/severstal_dab01ae21.jpg,no_defect,train
data/splits_metal/yolo_train/severstal_94753d945.jpg,scratch,train
data/splits_metal/yolo_val/severstal_4243c7476.jpg,scratch,train
data/splits_metal/yolo_train/severstal_3ab4ca44c.jpg,scratch,train
data/splits_metal/yolo_val/severstal_08605c0eb.jpg,scratch,train
data/splits_metal/ae_train/severstal_fa6a65776.jpg,no_defect,train
data/splits_metal/yolo_train/severstal_59849c3de.jpg,pitting,train
data/splits_metal/yolo_val/severstal_66c7d94b2.jpg,scratch,train
data/splits_metal/yolo_train/severstal_171c64a72.jpg,scratch,train
data/splits_metal/yolo_train/severstal_3155bc129.jpg,scratch,train
data/splits_metal/yolo_val/severstal_f03379160.jpg,pitting,train
data/splits_metal/ae_train/severstal_347a6612a.jpg,no_defect,train
data/splits_metal/yolo_train/severstal_94da85f76.jpg,pitting,train
data/splits_metal/ae_train/severstal_a1d39efe0.jpg,no_defect,train
data/splits_metal/yolo_train/severstal_8f6b07e84.jpg,scratch,train
data/splits_metal/yolo_train/severstal_8ee7a7a6a.jpg,scratch,train
data/splits_metal/ae_train/severstal_a6f761c3f.jpg,no_defect,train
data/splits_metal/ae_train/severstal_310c89662.jpg,no_defect,train
data/splits_metal/yolo_train/severstal_c98702129.jpg,scratch,train
data/splits_metal/yolo_train/severstal_6eb148407.jpg,scratch,train
data/splits_metal/ae_train/severstal_bd2366c49.jpg,no_defect,train
data/splits_metal/yolo_train/severstal_4a9bd840f.jpg,patch,train
data/splits_metal/yolo_train/severstal_aa741b586.jpg,scratch,train
data/splits_metal/ae_train/severstal_711bea123.jpg,no_defect,train
data/splits_metal/ae_train/severstal_ca30909ec.jpg,no_defect,train
data/splits_metal/yolo_train/severstal_a0fcb1803.jpg,scratch,train
data/splits_metal/yolo_val/severstal_5ba141d56.jpg,pitting,train
data/splits_metal/yolo_val/severstal_485ed6221.jpg,scratch,train
data/splits_metal/yolo_train/severstal_77e68176f.jpg,pitting,train
data/splits_metal/ae_train/severstal_19a0b8362.jpg,no_defect,train
data/splits_metal/ae_train/severstal_1b2b4d68f.jpg,no_defect,train
data/splits_metal/yolo_val/severstal_6c62c50e3.jpg,pitting,train
data/splits_metal/ae_train/severstal_1f1110622.jpg,no_defect,train
data/splits_metal/yolo_train/severstal_d2fd4e0d5.jpg,pitting,train
data/splits_metal/ae_train/severstal_94a5728a6.jpg,no_defect,train
data/splits_metal/yolo_val/severstal_6ebc3df02.jpg,patch,train
data/splits_metal/yolo_train/severstal_c46bd8459.jpg,scratch,train
data/splits_metal/yolo_train/severstal_24884c39c.jpg,scratch,train
data/splits_metal/yolo_train/severstal_b1fd37779.jpg,scratch,train
data/splits_metal/yolo_val/severstal_dc67d78bf.jpg,pitting,train
data/splits_metal/yolo_val/severstal_5ca03f4fb.jpg,scratch,train
data/splits_metal/yolo_val/severstal_ce34adc8c.jpg,scratch,train
data/splits_metal/ae_train/severstal_115d51e4f.jpg,no_defect,train
data/splits_metal/yolo_val/severstal_f33469843.jpg,pitting,train
data/splits_metal/ae_train/severstal_29c2b4ded.jpg,no_defect,train
data/splits_metal/yolo_train/severstal_1fe327594.jpg,scratch,train
data/splits_metal/ae_train/severstal_dba57b15f.jpg,no_defect,train
data/splits_metal/yolo_train/severstal_19d892dd9.jpg,patch,train
data/splits_metal/ae_train/severstal_d810f2ad7.jpg,no_defect,train
data/splits_metal/yolo_train/severstal_7c9351453.jpg,scratch,train
data/splits_metal/yolo_train/severstal_0fa3f0dab.jpg,scratch,train
data/splits_metal/yolo_train/severstal_37d1f8b36.jpg,patch,train
data/splits_metal/yolo_train/severstal_8e5a5ca0f.jpg,scratch,train
data/splits_metal/yolo_val/severstal_2eeed5102.jpg,pitting,train
data/splits_metal/ae_train/severstal_73d744a0d.jpg,no_defect,train
data/splits_metal/ae_train/severstal_e8843df4c.jpg,no_defect,train
data/splits_metal/yolo_train/severstal_dcb3d23c8.jpg,scratch,train
data/splits_metal/ae_train/severstal_77cde08c0.jpg,no_defect,train
data/splits_metal/ae_train/severstal_79b696401.jpg,no_defect,train
data/splits_metal/yolo_train/severstal_a33ec265a.jpg,scratch,train
data/splits_metal/yolo_train/severstal_7c77632e8.jpg,scratch,train
data/splits_metal/yolo_train/severstal_d4935dbfe.jpg,scratch,train
data/splits_metal/ae_train/severstal_ebd992f54.jpg,no_defect,train
data/splits_metal/yolo_train/severstal_0d22c1559.jpg,scratch,train
data/splits_metal/ae_train/severstal_2f4bcb852.jpg,no_defect,train
data/splits_metal/ae_train/severstal_1dec24f86.jpg,no_defect,train
data/splits_metal/ae_train/severstal_99852bd26.jpg,no_defect,train
data/splits_metal/yolo_train/severstal_397bdbbf6.jpg,scratch,train
data/splits_metal/ae_train/severstal_4faf01808.jpg,no_defect,train
data/splits_metal/ae_train/severstal_600dcf318.jpg,no_defect,train
data/splits_metal/ae_train/severstal_79631c4e2.jpg,no_defect,train
data/splits_metal/ae_train/severstal_2384602d3.jpg,no_defect,train
data/splits_metal/yolo_train/severstal_86aae8998.jpg,pitting,train
data/splits_metal/ae_train/severstal_6db85659a.jpg,no_defect,train
data/splits_metal/yolo_train/severstal_46dd7fa76.jpg,scratch,train
data/splits_metal/ae_train/severstal_27c8a46af.jpg,no_defect,train
data/splits_metal/yolo_train/severstal_533926801.jpg,scratch,train
data/splits_metal/ae_train/severstal_5eebc2c76.jpg,no_defect,train
data/splits_metal/yolo_val/severstal_195a41c2d.jpg,scratch,train
data/splits_metal/yolo_train/severstal_ac9c592aa.jpg,scratch,train
data/splits_metal/yolo_val/severstal_415252307.jpg,scratch,train
data/splits_metal/ae_train/severstal_dd0435139.jpg,no_defect,train
data/splits_metal/yolo_train/severstal_2d15d9135.jpg,scratch,train
data/splits_metal/yolo_train/severstal_02d8c6b30.jpg,scratch,train
data/splits_metal/ae_train/severstal_17685ac2d.jpg,no_defect,train
data/splits_metal/yolo_train/severstal_ad5a2ea44.jpg,scratch,train
data/splits_metal/yolo_train/severstal_91e4352d4.jpg,scratch,train
data/splits_metal/ae_train/severstal_fef40d085.jpg,no_defect,train
data/splits_metal/ae_train/severstal_b0daf9907.jpg,no_defect,train
data/splits_metal/ae_train/severstal_f4222bcd7.jpg,no_defect,train
data/splits_metal/ae_train/severstal_e4dffa21c.jpg,no_defect,train
data/splits_metal/ae_train/severstal_ff96da52e.jpg,no_defect,train
data/splits_metal/yolo_train/severstal_eec244672.jpg,scratch,train
data/splits_metal/yolo_train/severstal_c85960383.jpg,scratch,train
data/splits_metal/ae_train/severstal_c85dc059a.jpg,no_defect,train
data/splits_metal/ae_train/severstal_d57af4d8b.jpg,no_defect,train
data/splits_metal/ae_train/severstal_9f9fd2ade.jpg,no_defect,train
data/splits_metal/yolo_train/severstal_9e1d4b339.jpg,patch,train
data/splits_metal/yolo_train/severstal_30171214c.jpg,scratch,train
data/splits_metal/yolo_train/severstal_ee44ebd2f.jpg,patch,train
data/splits_metal/ae_train/severstal_dedd68ca3.jpg,no_defect,train
data/splits_metal/yolo_train/severstal_f41732c94.jpg,patch,train
data/splits_metal/ae_train/severstal_0c6d171c6.jpg,no_defect,train
data/splits_metal/ae_train/severstal_5da101f18.jpg,no_defect,train
data/splits_metal/ae_train/severstal_8690fe018.jpg,no_defect,train
data/splits_metal/ae_train/severstal_6ee3fd98e.jpg,no_defect,train
data/splits_metal/yolo_train/severstal_c1c3651cc.jpg,scratch,train
data/splits_metal/yolo_train/severstal_99dcc6d72.jpg,scratch,train
data/splits_metal/ae_train/severstal_1ecae540a.jpg,no_defect,train
data/splits_metal/yolo_train/severstal_7420f27c9.jpg,scratch,train
data/splits_metal/yolo_train/severstal_936e1759a.jpg,scratch,train
data/splits_metal/ae_train/severstal_5489138ba.jpg,no_defect,train
data/splits_metal/yolo_train/severstal_20905c068.jpg,scratch,train
data/splits_metal/ae_train/severstal_52aa19a36.jpg,no_defect,train
data/splits_metal/ae_train/severstal_f3a39de53.jpg,no_defect,train
data/splits_metal/yolo_val/severstal_19c645c25.jpg,scratch,train
data/splits_metal/yolo_train/severstal_510b9c5cc.jpg,pitting,train
data/splits_metal/yolo_train/severstal_f0e205516.jpg,scratch,train
data/splits_metal/yolo_val/severstal_c184f9f35.jpg,scratch,train
data/splits_metal/yolo_val/severstal_b913b77cc.jpg,scratch,train
data/splits_metal/ae_train/severstal_03f15daba.jpg,no_defect,train
data/splits_metal/yolo_train/severstal_c81c30ca0.jpg,scratch,train
data/splits_metal/yolo_train/severstal_28a1ea8c2.jpg,scratch,train
data/splits_metal/yolo_val/severstal_b34091037.jpg,inclusion,train
data/splits_metal/ae_train/severstal_12e5fd049.jpg,no_defect,train
data/splits_metal/yolo_val/severstal_b15e6ca53.jpg,scratch,train
data/splits_metal/ae_train/severstal_f3805c0a8.jpg,no_defect,train
data/splits_metal/ae_train/severstal_719061f8f.jpg,no_defect,train
data/splits_metal/yolo_train/severstal_86b7dbfe8.jpg,scratch,train
data/splits_metal/ae_train/severstal_957bc34be.jpg,no_defect,train
data/splits_metal/yolo_train/severstal_434dc37a2.jpg,scratch,train
data/splits_metal/ae_train/severstal_5d6a267d1.jpg,no_defect,train
data/splits_metal/yolo_train/severstal_2a407b8dd.jpg,scratch,train
data/splits_metal/ae_train/severstal_8a28acf4e.jpg,no_defect,train
data/splits_metal/ae_train/severstal_0a8fddf7a.jpg,no_defect,train
data/splits_metal/ae_train/severstal_6bc6e2cbc.jpg,no_defect,train
data/splits_metal/yolo_train/severstal_b27127d1d.jpg,patch,train
data/splits_metal/ae_train/severstal_daa45a546.jpg,no_defect,train
data/splits_metal/ae_train/severstal_5e3f90ef0.jpg,no_defect,train
data/splits_metal/yolo_train/severstal_1396b6e88.jpg,scratch,train
data/splits_metal/yolo_train/severstal_73059a959.jpg,scratch,train
data/splits_metal/ae_train/severstal_3bb64f5cc.jpg,no_defect,train
data/splits_metal/yolo_train/severstal_4ca64717c.jpg,scratch,train
data/splits_metal/ae_train/severstal_554cbd6bf.jpg,no_defect,train
data/splits_metal/ae_train/severstal_bdcc4b222.jpg,no_defect,train
data/splits_metal/ae_train/severstal_af3692d16.jpg,no_defect,train
data/splits_metal/ae_train/severstal_b9071870c.jpg,no_defect,train
data/splits_metal/yolo_train/severstal_eaebc549c.jpg,scratch,train
data/splits_metal/ae_train/severstal_3b2b465b0.jpg,no_defect,train
data/splits_metal/ae_train/severstal_daf0cb98c.jpg,no_defect,train
data/splits_metal/ae_train/severstal_104856a03.jpg,no_defect,train
data/splits_metal/ae_train/severstal_258890040.jpg,no_defect,train
data/splits_metal/yolo_val/severstal_e007cfe77.jpg,scratch,train
data/splits_metal/ae_train/severstal_c18a0f128.jpg,no_defect,train
data/splits_metal/yolo_train/severstal_7242fe32c.jpg,scratch,train
data/splits_metal/ae_train/severstal_cb70a10d6.jpg,no_defect,train
data/splits_metal/yolo_val/severstal_431234941.jpg,scratch,train
data/splits_metal/ae_train/severstal_059910f5a.jpg,no_defect,train
data/splits_metal/yolo_train/severstal_1287c7c74.jpg,scratch,train
data/splits_metal/ae_train/severstal_ea17260aa.jpg,no_defect,train
data/splits_metal/ae_train/severstal_00ded7837.jpg,no_defect,train
data/splits_metal/ae_train/severstal_402208ee2.jpg,no_defect,train
data/splits_metal/yolo_train/severstal_088aee82e.jpg,scratch,train
data/splits_metal/ae_train/severstal_a1eedc997.jpg,no_defect,train
data/splits_metal/ae_train/severstal_e19dec218.jpg,no_defect,train
data/splits_metal/ae_train/severstal_66a481744.jpg,no_defect,train
data/splits_metal/ae_train/severstal_a7b8b9357.jpg,no_defect,train
data/splits_metal/yolo_train/severstal_dbcd9e81c.jpg,scratch,train
data/splits_metal/ae_train/severstal_775115c67.jpg,no_defect,train
data/splits_metal/yolo_val/severstal_661fcb87e.jpg,scratch,train
data/splits_metal/ae_train/severstal_de8718f9d.jpg,no_defect,train
data/splits_metal/ae_train/severstal_7fceeb19e.jpg,no_defect,train
data/splits_metal/ae_train/severstal_a85db4eac.jpg,no_defect,train
data/splits_metal/yolo_val/severstal_74bb2c5ff.jpg,pitting,train
data/splits_metal/yolo_train/severstal_1a4039711.jpg,pitting,train
data/splits_metal/yolo_train/severstal_4cbb91ed2.jpg,scratch,train
data/splits_metal/yolo_train/severstal_f88e7ab6d.jpg,scratch,train
data/splits_metal/yolo_train/severstal_c7aeb9c82.jpg,patch,train
data/splits_metal/ae_train/severstal_435d7ac39.jpg,no_defect,train
data/splits_metal/yolo_val/severstal_66e89afaa.jpg,pitting,train
data/splits_metal/yolo_train/severstal_d5d024e03.jpg,scratch,train
data/splits_metal/yolo_train/severstal_74cd21b41.jpg,pitting,train
data/splits_metal/ae_train/severstal_94548f7b7.jpg,no_defect,train
data/splits_metal/ae_train/severstal_20de0d323.jpg,no_defect,train
data/splits_metal/ae_train/severstal_4e24e650d.jpg,no_defect,train
data/splits_metal/yolo_train/severstal_b89490249.jpg,scratch,train
data/splits_metal/ae_train/severstal_8a3cb76e2.jpg,no_defect,train
data/splits_metal/ae_train/severstal_fb2c208eb.jpg,no_defect,train
data/splits_metal/ae_train/severstal_6821137c5.jpg,no_defect,train
data/splits_metal/yolo_train/severstal_0a21ce787.jpg,scratch,train
data/splits_metal/ae_train/severstal_bb52ff5d9.jpg,no_defect,train
data/splits_metal/ae_train/severstal_7a379d900.jpg,no_defect,train
data/splits_metal/yolo_train/severstal_8fe172794.jpg,patch,train
data/splits_metal/ae_train/severstal_ece053dec.jpg,no_defect,train
data/splits_metal/yolo_train/severstal_c60f92f8b.jpg,scratch,train
data/splits_metal/yolo_train/severstal_38a1d7aab.jpg,patch,train
data/splits_metal/ae_train/severstal_515f9551b.jpg,no_defect,train
data/splits_metal/yolo_train/severstal_95a8e91c4.jpg,scratch,train
data/splits_metal/yolo_train/severstal_b107bf5bd.jpg,scratch,train
data/splits_metal/ae_train/severstal_00894274f.jpg,no_defect,train
data/splits_metal/yolo_train/severstal_d201f7d4b.jpg,scratch,train
data/splits_metal/yolo_train/severstal_e32bb7b41.jpg,scratch,train
data/splits_metal/yolo_train/severstal_44a1e7d5f.jpg,scratch,train
data/splits_metal/yolo_val/severstal_3e3d92e7e.jpg,scratch,train
data/splits_metal/yolo_train/severstal_33e32bbf2.jpg,pitting,train
data/splits_metal/ae_train/severstal_b69f4f03c.jpg,no_defect,train
data/splits_metal/yolo_val/severstal_112d183e5.jpg,scratch,train
data/splits_metal/ae_train/severstal_62e5f5e95.jpg,no_defect,train
data/splits_metal/ae_train/severstal_f63ac602e.jpg,no_defect,train
data/splits_metal/yolo_train/severstal_363e841ad.jpg,scratch,train
data/splits_metal/yolo_train/severstal_a1d0b7617.jpg,scratch,train
data/splits_metal/ae_train/severstal_c85cc3f7e.jpg,no_defect,train
data/splits_metal/yolo_train/severstal_4e46ce4ca.jpg,scratch,train
data/splits_metal/yolo_val/severstal_280dbbace.jpg,patch,train
data/splits_metal/yolo_train/severstal_64a5f8c80.jpg,scratch,train
data/splits_metal/ae_train/severstal_31179375a.jpg,no_defect,train
data/splits_metal/ae_train/severstal_839cb8f32.jpg,no_defect,train
data/splits_metal/yolo_train/severstal_fce971b43.jpg,scratch,train
data/splits_metal/yolo_train/severstal_7c27585fd.jpg,scratch,train
data/splits_metal/yolo_train/severstal_e95faa0b1.jpg,scratch,train
data/splits_metal/yolo_train/severstal_403a0cb2e.jpg,scratch,train
data/splits_metal/yolo_train/severstal_3ec7019e2.jpg,scratch,train
data/splits_metal/yolo_train/severstal_3e63fb99b.jpg,scratch,train
data/splits_metal/yolo_val/severstal_de85a0a75.jpg,scratch,train
data/splits_metal/ae_train/severstal_e4173df9a.jpg,no_defect,train
data/splits_metal/ae_train/severstal_9ce34209d.jpg,no_defect,train
data/splits_metal/ae_train/severstal_1d405ef29.jpg,no_defect,train
data/splits_metal/yolo_train/severstal_69d95aeea.jpg,scratch,train
data/splits_metal/ae_train/severstal_374def89b.jpg,no_defect,train
data/splits_metal/ae_train/severstal_bd680c39b.jpg,no_defect,train
data/splits_metal/ae_train/severstal_f8267203f.jpg,no_defect,train
data/splits_metal/yolo_train/severstal_1082cfe08.jpg,patch,train
data/splits_metal/yolo_train/severstal_dbd7ba010.jpg,scratch,train
data/splits_metal/ae_train/severstal_7303ad5de.jpg,no_defect,train
data/splits_metal/ae_train/severstal_748167e1a.jpg,no_defect,train
data/splits_metal/ae_train/severstal_62b0efabd.jpg,no_defect,train
data/splits_metal/ae_train/severstal_198942ea8.jpg,no_defect,train
data/splits_metal/yolo_train/severstal_8a87b9578.jpg,pitting,train
data/splits_metal/yolo_train/severstal_eaf7443a7.jpg,scratch,train
data/splits_metal/yolo_train/severstal_f68466331.jpg,pitting,train
data/splits_metal/ae_train/severstal_a008ffb41.jpg,no_defect,train
data/splits_metal/ae_train/severstal_cb3155db9.jpg,no_defect,train
data/splits_metal/ae_train/severstal_44c7ae7bc.jpg,no_defect,train
data/splits_metal/ae_train/severstal_9da113655.jpg,no_defect,train
data/splits_metal/yolo_train/severstal_025cb9f6e.jpg,scratch,train
data/splits_metal/yolo_train/severstal_0832de752.jpg,pitting,train
data/splits_metal/yolo_train/severstal_3979d10ac.jpg,scratch,train
data/splits_metal/yolo_train/severstal_bfd7ecfe9.jpg,scratch,train
data/splits_metal/ae_train/severstal_0ea1e5d1a.jpg,no_defect,train
data/splits_metal/ae_train/severstal_57dd50e18.jpg,no_defect,train
data/splits_metal/yolo_train/severstal_9f054c54f.jpg,pitting,train
data/splits_metal/ae_train/severstal_1c484802f.jpg,no_defect,train
data/splits_metal/yolo_train/severstal_1dba99dc5.jpg,scratch,train
data/splits_metal/yolo_train/severstal_cc9006402.jpg,scratch,train
data/splits_metal/ae_train/severstal_9781a26de.jpg,no_defect,train
data/splits_metal/yolo_train/severstal_bc7ce8f4d.jpg,pitting,train
data/splits_metal/yolo_train/severstal_eed74bec9.jpg,scratch,train
data/splits_metal/yolo_train/severstal_6085fc4cc.jpg,scratch,train
data/splits_metal/ae_train/severstal_5860f9e57.jpg,no_defect,train
data/splits_metal/yolo_train/severstal_ce22cd852.jpg,scratch,train
data/splits_metal/ae_train/severstal_8bf89777a.jpg,no_defect,train
data/splits_metal/ae_train/severstal_51cd72108.jpg,no_defect,train
data/splits_metal/yolo_train/severstal_653eb7e80.jpg,scratch,train
data/splits_metal/ae_train/severstal_372862fde.jpg,no_defect,train
data/splits_metal/ae_train/severstal_2c8451aeb.jpg,no_defect,train
data/splits_metal/ae_train/severstal_7d8dde8af.jpg,no_defect,train
data/splits_metal/yolo_train/severstal_cd59b3ff5.jpg,scratch,train
data/splits_metal/yolo_train/severstal_534c4e0c8.jpg,scratch,train
data/splits_metal/yolo_train/severstal_c67e243c8.jpg,pitting,train
data/splits_metal/ae_train/severstal_0d258e4ae.jpg,no_defect,train
data/splits_metal/yolo_train/severstal_8fbc61bda.jpg,pitting,train
data/splits_metal/ae_train/severstal_578ba64cc.jpg,no_defect,train
data/splits_metal/yolo_train/severstal_4422bc417.jpg,patch,train
data/splits_metal/ae_train/severstal_a705b49f9.jpg,no_defect,train
data/splits_metal/ae_train/severstal_0c7930c2d.jpg,no_defect,train
data/splits_metal/yolo_train/severstal_cd5b14850.jpg,inclusion,train
data/splits_metal/ae_train/severstal_16c2faaef.jpg,no_defect,train
data/splits_metal/ae_train/severstal_c5cf9f24e.jpg,no_defect,train
data/splits_metal/ae_train/severstal_9e09a89da.jpg,no_defect,train
data/splits_metal/yolo_train/severstal_feebe80d4.jpg,scratch,train
data/splits_metal/yolo_train/severstal_343e101ee.jpg,scratch,train
data/splits_metal/yolo_train/severstal_e30a322d7.jpg,scratch,train
data/splits_metal/yolo_train/severstal_da6fb7dc1.jpg,pitting,train
data/splits_metal/ae_train/severstal_64050cece.jpg,no_defect,train
data/splits_metal/ae_train/severstal_870a78d8b.jpg,no_defect,train
data/splits_metal/yolo_train/severstal_f186527ee.jpg,scratch,train
data/splits_metal/yolo_train/severstal_55042415c.jpg,scratch,train
data/splits_metal/yolo_val/severstal_012a9a4c7.jpg,pitting,train
data/splits_metal/ae_train/severstal_3a151c842.jpg,no_defect,train
data/splits_metal/yolo_train/severstal_6458159d8.jpg,scratch,train
data/splits_metal/ae_train/severstal_f735b179a.jpg,no_defect,train
data/splits_metal/yolo_val/severstal_8d83b39c0.jpg,scratch,train
data/splits_metal/yolo_train/severstal_7a8a7403c.jpg,patch,train
data/splits_metal/yolo_train/severstal_843b29efa.jpg,patch,train
data/splits_metal/yolo_val/severstal_d25a11fdd.jpg,scratch,train
data/splits_metal/yolo_train/severstal_9844183a4.jpg,pitting,train
data/splits_metal/ae_train/severstal_5e094a512.jpg,no_defect,train
data/splits_metal/ae_train/severstal_297fd2839.jpg,no_defect,train
data/splits_metal/yolo_train/severstal_6c011fc34.jpg,pitting,train
data/splits_metal/ae_train/severstal_985d33724.jpg,no_defect,train
data/splits_metal/yolo_train/severstal_418e47222.jpg,scratch,train
data/splits_metal/ae_train/severstal_5063991b6.jpg,no_defect,train
data/splits_metal/ae_train/severstal_2b8b658d7.jpg,no_defect,train
data/splits_metal/yolo_train/severstal_91696aaca.jpg,scratch,train
data/splits_metal/yolo_val/severstal_63da8f810.jpg,scratch,train
data/splits_metal/yolo_train/severstal_3cafcfd96.jpg,scratch,train
data/splits_metal/yolo_val/severstal_82ab1eb7f.jpg,pitting,train
data/splits_metal/ae_train/severstal_a68a791fb.jpg,no_defect,train
data/splits_metal/ae_train/severstal_c296dafca.jpg,no_defect,train
data/splits_metal/yolo_train/severstal_51097aa45.jpg,patch,train
data/splits_metal/ae_train/severstal_be10893b2.jpg,no_defect,train
data/splits_metal/ae_train/severstal_c98f15480.jpg,no_defect,train
data/splits_metal/yolo_train/severstal_7e65bb413.jpg,scratch,train
data/splits_metal/ae_train/severstal_a09117fd7.jpg,no_defect,train
data/splits_metal/yolo_train/severstal_c2eb19445.jpg,scratch,train
data/splits_metal/ae_train/severstal_dd1088aa8.jpg,no_defect,train
data/splits_metal/yolo_train/severstal_4dcb6f67a.jpg,scratch,train
data/splits_metal/yolo_train/severstal_6c73bb975.jpg,scratch,train
data/splits_metal/yolo_val/severstal_c357d41a1.jpg,scratch,train
data/splits_metal/ae_train/severstal_42b08e994.jpg,no_defect,train
data/splits_metal/yolo_train/severstal_26d43765f.jpg,scratch,train
data/splits_metal/yolo_train/severstal_a7942bafe.jpg,scratch,train
data/splits_metal/ae_train/severstal_b9ca31b9c.jpg,no_defect,train
data/splits_metal/ae_train/severstal_a5d62699f.jpg,no_defect,train
data/splits_metal/ae_train/severstal_de5f11a6b.jpg,no_defect,train
data/splits_metal/ae_train/severstal_98ac8a784.jpg,no_defect,train
data/splits_metal/yolo_train/severstal_521f4df19.jpg,scratch,train
data/splits_metal/ae_train/severstal_cdac57fe4.jpg,no_defect,train
data/splits_metal/ae_train/severstal_16b00d4ef.jpg,no_defect,train
data/splits_metal/ae_train/severstal_1fd4cb300.jpg,no_defect,train
data/splits_metal/ae_train/severstal_ab081e95e.jpg,no_defect,train
data/splits_metal/yolo_val/severstal_5e8ca0990.jpg,scratch,train
data/splits_metal/ae_train/severstal_3b08fb5ce.jpg,no_defect,train
data/splits_metal/ae_train/severstal_00f68d337.jpg,no_defect,train
data/splits_metal/ae_train/severstal_f0859ea87.jpg,no_defect,train
data/splits_metal/ae_train/severstal_589dfc4f8.jpg,no_defect,train
data/splits_metal/yolo_train/severstal_c37633c03.jpg,scratch,train
data/splits_metal/ae_train/severstal_8b0496df3.jpg,no_defect,train
data/splits_metal/yolo_train/severstal_1b4642fd5.jpg,scratch,train
data/splits_metal/yolo_train/severstal_92e4102b4.jpg,scratch,train
data/splits_metal/ae_train/severstal_cfcd8a44e.jpg,no_defect,train
data/splits_metal/ae_train/severstal_44a97f8a0.jpg,no_defect,train
data/splits_metal/ae_train/severstal_44ec8bf6e.jpg,no_defect,train
data/splits_metal/ae_train/severstal_0ef4bff49.jpg,no_defect,train
data/splits_metal/yolo_train/severstal_5350e17c2.jpg,scratch,train
data/splits_metal/ae_train/severstal_90ad47559.jpg,no_defect,train
data/splits_metal/yolo_train/severstal_0ec47dc45.jpg,scratch,train
data/splits_metal/ae_train/severstal_b731b33db.jpg,no_defect,train
data/splits_metal/yolo_train/severstal_bdff0aefc.jpg,scratch,train
data/splits_metal/ae_train/severstal_b5940545e.jpg,no_defect,train
data/splits_metal/ae_train/severstal_38c4ddebd.jpg,no_defect,train
data/splits_metal/ae_train/severstal_4a4bb688a.jpg,no_defect,train
data/splits_metal/yolo_train/severstal_ab5717ad2.jpg,pitting,train
data/splits_metal/ae_train/severstal_149ac1c03.jpg,no_defect,train
data/splits_metal/ae_train/severstal_8e8a018f0.jpg,no_defect,train
data/splits_metal/ae_train/severstal_b4af2291e.jpg,no_defect,train
data/splits_metal/ae_train/severstal_3a61a6135.jpg,no_defect,train
data/splits_metal/yolo_val/severstal_c683195bf.jpg,scratch,train
data/splits_metal/yolo_train/severstal_c5dbdf433.jpg,scratch,train
data/splits_metal/ae_train/severstal_394d81391.jpg,no_defect,train
data/splits_metal/yolo_val/severstal_9804396ef.jpg,scratch,train
data/splits_metal/yolo_train/severstal_8aa3af3da.jpg,scratch,train
data/splits_metal/yolo_val/severstal_4b3de8933.jpg,scratch,train
data/splits_metal/yolo_train/severstal_3fdc95c42.jpg,pitting,train
data/splits_metal/yolo_val/severstal_4eb8c6514.jpg,scratch,train
data/splits_metal/ae_train/severstal_6818b1f86.jpg,no_defect,train
data/splits_metal/yolo_val/severstal_7c3930f4d.jpg,pitting,train
data/splits_metal/yolo_train/severstal_f4dde5dac.jpg,pitting,train
data/splits_metal/ae_train/severstal_fcc7c9c3c.jpg,no_defect,train
data/splits_metal/yolo_train/severstal_f22b67de8.jpg,scratch,train
data/splits_metal/yolo_val/severstal_754c97c4e.jpg,scratch,train
data/splits_metal/yolo_train/severstal_9253b216e.jpg,scratch,train
data/splits_metal/ae_train/severstal_3ceb53d44.jpg,no_defect,train
data/splits_metal/ae_train/severstal_f8ac50f34.jpg,no_defect,train
data/splits_metal/ae_train/severstal_458b5f58b.jpg,no_defect,train
data/splits_metal/yolo_val/severstal_ca6b5420f.jpg,scratch,train
data/splits_metal/yolo_train/severstal_b4d920147.jpg,scratch,train
data/splits_metal/yolo_train/severstal_3e3f8a077.jpg,scratch,train
data/splits_metal/yolo_train/severstal_29124169b.jpg,scratch,train
data/splits_metal/ae_train/severstal_d0efba2d6.jpg,no_defect,train
data/splits_metal/ae_train/severstal_f5d969081.jpg,no_defect,train
data/splits_metal/yolo_train/severstal_4af9e9b53.jpg,scratch,train
data/splits_metal/yolo_train/severstal_4cc2c7b57.jpg,scratch,train
data/splits_metal/yolo_train/severstal_a72d931f0.jpg,pitting,train
data/splits_metal/ae_train/severstal_c66591b5f.jpg,no_defect,train
data/splits_metal/yolo_train/severstal_21f89256c.jpg,pitting,train
data/splits_metal/ae_train/severstal_b4a2c233f.jpg,no_defect,train
data/splits_metal/yolo_train/severstal_ff1020719.jpg,scratch,train
data/splits_metal/ae_train/severstal_db91bc8fd.jpg,no_defect,train
data/splits_metal/yolo_train/severstal_d71e73d6f.jpg,scratch,train
data/splits_metal/yolo_train/severstal_66ac60af4.jpg,scratch,train
data/splits_metal/yolo_train/severstal_f8dcae030.jpg,scratch,train
data/splits_metal/yolo_train/severstal_f7e92727b.jpg,scratch,train
data/splits_metal/ae_train/severstal_1dbbbadde.jpg,no_defect,train
data/splits_metal/ae_train/severstal_2d26bebd3.jpg,no_defect,train
data/splits_metal/ae_train/severstal_27ca5333a.jpg,no_defect,train
data/splits_metal/yolo_val/severstal_92057aa8a.jpg,scratch,train
data/splits_metal/yolo_train/severstal_83ba89ac3.jpg,patch,train
data/splits_metal/ae_train/severstal_4687b4274.jpg,no_defect,train
data/splits_metal/yolo_train/severstal_f375d814f.jpg,scratch,train
data/splits_metal/yolo_train/severstal_374d9c63f.jpg,patch,train
data/splits_metal/yolo_val/severstal_7ec79c490.jpg,scratch,train
data/splits_metal/yolo_train/severstal_300c525ff.jpg,scratch,train
data/splits_metal/yolo_train/severstal_a5c7ae660.jpg,scratch,train
data/splits_metal/ae_train/severstal_a1a0111dd.jpg,no_defect,train
data/splits_metal/ae_train/severstal_33279f0c5.jpg,no_defect,train
data/splits_metal/yolo_train/severstal_b7f84836b.jpg,scratch,train
data/splits_metal/yolo_train/severstal_3c79d2e28.jpg,scratch,train
data/splits_metal/ae_train/severstal_b9d8a4502.jpg,no_defect,train
data/splits_metal/yolo_train/severstal_b845c99d9.jpg,scratch,train
data/splits_metal/yolo_train/severstal_7a8fcc7df.jpg,scratch,train
data/splits_metal/yolo_train/severstal_0bb37f2aa.jpg,scratch,train
data/splits_metal/yolo_train/severstal_ea463471d.jpg,scratch,train
data/splits_metal/ae_train/severstal_715d0aed0.jpg,no_defect,train
data/splits_metal/yolo_train/severstal_420ba281d.jpg,pitting,train
data/splits_metal/yolo_train/severstal_d52b35e0e.jpg,scratch,train
data/splits_metal/yolo_train/severstal_3a9bcbdbf.jpg,patch,train
data/splits_metal/yolo_val/severstal_99d47e124.jpg,scratch,train
data/splits_metal/ae_train/severstal_031614d60.jpg,no_defect,train
data/splits_metal/ae_train/severstal_924bccdc1.jpg,no_defect,train
data/splits_metal/yolo_train/severstal_b93118acc.jpg,scratch,train
data/splits_metal/ae_train/severstal_3b9f52504.jpg,no_defect,train
data/splits_metal/ae_train/severstal_17e6e4b30.jpg,no_defect,train
data/splits_metal/yolo_val/severstal_e104181f2.jpg,scratch,train
data/splits_metal/ae_train/severstal_adeb12de3.jpg,no_defect,train
data/splits_metal/yolo_train/severstal_55d87ed7a.jpg,scratch,train
data/splits_metal/yolo_train/severstal_2dd360833.jpg,scratch,train
data/splits_metal/yolo_train/severstal_e34f68168.jpg,scratch,train
data/splits_metal/ae_train/severstal_1cf3a123f.jpg,no_defect,train
data/splits_metal/ae_train/severstal_3571dc5a5.jpg,no_defect,train
data/splits_metal/ae_train/severstal_f8800a695.jpg,no_defect,train
data/splits_metal/ae_train/severstal_d081c88b5.jpg,no_defect,train
data/splits_metal/yolo_train/severstal_9fce63e11.jpg,scratch,train
data/splits_metal/ae_train/severstal_759bf5b4b.jpg,no_defect,train
data/splits_metal/ae_train/severstal_7e5c4b68d.jpg,no_defect,train
data/splits_metal/yolo_train/severstal_53c167687.jpg,scratch,train
data/splits_metal/ae_train/severstal_0ee453e02.jpg,no_defect,train
data/splits_metal/ae_train/severstal_0ca999106.jpg,no_defect,train
data/splits_metal/yolo_train/severstal_e30ea20d9.jpg,scratch,train
data/splits_metal/yolo_val/severstal_cf8e21964.jpg,scratch,train
data/splits_metal/yolo_train/severstal_0c59df320.jpg,pitting,train
data/splits_metal/yolo_train/severstal_13169e4cf.jpg,scratch,train
data/splits_metal/yolo_train/severstal_eefe5b710.jpg,patch,train
data/splits_metal/yolo_train/severstal_fdcaa4692.jpg,scratch,train
data/splits_metal/yolo_train/severstal_20bb27a04.jpg,inclusion,train
data/splits_metal/ae_train/severstal_687059efc.jpg,no_defect,train
data/splits_metal/ae_train/severstal_8b119716b.jpg,no_defect,train
data/splits_metal/yolo_train/severstal_fb36b84e7.jpg,pitting,train
data/splits_metal/yolo_train/severstal_0728b2ac9.jpg,pitting,train
data/splits_metal/ae_train/severstal_3c0b4c0b0.jpg,no_defect,train
data/splits_metal/yolo_train/severstal_bce9bf82d.jpg,scratch,train
data/splits_metal/ae_train/severstal_a467f34e0.jpg,no_defect,train
data/splits_metal/yolo_train/severstal_d377de6cc.jpg,scratch,train
data/splits_metal/yolo_train/severstal_e8a04b4f8.jpg,scratch,train
data/splits_metal/ae_train/severstal_2915687ca.jpg,no_defect,train
data/splits_metal/yolo_val/severstal_93b2882fd.jpg,scratch,train
data/splits_metal/ae_train/severstal_603fc5bfa.jpg,no_defect,train
data/splits_metal/yolo_train/severstal_946227d6c.jpg,scratch,train
data/splits_metal/yolo_train/severstal_7806aa75f.jpg,scratch,train
data/splits_metal/yolo_train/severstal_8edd818de.jpg,scratch,train
data/splits_metal/yolo_train/severstal_4029fea8e.jpg,pitting,train
data/splits_metal/yolo_train/severstal_b1cf6d807.jpg,scratch,train
data/splits_metal/yolo_train/severstal_3b4c8b9a4.jpg,patch,train
data/splits_metal/ae_train/severstal_c6cbf9f18.jpg,no_defect,train
data/splits_metal/ae_train/severstal_46cf197cc.jpg,no_defect,train
data/splits_metal/yolo_train/severstal_63d67f57b.jpg,pitting,train
data/splits_metal/ae_train/severstal_8976f1c8b.jpg,no_defect,train
data/splits_metal/yolo_train/severstal_13b66e5de.jpg,patch,train
data/splits_metal/ae_train/severstal_a8c20e35b.jpg,no_defect,train
data/splits_metal/ae_train/severstal_9a8475c90.jpg,no_defect,train
data/splits_metal/ae_train/severstal_96588d8eb.jpg,no_defect,train
data/splits_metal/yolo_train/severstal_93b0d8e2f.jpg,pitting,train
data/splits_metal/yolo_train/severstal_b37a57736.jpg,scratch,train
data/splits_metal/ae_train/severstal_ceae95bea.jpg,no_defect,train
data/splits_metal/ae_train/severstal_91622e727.jpg,no_defect,train
data/splits_metal/yolo_train/severstal_bbde78fe1.jpg,pitting,train
data/splits_metal/ae_train/severstal_1be022616.jpg,no_defect,train
data/splits_metal/ae_train/severstal_48f24cf29.jpg,no_defect,train
data/splits_metal/yolo_train/severstal_560a3e98a.jpg,pitting,train
data/splits_metal/ae_train/severstal_c1ce86b24.jpg,no_defect,train
data/splits_metal/yolo_train/severstal_b6d964955.jpg,scratch,train
data/splits_metal/ae_train/severstal_d60d97779.jpg,no_defect,train
data/splits_metal/ae_train/severstal_4f9790fcf.jpg,no_defect,train
data/splits_metal/yolo_train/severstal_62bf70fee.jpg,inclusion,train
data/splits_metal/yolo_val/severstal_21ac40700.jpg,inclusion,train
data/splits_metal/ae_train/severstal_a605eae5c.jpg,no_defect,train
data/splits_metal/ae_train/severstal_294adfb02.jpg,no_defect,train
data/splits_metal/yolo_train/severstal_fe6f8e502.jpg,scratch,train
data/splits_metal/ae_train/severstal_ff18dded1.jpg,no_defect,train
data/splits_metal/ae_train/severstal_05bc27672.jpg,no_defect,train
data/splits_metal/yolo_train/severstal_41411378e.jpg,patch,train
data/splits_metal/yolo_train/severstal_cb43d7be5.jpg,scratch,train
data/splits_metal/yolo_val/severstal_d1dc95b58.jpg,scratch,train
data/splits_metal/yolo_train/severstal_ca492d6f1.jpg,scratch,train
data/splits_metal/yolo_val/severstal_48ed03e48.jpg,scratch,train
data/splits_metal/ae_train/severstal_e11fba57d.jpg,no_defect,train
data/splits_metal/ae_train/severstal_c971ea296.jpg,no_defect,train
data/splits_metal/yolo_train/severstal_58b26c5f1.jpg,scratch,train
data/splits_metal/ae_train/severstal_d3ce7af90.jpg,no_defect,train
data/splits_metal/ae_train/severstal_427c8b179.jpg,no_defect,train
data/splits_metal/ae_train/severstal_6ef641553.jpg,no_defect,train
data/splits_metal/ae_train/severstal_cfc4c57bd.jpg,no_defect,train
data/splits_metal/yolo_train/severstal_c89490346.jpg,scratch,train
data/splits_metal/yolo_train/severstal_8a09333c4.jpg,scratch,train
data/splits_metal/ae_train/severstal_774011016.jpg,no_defect,train
data/splits_metal/ae_train/severstal_b06523fa7.jpg,no_defect,train
data/splits_metal/ae_train/severstal_cc5ef39e3.jpg,no_defect,train
data/splits_metal/ae_train/severstal_b5f7a1627.jpg,no_defect,train
data/splits_metal/ae_train/severstal_81e7fcead.jpg,no_defect,train
data/splits_metal/yolo_train/severstal_4e25cb8e7.jpg,scratch,train
data/splits_metal/yolo_train/severstal_9d415d2b1.jpg,scratch,train
data/splits_metal/ae_train/severstal_f86fc3f01.jpg,no_defect,train
data/splits_metal/yolo_train/severstal_98bb49ca7.jpg,scratch,train
data/splits_metal/yolo_val/severstal_e8a40861a.jpg,scratch,train
data/splits_metal/ae_train/severstal_e8986ebbe.jpg,no_defect,train
data/splits_metal/ae_train/severstal_7734ac61d.jpg,no_defect,train
data/splits_metal/yolo_train/severstal_82e82b713.jpg,scratch,train
data/splits_metal/yolo_train/severstal_5d3cbe1fe.jpg,scratch,train
data/splits_metal/ae_train/severstal_d85c49519.jpg,no_defect,train
data/splits_metal/ae_train/severstal_624f2fd87.jpg,no_defect,train
data/splits_metal/ae_train/severstal_3b1d69c21.jpg,no_defect,train
data/splits_metal/yolo_train/severstal_07a5651ce.jpg,scratch,train
data/splits_metal/yolo_train/severstal_002af848d.jpg,patch,train
data/splits_metal/yolo_train/severstal_0b1235e38.jpg,scratch,train
data/splits_metal/yolo_train/severstal_7424ab9af.jpg,scratch,train
data/splits_metal/yolo_train/severstal_b8b4d7133.jpg,patch,train
data/splits_metal/ae_train/severstal_f576a4e75.jpg,no_defect,train
data/splits_metal/ae_train/severstal_f8dadfeb9.jpg,no_defect,train
data/splits_metal/yolo_val/severstal_72df2d40d.jpg,scratch,train
data/splits_metal/yolo_train/severstal_9d4b9f63c.jpg,patch,train
data/splits_metal/yolo_val/severstal_0386ce84b.jpg,scratch,train
data/splits_metal/ae_train/severstal_b0f641041.jpg,no_defect,train
data/splits_metal/yolo_val/severstal_d55dd8719.jpg,scratch,train
data/splits_metal/ae_train/severstal_391d01045.jpg,no_defect,train
data/splits_metal/ae_train/severstal_512ac9a49.jpg,no_defect,train
data/splits_metal/ae_train/severstal_332c2f40a.jpg,no_defect,train
data/splits_metal/yolo_train/severstal_73e1969d4.jpg,patch,train
data/splits_metal/ae_train/severstal_15aab6627.jpg,no_defect,train
data/splits_metal/yolo_val/severstal_de90cb5f1.jpg,scratch,train
data/splits_metal/ae_train/severstal_312997347.jpg,no_defect,train
data/splits_metal/yolo_val/severstal_c99ef85c9.jpg,scratch,train
data/splits_metal/yolo_train/severstal_2ded1960e.jpg,scratch,train
data/splits_metal/yolo_train/severstal_cc7c66720.jpg,patch,train
data/splits_metal/ae_train/severstal_d7c3e7334.jpg,no_defect,train
data/splits_metal/yolo_val/severstal_d8e21a2ae.jpg,scratch,train
data/splits_metal/yolo_train/severstal_f9d0f27a0.jpg,patch,train
data/splits_metal/yolo_val/severstal_01b043500.jpg,scratch,train
data/splits_metal/yolo_train/severstal_17f611256.jpg,scratch,train
data/splits_metal/ae_train/severstal_82bffd9d3.jpg,no_defect,train
data/splits_metal/yolo_train/severstal_d490180a3.jpg,pitting,train
data/splits_metal/ae_train/severstal_175aeb257.jpg,no_defect,train
data/splits_metal/yolo_train/severstal_06d0fbb0c.jpg,scratch,train
data/splits_metal/yolo_train/severstal_71d3b0598.jpg,scratch,train
data/splits_metal/yolo_train/severstal_9163ec76b.jpg,scratch,train
data/splits_metal/ae_train/severstal_ef88e0b13.jpg,no_defect,train
data/splits_metal/ae_train/severstal_6cbf50fc2.jpg,no_defect,train
data/splits_metal/yolo_train/severstal_ed69c5fcf.jpg,pitting,train
data/splits_metal/yolo_train/severstal_efc63b0b9.jpg,scratch,train
data/splits_metal/yolo_train/severstal_e90e3e9e3.jpg,scratch,train
data/splits_metal/yolo_val/severstal_0b6cc9daa.jpg,scratch,train
data/splits_metal/ae_train/severstal_d48b223c7.jpg,no_defect,train
data/splits_metal/yolo_train/severstal_0ed6dadbd.jpg,scratch,train
data/splits_metal/yolo_train/severstal_27e291687.jpg,scratch,train
data/splits_metal/ae_train/severstal_10ca1b930.jpg,no_defect,train
data/splits_metal/yolo_train/severstal_51434f59b.jpg,scratch,train
data/splits_metal/ae_train/severstal_54098dc25.jpg,no_defect,train
data/splits_metal/ae_train/severstal_4d0883b27.jpg,no_defect,train
data/splits_metal/yolo_train/severstal_858213368.jpg,patch,train
data/splits_metal/ae_train/severstal_7f7beccda.jpg,no_defect,train
data/splits_metal/ae_train/severstal_afd067550.jpg,no_defect,train
data/splits_metal/ae_train/severstal_09fa983ff.jpg,no_defect,train
data/splits_metal/ae_train/severstal_17840def7.jpg,no_defect,train
data/splits_metal/yolo_val/severstal_16aabaf79.jpg,pitting,train
data/splits_metal/ae_train/severstal_661c42b97.jpg,no_defect,train
data/splits_metal/yolo_train/severstal_7fc69d9fd.jpg,scratch,train
data/splits_metal/ae_train/severstal_95e38ad8e.jpg,no_defect,train
data/splits_metal/yolo_train/severstal_d14c9c6e6.jpg,scratch,train
data/splits_metal/ae_train/severstal_cd0dd4ec7.jpg,no_defect,train
data/splits_metal/ae_train/severstal_30d75e19b.jpg,no_defect,train
data/splits_metal/ae_train/severstal_f2853b5b6.jpg,no_defect,train
data/splits_metal/yolo_train/severstal_5cc07468d.jpg,scratch,train
data/splits_metal/ae_train/severstal_613faa9d3.jpg,no_defect,train
data/splits_metal/ae_train/severstal_53c1aba83.jpg,no_defect,train
data/splits_metal/ae_train/severstal_3dccdd6a0.jpg,no_defect,train
data/splits_metal/ae_train/severstal_ed5030539.jpg,no_defect,train
data/splits_metal/yolo_train/severstal_69231176e.jpg,patch,train
data/splits_metal/ae_train/severstal_8abee6870.jpg,no_defect,train
data/splits_metal/ae_train/severstal_64fbf5822.jpg,no_defect,train
data/splits_metal/ae_train/severstal_4e8c83b2d.jpg,no_defect,train
data/splits_metal/ae_train/severstal_e7e8fd526.jpg,no_defect,train
data/splits_metal/yolo_train/severstal_09e75817a.jpg,scratch,train
data/splits_metal/ae_train/severstal_cd66a2861.jpg,no_defect,train
data/splits_metal/yolo_train/severstal_04a5009fa.jpg,scratch,train
data/splits_metal/ae_train/severstal_9082ff635.jpg,no_defect,train
data/splits_metal/ae_train/severstal_3ecde7d24.jpg,no_defect,train
data/splits_metal/ae_train/severstal_e63a509d7.jpg,no_defect,train
data/splits_metal/yolo_train/severstal_a21d00db9.jpg,scratch,train
data/splits_metal/ae_train/severstal_6ae3db7d0.jpg,no_defect,train
data/splits_metal/ae_train/severstal_f9a93b750.jpg,no_defect,train
data/splits_metal/ae_train/severstal_70daa9e3a.jpg,no_defect,train
data/splits_metal/ae_train/severstal_d7c7e1747.jpg,no_defect,train
data/splits_metal/yolo_train/severstal_61a365822.jpg,scratch,train
data/splits_metal/yolo_train/severstal_c7a4a7472.jpg,patch,train
data/splits_metal/ae_train/severstal_5dfaf5efd.jpg,no_defect,train
data/splits_metal/ae_train/severstal_8d86c3edb.jpg,no_defect,train
data/splits_metal/yolo_train/severstal_8516fcc92.jpg,scratch,train
data/splits_metal/ae_train/severstal_0b4457f28.jpg,no_defect,train
data/splits_metal/ae_train/severstal_d72237bd5.jpg,no_defect,train
data/splits_metal/ae_train/severstal_dc9a471e6.jpg,no_defect,train
data/splits_metal/yolo_train/severstal_988afc273.jpg,scratch,train
data/splits_metal/yolo_val/severstal_202838a14.jpg,patch,train
data/splits_metal/yolo_val/severstal_db5241f19.jpg,scratch,train
data/splits_metal/ae_train/severstal_e869869f0.jpg,no_defect,train
data/splits_metal/yolo_val/severstal_2d4471837.jpg,scratch,train
data/splits_metal/yolo_val/severstal_bba274c50.jpg,scratch,train
data/splits_metal/yolo_train/severstal_0808a098b.jpg,scratch,train
data/splits_metal/yolo_val/severstal_338d3b828.jpg,pitting,train
data/splits_metal/ae_train/severstal_9bbc60816.jpg,no_defect,train
data/splits_metal/yolo_train/severstal_7bec3eeb7.jpg,scratch,train
data/splits_metal/yolo_val/severstal_5660432cc.jpg,scratch,train
data/splits_metal/ae_train/severstal_0a536b3c5.jpg,no_defect,train
data/splits_metal/yolo_train/severstal_284639f13.jpg,pitting,train
data/splits_metal/ae_train/severstal_1d4b011c7.jpg,no_defect,train
data/splits_metal/ae_train/severstal_70c4fe7c3.jpg,no_defect,train
data/splits_metal/yolo_val/severstal_e3e1bb16a.jpg,scratch,train
data/splits_metal/yolo_val/severstal_41632c229.jpg,scratch,train
data/splits_metal/yolo_train/severstal_07c8ba1d5.jpg,scratch,train
data/splits_metal/ae_train/severstal_c4dd4b18b.jpg,no_defect,train
data/splits_metal/yolo_train/severstal_67c9858c9.jpg,scratch,train
data/splits_metal/yolo_train/severstal_84edf7afb.jpg,scratch,train
data/splits_metal/ae_train/severstal_8f2f64ae9.jpg,no_defect,train
data/splits_metal/yolo_train/severstal_8d5dde91c.jpg,pitting,train
data/splits_metal/yolo_train/severstal_565cfa48c.jpg,scratch,train
data/splits_metal/ae_train/severstal_f42768e5d.jpg,no_defect,train
data/splits_metal/ae_train/severstal_ccd8a89ee.jpg,no_defect,train
data/splits_metal/yolo_train/severstal_2c39e6ccb.jpg,scratch,train
data/splits_metal/ae_train/severstal_315767421.jpg,no_defect,train
data/splits_metal/yolo_train/severstal_c0e730a68.jpg,scratch,train
data/splits_metal/yolo_train/severstal_5f0c8d167.jpg,scratch,train
data/splits_metal/ae_train/severstal_19402ed6b.jpg,no_defect,train
data/splits_metal/ae_train/severstal_c1102118f.jpg,no_defect,train
data/splits_metal/yolo_val/severstal_c88590b3f.jpg,patch,train
data/splits_metal/ae_train/severstal_911b6d7d7.jpg,no_defect,train
data/splits_metal/ae_train/severstal_6234abc59.jpg,no_defect,train
data/splits_metal/ae_train/severstal_7645a9fdf.jpg,no_defect,train
data/splits_metal/yolo_train/severstal_679af1ef8.jpg,scratch,train
data/splits_metal/ae_train/severstal_dd3306311.jpg,no_defect,train
data/splits_metal/ae_train/severstal_0a76ac9b8.jpg,no_defect,train
data/splits_metal/ae_train/severstal_e77b1fe1c.jpg,no_defect,train
data/splits_metal/yolo_train/severstal_ba1ce59a8.jpg,scratch,train
data/splits_metal/yolo_train/severstal_29f80893c.jpg,scratch,train
data/splits_metal/ae_train/severstal_49d6875d0.jpg,no_defect,train
data/splits_metal/ae_train/severstal_5089c2e5d.jpg,no_defect,train
data/splits_metal/yolo_val/severstal_b6f5f2414.jpg,scratch,train
data/splits_metal/ae_train/severstal_0bbec39a3.jpg,no_defect,train
data/splits_metal/ae_train/severstal_cfd9c074e.jpg,no_defect,train
data/splits_metal/yolo_train/severstal_7a961ae18.jpg,scratch,train
data/splits_metal/ae_train/severstal_478d8265d.jpg,no_defect,train
data/splits_metal/yolo_train/severstal_d2291de5c.jpg,inclusion,train
data/splits_metal/ae_train/severstal_9483f74ad.jpg,no_defect,train
data/splits_metal/yolo_train/severstal_019f42c2a.jpg,scratch,train
data/splits_metal/yolo_train/severstal_badd96385.jpg,patch,train
data/splits_metal/yolo_train/severstal_154e7e802.jpg,pitting,train
data/splits_metal/yolo_train/severstal_d6505b987.jpg,scratch,train
data/splits_metal/yolo_train/severstal_ec52fac2d.jpg,scratch,train
data/splits_metal/yolo_train/severstal_bbc81b646.jpg,patch,train
data/splits_metal/ae_train/severstal_ec6d6e7ea.jpg,no_defect,train
data/splits_metal/ae_train/severstal_66110a5d2.jpg,no_defect,train
data/splits_metal/yolo_val/severstal_c635aeb23.jpg,patch,train
data/splits_metal/yolo_val/severstal_44a0d5b55.jpg,scratch,train
data/splits_metal/yolo_val/severstal_a05708135.jpg,scratch,train
data/splits_metal/yolo_train/severstal_6ed69f517.jpg,scratch,train
data/splits_metal/ae_train/severstal_5d34abcf4.jpg,no_defect,train
data/splits_metal/ae_train/severstal_084abb378.jpg,no_defect,train
data/splits_metal/yolo_val/severstal_9515afade.jpg,patch,train
data/splits_metal/ae_train/severstal_3bc4693c1.jpg,no_defect,train
data/splits_metal/yolo_train/severstal_0e5e3f570.jpg,scratch,train
data/splits_metal/yolo_train/severstal_5f11a4623.jpg,scratch,train
data/splits_metal/yolo_val/severstal_92e699da4.jpg,patch,train
data/splits_metal/yolo_train/severstal_dd345169c.jpg,scratch,train
data/splits_metal/yolo_train/severstal_1e7b96509.jpg,scratch,train
data/splits_metal/yolo_train/severstal_1c1ca0221.jpg,scratch,train
data/splits_metal/ae_train/severstal_c74b2baa5.jpg,no_defect,train
data/splits_metal/ae_train/severstal_e1c960f0b.jpg,no_defect,train
data/splits_metal/ae_train/severstal_ea56440ac.jpg,no_defect,train
data/splits_metal/yolo_val/severstal_42d65967f.jpg,scratch,train
data/splits_metal/yolo_train/severstal_9d3b4a019.jpg,patch,train
data/splits_metal/yolo_train/severstal_1b7e426bc.jpg,scratch,train
data/splits_metal/ae_train/severstal_c27bf0c0e.jpg,no_defect,train
data/splits_metal/yolo_train/severstal_b55ffe803.jpg,scratch,train
data/splits_metal/yolo_train/severstal_3a5246d98.jpg,scratch,train
data/splits_metal/yolo_val/severstal_baa9d44b3.jpg,scratch,train
data/splits_metal/yolo_val/severstal_6b39ef48e.jpg,scratch,train
data/splits_metal/yolo_train/severstal_ca609ece8.jpg,scratch,train
data/splits_metal/ae_train/severstal_7ec5c8641.jpg,no_defect,train
data/splits_metal/yolo_train/severstal_2eae7322b.jpg,scratch,train
data/splits_metal/yolo_val/severstal_94c910b08.jpg,scratch,train
data/splits_metal/ae_train/severstal_66e478529.jpg,no_defect,train
data/splits_metal/ae_train/severstal_5b3c0123f.jpg,no_defect,train
data/splits_metal/yolo_train/severstal_ee45a1736.jpg,scratch,train
data/splits_metal/ae_train/severstal_81816646e.jpg,no_defect,train
data/splits_metal/ae_train/severstal_dd41bdd9e.jpg,no_defect,train
data/splits_metal/yolo_val/severstal_16aa5333c.jpg,scratch,train
data/splits_metal/yolo_train/severstal_87ae117e9.jpg,scratch,train
data/splits_metal/yolo_val/severstal_8a17572d8.jpg,scratch,train
data/splits_metal/ae_train/severstal_9225b7290.jpg,no_defect,train
data/splits_metal/yolo_train/severstal_a71670d83.jpg,scratch,train
data/splits_metal/ae_train/severstal_288314368.jpg,no_defect,train
data/splits_metal/ae_train/severstal_16e926c1a.jpg,no_defect,train
data/splits_metal/yolo_train/severstal_6ed5cee50.jpg,scratch,train
data/splits_metal/yolo_val/severstal_c314f43f3.jpg,patch,train
data/splits_metal/ae_train/severstal_56fb45924.jpg,no_defect,train
data/splits_metal/ae_train/severstal_e3275fb2f.jpg,no_defect,train
data/splits_metal/yolo_train/severstal_e195c6b17.jpg,scratch,train
data/splits_metal/ae_train/severstal_094b155b4.jpg,no_defect,train
data/splits_metal/ae_train/severstal_f793f797d.jpg,no_defect,train
data/splits_metal/ae_train/severstal_27bb9ff91.jpg,no_defect,train
data/splits_metal/yolo_train/severstal_c22accc84.jpg,pitting,train
data/splits_metal/ae_train/severstal_7c016d59f.jpg,no_defect,train
data/splits_metal/yolo_train/severstal_1fa0c8951.jpg,scratch,train
data/splits_metal/yolo_train/severstal_84865746c.jpg,patch,train
data/splits_metal/yolo_train/severstal_ac48ab24b.jpg,pitting,train
data/splits_metal/ae_train/severstal_e414bb64e.jpg,no_defect,train
data/splits_metal/yolo_val/severstal_944ef524a.jpg,scratch,train
data/splits_metal/yolo_train/severstal_b147f0f0f.jpg,scratch,train
data/splits_metal/yolo_val/severstal_2cf487578.jpg,scratch,train
data/splits_metal/ae_train/severstal_fb6e418f2.jpg,no_defect,train
data/splits_metal/yolo_train/severstal_a763e8b83.jpg,patch,train
data/splits_metal/yolo_train/severstal_235ba1dd3.jpg,scratch,train
data/splits_metal/yolo_val/severstal_a4334d7da.jpg,patch,train
data/splits_metal/yolo_train/severstal_bb1c6efac.jpg,scratch,train
data/splits_metal/yolo_val/severstal_2491d607d.jpg,scratch,train
data/splits_metal/ae_train/severstal_17e6602c2.jpg,no_defect,train
data/splits_metal/yolo_val/severstal_7be8a27c8.jpg,pitting,train
data/splits_metal/ae_train/severstal_914cd79a8.jpg,no_defect,train
data/splits_metal/yolo_val/severstal_005f02e20.jpg,scratch,train
data/splits_metal/yolo_train/severstal_e8c73d030.jpg,scratch,train
data/splits_metal/ae_train/severstal_78a194558.jpg,no_defect,train
data/splits_metal/yolo_train/severstal_bde6d9e50.jpg,scratch,train
data/splits_metal/ae_train/severstal_3d42a49b2.jpg,no_defect,train
data/splits_metal/yolo_train/severstal_6023f98ef.jpg,scratch,train
data/splits_metal/yolo_train/severstal_61cbb3c15.jpg,scratch,train
data/splits_metal/yolo_train/severstal_586b86560.jpg,scratch,train
data/splits_metal/ae_train/severstal_26a5791d4.jpg,no_defect,train
data/splits_metal/ae_train/severstal_d7939330f.jpg,no_defect,train
data/splits_metal/ae_train/severstal_e5e22441b.jpg,no_defect,train
data/splits_metal/yolo_train/severstal_869055892.jpg,patch,train
data/splits_metal/yolo_train/severstal_ec0c4dd47.jpg,scratch,train
data/splits_metal/yolo_val/severstal_b76bbb3cf.jpg,pitting,train
data/splits_metal/yolo_train/severstal_24066d57e.jpg,pitting,train
data/splits_metal/yolo_train/severstal_a056c104a.jpg,scratch,train
data/splits_metal/ae_train/severstal_4b5a7abdc.jpg,no_defect,train
data/splits_metal/ae_train/severstal_6cf220068.jpg,no_defect,train
data/splits_metal/yolo_train/severstal_0360edfb8.jpg,scratch,train
data/splits_metal/yolo_train/severstal_1e9aec741.jpg,scratch,train
data/splits_metal/ae_train/severstal_fcf0d3eeb.jpg,no_defect,train
data/splits_metal/ae_train/severstal_14c0ae34c.jpg,no_defect,train
data/splits_metal/yolo_train/severstal_79730ecdc.jpg,patch,train
data/splits_metal/ae_train/severstal_d20ee0a9b.jpg,no_defect,train
data/splits_metal/ae_train/severstal_d62bdbfa6.jpg,no_defect,train
data/splits_metal/yolo_train/severstal_6b3cdd9d1.jpg,patch,train
data/splits_metal/ae_train/severstal_b46c4d64b.jpg,no_defect,train
data/splits_metal/ae_train/severstal_d07524f7c.jpg,no_defect,train
data/splits_metal/yolo_train/severstal_801d299ac.jpg,scratch,train
data/splits_metal/yolo_val/severstal_463fe382b.jpg,inclusion,train
data/splits_metal/yolo_train/severstal_cd662eda7.jpg,scratch,train
data/splits_metal/yolo_train/severstal_7bb25cc94.jpg,pitting,train
data/splits_metal/ae_train/severstal_832f21ec5.jpg,no_defect,train
data/splits_metal/ae_train/severstal_e9f18d64d.jpg,no_defect,train
data/splits_metal/ae_train/severstal_beb14dec4.jpg,no_defect,train
data/splits_metal/yolo_val/severstal_915b0078c.jpg,scratch,train
data/splits_metal/ae_train/severstal_f14f39ad8.jpg,no_defect,train
data/splits_metal/ae_train/severstal_6195c3cf0.jpg,no_defect,train
data/splits_metal/yolo_train/severstal_0cfcad1f5.jpg,scratch,train
data/splits_metal/yolo_train/severstal_d6674b01e.jpg,scratch,train
data/splits_metal/ae_train/severstal_2f0e00b02.jpg,no_defect,train
data/splits_metal/ae_train/severstal_afdf9c916.jpg,no_defect,train
data/splits_metal/yolo_train/severstal_f47f238a3.jpg,scratch,train
data/splits_metal/yolo_train/severstal_e7ced5b76.jpg,scratch,train
data/splits_metal/ae_train/severstal_98e76e2a0.jpg,no_defect,train
data/splits_metal/ae_train/severstal_d52f44bd0.jpg,no_defect,train
data/splits_metal/ae_train/severstal_f1feaa507.jpg,no_defect,train
data/splits_metal/ae_train/severstal_9316fb21d.jpg,no_defect,train
data/splits_metal/yolo_val/severstal_25c0df351.jpg,scratch,train
data/splits_metal/yolo_train/severstal_59e4baab6.jpg,scratch,train
data/splits_metal/ae_train/severstal_8be674249.jpg,no_defect,train
data/splits_metal/ae_train/severstal_c633454bd.jpg,no_defect,train
data/splits_metal/yolo_train/severstal_bb4e89121.jpg,scratch,train
data/splits_metal/yolo_train/severstal_bdce84e23.jpg,scratch,train
data/splits_metal/yolo_train/severstal_84a9ab164.jpg,scratch,train
data/splits_metal/ae_train/severstal_0b31575c2.jpg,no_defect,train
data/splits_metal/yolo_train/severstal_ed3615966.jpg,scratch,train
data/splits_metal/yolo_train/severstal_e9d0de676.jpg,scratch,train
data/splits_metal/ae_train/severstal_74bbe241c.jpg,no_defect,train
data/splits_metal/yolo_train/severstal_83e65d90e.jpg,scratch,train
data/splits_metal/ae_train/severstal_7c6880fc1.jpg,no_defect,train
data/splits_metal/ae_train/severstal_c4628d422.jpg,no_defect,train
data/splits_metal/yolo_train/severstal_dc319912e.jpg,scratch,train
data/splits_metal/ae_train/severstal_bbf5db291.jpg,no_defect,train
data/splits_metal/yolo_train/severstal_0148e9891.jpg,scratch,train
data/splits_metal/yolo_train/severstal_a985a9c7c.jpg,pitting,train
data/splits_metal/yolo_train/severstal_02c79bfcb.jpg,scratch,train
data/splits_metal/ae_train/severstal_1b1937685.jpg,no_defect,train
data/splits_metal/ae_train/severstal_9faff1eb0.jpg,no_defect,train
data/splits_metal/yolo_train/severstal_25ba4dfae.jpg,scratch,train
data/splits_metal/ae_train/severstal_183bd7328.jpg,no_defect,train
data/splits_metal/ae_train/severstal_66fb37513.jpg,no_defect,train
data/splits_metal/ae_train/severstal_3dea8ca2e.jpg,no_defect,train
data/splits_metal/yolo_train/severstal_9aa437d47.jpg,pitting,train
data/splits_metal/yolo_train/severstal_880f0b8cc.jpg,scratch,train
data/splits_metal/ae_train/severstal_dea52fa7a.jpg,no_defect,train
data/splits_metal/yolo_train/severstal_a6af7373c.jpg,scratch,train
data/splits_metal/ae_train/severstal_a2628aa4b.jpg,no_defect,train
data/splits_metal/yolo_train/severstal_bb0b18744.jpg,scratch,train
data/splits_metal/yolo_train/severstal_11aaf18e2.jpg,scratch,train
data/splits_metal/ae_train/severstal_83bd40de8.jpg,no_defect,train
data/splits_metal/yolo_train/severstal_5b0da4889.jpg,scratch,train
data/splits_metal/yolo_train/severstal_764275950.jpg,patch,train
data/splits_metal/ae_train/severstal_e1de957d4.jpg,no_defect,train
data/splits_metal/ae_train/severstal_277c7771d.jpg,no_defect,train
data/splits_metal/ae_train/severstal_0f61cbd36.jpg,no_defect,train
data/splits_metal/ae_train/severstal_4a7295387.jpg,no_defect,train
data/splits_metal/yolo_val/severstal_7f8d10098.jpg,patch,train
data/splits_metal/ae_train/severstal_33691f767.jpg,no_defect,train
data/splits_metal/yolo_val/severstal_0b475b419.jpg,scratch,train
data/splits_metal/ae_train/severstal_b6c7c2cb9.jpg,no_defect,train
data/splits_metal/yolo_train/severstal_f645abdf0.jpg,scratch,train
data/splits_metal/yolo_train/severstal_9496c7b73.jpg,scratch,train
data/splits_metal/ae_train/severstal_8b4c9a3d0.jpg,no_defect,train
data/splits_metal/ae_train/severstal_0dcfc9c19.jpg,no_defect,train
data/splits_metal/ae_train/severstal_a21d2da50.jpg,no_defect,train
data/splits_metal/ae_train/severstal_2e0ef2076.jpg,no_defect,train
data/splits_metal/yolo_train/severstal_6fd6355e3.jpg,scratch,train
data/splits_metal/ae_train/severstal_775f39550.jpg,no_defect,train
data/splits_metal/yolo_val/severstal_e055a603c.jpg,scratch,train
data/splits_metal/ae_train/severstal_cd3cb2083.jpg,no_defect,train
data/splits_metal/yolo_train/severstal_0803acf1f.jpg,scratch,train
data/splits_metal/yolo_train/severstal_1308a608d.jpg,pitting,train
data/splits_metal/yolo_train/severstal_81aed13bf.jpg,pitting,train
data/splits_metal/yolo_train/severstal_8e49af649.jpg,scratch,train
data/splits_metal/yolo_train/severstal_204bcfc88.jpg,pitting,train
data/splits_metal/yolo_train/severstal_8a375b486.jpg,scratch,train
data/splits_metal/yolo_train/severstal_2c113de25.jpg,pitting,train
data/splits_metal/yolo_train/severstal_913e2221d.jpg,pitting,train
data/splits_metal/yolo_train/severstal_0858830b6.jpg,scratch,train
data/splits_metal/ae_train/severstal_fa6a00996.jpg,no_defect,train
data/splits_metal/ae_train/severstal_51dfcda89.jpg,no_defect,train
data/splits_metal/yolo_train/severstal_07732248e.jpg,scratch,train
data/splits_metal/ae_train/severstal_8b4863f6a.jpg,no_defect,train
data/splits_metal/ae_train/severstal_62febb8d5.jpg,no_defect,train
data/splits_metal/ae_train/severstal_2dc1484ee.jpg,no_defect,train
data/splits_metal/yolo_train/severstal_73d4dae19.jpg,patch,train
data/splits_metal/yolo_val/severstal_20e93e1cb.jpg,scratch,train
data/splits_metal/yolo_train/severstal_3ffa37e37.jpg,scratch,train
data/splits_metal/yolo_val/severstal_4befc8dcf.jpg,scratch,train
data/splits_metal/ae_train/severstal_f30897f72.jpg,no_defect,train
data/splits_metal/yolo_train/severstal_4c6a55f89.jpg,patch,train
data/splits_metal/ae_train/severstal_ee68de193.jpg,no_defect,train
data/splits_metal/yolo_train/severstal_a70b5d0c5.jpg,pitting,train
data/splits_metal/ae_train/severstal_aef90b7ea.jpg,no_defect,train
data/splits_metal/yolo_train/severstal_c26f7ab21.jpg,scratch,train
data/splits_metal/yolo_train/severstal_6916a083e.jpg,scratch,train
data/splits_metal/ae_train/severstal_f3f18f763.jpg,no_defect,train
data/splits_metal/yolo_val/severstal_8df207326.jpg,scratch,train
data/splits_metal/ae_train/severstal_d7446a2b2.jpg,no_defect,train
data/splits_metal/ae_train/severstal_e518fa6aa.jpg,no_defect,train
data/splits_metal/ae_train/severstal_4f3632e9d.jpg,no_defect,train
data/splits_metal/yolo_val/severstal_80932154b.jpg,scratch,train
data/splits_metal/ae_train/severstal_e6f9e427b.jpg,no_defect,train
data/splits_metal/yolo_train/severstal_ce32285f5.jpg,scratch,train
data/splits_metal/ae_train/severstal_58b3000b1.jpg,no_defect,train
data/splits_metal/ae_train/severstal_6fcfca8f2.jpg,no_defect,train
data/splits_metal/yolo_train/severstal_12d38a1d4.jpg,scratch,train
data/splits_metal/ae_train/severstal_47a26bb25.jpg,no_defect,train
data/splits_metal/ae_train/severstal_5c3d3b23e.jpg,no_defect,train
data/splits_metal/yolo_val/severstal_1e1f0b7b0.jpg,scratch,train
data/splits_metal/ae_train/severstal_d8c29060a.jpg,no_defect,train
data/splits_metal/yolo_val/severstal_36e512a45.jpg,pitting,train
data/splits_metal/ae_train/severstal_4945a40e6.jpg,no_defect,train
data/splits_metal/ae_train/severstal_f25c52683.jpg,no_defect,train
data/splits_metal/yolo_train/severstal_21b335784.jpg,scratch,train
data/splits_metal/yolo_val/severstal_810f7826a.jpg,scratch,train
data/splits_metal/ae_train/severstal_d706e7f5e.jpg,no_defect,train
data/splits_metal/ae_train/severstal_9a62177bb.jpg,no_defect,train
data/splits_metal/yolo_train/severstal_9d34d1ed3.jpg,scratch,train
data/splits_metal/ae_train/severstal_80ec6ed97.jpg,no_defect,train
data/splits_metal/yolo_train/severstal_54c4f7afa.jpg,scratch,train
data/splits_metal/ae_train/severstal_809282641.jpg,no_defect,train
data/splits_metal/ae_train/severstal_8ade0ca6d.jpg,no_defect,train
data/splits_metal/yolo_train/severstal_b6a5c7a5b.jpg,patch,train
data/splits_metal/ae_train/severstal_b059badb4.jpg,no_defect,train
data/splits_metal/yolo_val/severstal_8b4af5900.jpg,scratch,train
data/splits_metal/yolo_train/severstal_5848791de.jpg,scratch,train
data/splits_metal/ae_train/severstal_3d577cf47.jpg,no_defect,train
data/splits_metal/ae_train/severstal_1662b40c1.jpg,no_defect,train
data/splits_metal/yolo_train/severstal_def010af5.jpg,scratch,train
data/splits_metal/yolo_train/severstal_9c33cdef5.jpg,scratch,train
data/splits_metal/yolo_train/severstal_80e2353c4.jpg,scratch,train
data/splits_metal/yolo_train/severstal_096465b41.jpg,scratch,train
data/splits_metal/yolo_train/severstal_9bf97c980.jpg,scratch,train
data/splits_metal/yolo_train/severstal_4bf995227.jpg,scratch,train
data/splits_metal/ae_train/severstal_9c47d5ca7.jpg,no_defect,train
data/splits_metal/ae_train/severstal_2becf0002.jpg,no_defect,train
data/splits_metal/yolo_train/severstal_d78e97810.jpg,scratch,train
data/splits_metal/yolo_train/severstal_d67745c5b.jpg,inclusion,train
data/splits_metal/yolo_val/severstal_dd97d4b45.jpg,scratch,train
data/splits_metal/ae_train/severstal_f3045532b.jpg,no_defect,train
data/splits_metal/ae_train/severstal_f7a866a28.jpg,no_defect,train
data/splits_metal/ae_train/severstal_524214c87.jpg,no_defect,train
data/splits_metal/ae_train/severstal_7f4554482.jpg,no_defect,train
data/splits_metal/yolo_train/severstal_afc4ca4f0.jpg,scratch,train
data/splits_metal/yolo_train/severstal_71dd5a232.jpg,pitting,train
data/splits_metal/yolo_train/severstal_8cb9d43f0.jpg,patch,train
data/splits_metal/yolo_val/severstal_47d3379c1.jpg,pitting,train
data/splits_metal/ae_train/severstal_3f46ed8d5.jpg,no_defect,train
data/splits_metal/ae_train/severstal_b5330d91e.jpg,no_defect,train
data/splits_metal/ae_train/severstal_c2798319f.jpg,no_defect,train
data/splits_metal/ae_train/severstal_9528617c0.jpg,no_defect,train
data/splits_metal/ae_train/severstal_bbd271bd8.jpg,no_defect,train
data/splits_metal/yolo_train/severstal_3b6f87aed.jpg,scratch,train
data/splits_metal/ae_train/severstal_f8347d282.jpg,no_defect,train
data/splits_metal/ae_train/severstal_7b80a9151.jpg,no_defect,train
data/splits_metal/ae_train/severstal_031fc45b5.jpg,no_defect,train
data/splits_metal/yolo_val/severstal_d6d3224d2.jpg,scratch,train
data/splits_metal/yolo_train/severstal_cb6fa8f89.jpg,scratch,train
data/splits_metal/yolo_train/severstal_5c3ba387a.jpg,scratch,train
data/splits_metal/ae_train/severstal_adcc1cac6.jpg,no_defect,train
data/splits_metal/ae_train/severstal_e736e9daf.jpg,no_defect,train
data/splits_metal/ae_train/severstal_7207d1be6.jpg,no_defect,train
data/splits_metal/ae_train/severstal_a3c50494f.jpg,no_defect,train
data/splits_metal/yolo_train/severstal_88df5f0d8.jpg,scratch,train
data/splits_metal/ae_train/severstal_1c4018f02.jpg,no_defect,train
data/splits_metal/yolo_train/severstal_7c847f7b3.jpg,pitting,train
data/splits_metal/ae_train/severstal_2eb80839e.jpg,no_defect,train
data/splits_metal/ae_train/severstal_22ac7041b.jpg,no_defect,train
data/splits_metal/ae_train/severstal_7cd098a67.jpg,no_defect,train
data/splits_metal/yolo_train/severstal_66b5d6b19.jpg,scratch,train
data/splits_metal/ae_train/severstal_d0dde3c93.jpg,no_defect,train
data/splits_metal/ae_train/severstal_bcda255e8.jpg,no_defect,train
data/splits_metal/ae_train/severstal_67799f68e.jpg,no_defect,train
data/splits_metal/yolo_train/severstal_f348bf060.jpg,scratch,train
data/splits_metal/ae_train/severstal_9fb53a74b.jpg,no_defect,train
data/splits_metal/ae_train/severstal_3feed5ab3.jpg,no_defect,train
data/splits_metal/ae_train/severstal_e6678c621.jpg,no_defect,train
data/splits_metal/yolo_train/severstal_977eee415.jpg,scratch,train
data/splits_metal/yolo_train/severstal_6b226dec1.jpg,scratch,train
data/splits_metal/ae_train/severstal_e0a10c8dc.jpg,no_defect,train
data/splits_metal/yolo_train/severstal_c5a65a795.jpg,scratch,train
data/splits_metal/yolo_val/severstal_8fddb859f.jpg,scratch,train
data/splits_metal/ae_train/severstal_7895bdd52.jpg,no_defect,train
data/splits_metal/ae_train/severstal_dddb213a1.jpg,no_defect,train
data/splits_metal/yolo_val/severstal_99855ae32.jpg,scratch,train
data/splits_metal/ae_train/severstal_726971100.jpg,no_defect,train
data/splits_metal/yolo_train/severstal_31716f6ae.jpg,scratch,train
data/splits_metal/ae_train/severstal_8ed26ee46.jpg,no_defect,train
data/splits_metal/yolo_train/severstal_3af1c4aca.jpg,scratch,train
data/splits_metal/ae_train/severstal_4638d6124.jpg,no_defect,train
data/splits_metal/ae_train/severstal_c91f6f9ed.jpg,no_defect,train
data/splits_metal/yolo_train/severstal_d77e9ff45.jpg,patch,train
data/splits_metal/yolo_train/severstal_49416ce82.jpg,scratch,train
data/splits_metal/ae_train/severstal_5cadef440.jpg,no_defect,train
data/splits_metal/ae_train/severstal_8adfbc19f.jpg,no_defect,train
data/splits_metal/ae_train/severstal_694a51dba.jpg,no_defect,train
data/splits_metal/yolo_train/severstal_bb65f4269.jpg,patch,train
data/splits_metal/yolo_val/severstal_0c9ae816d.jpg,scratch,train
data/splits_metal/ae_train/severstal_d4ff02f24.jpg,no_defect,train
data/splits_metal/yolo_train/severstal_9e1406b36.jpg,scratch,train
data/splits_metal/yolo_train/severstal_2dd290c91.jpg,scratch,train
data/splits_metal/yolo_train/severstal_c9415c620.jpg,scratch,train
data/splits_metal/ae_train/severstal_8d800b61c.jpg,no_defect,train
data/splits_metal/ae_train/severstal_81ed57b21.jpg,no_defect,train
data/splits_metal/yolo_train/severstal_d2bbde0a4.jpg,scratch,train
data/splits_metal/ae_train/severstal_62d22c41a.jpg,no_defect,train
data/splits_metal/yolo_train/severstal_50de95d7f.jpg,scratch,train
data/splits_metal/ae_train/severstal_393fc7f36.jpg,no_defect,train
data/splits_metal/ae_train/severstal_f3a589343.jpg,no_defect,train
data/splits_metal/yolo_train/severstal_548f2444a.jpg,scratch,train
data/splits_metal/ae_train/severstal_d6d78fa78.jpg,no_defect,train
data/splits_metal/yolo_train/severstal_8f0e1809d.jpg,pitting,train
data/splits_metal/ae_train/severstal_085f71134.jpg,no_defect,train
data/splits_metal/ae_train/severstal_3887e646f.jpg,no_defect,train
data/splits_metal/yolo_val/severstal_ff5483763.jpg,scratch,train
data/splits_metal/ae_train/severstal_528470bcc.jpg,no_defect,train
data/splits_metal/yolo_train/severstal_a6c3abdb9.jpg,inclusion,train
data/splits_metal/ae_train/severstal_2bb9c8164.jpg,no_defect,train
data/splits_metal/yolo_train/severstal_1513b40a0.jpg,scratch,train
data/splits_metal/ae_train/severstal_7f1c326d4.jpg,no_defect,train
data/splits_metal/yolo_train/severstal_ec37ebae6.jpg,scratch,train
data/splits_metal/yolo_train/severstal_40d766da8.jpg,patch,train
data/splits_metal/yolo_train/severstal_31dee4189.jpg,scratch,train
data/splits_metal/ae_train/severstal_c56a476af.jpg,no_defect,train
data/splits_metal/ae_train/severstal_18b243e06.jpg,no_defect,train
data/splits_metal/yolo_train/severstal_df6e8da02.jpg,scratch,train
data/splits_metal/ae_train/severstal_8000b4ad8.jpg,no_defect,train
data/splits_metal/ae_train/severstal_60c48f53e.jpg,no_defect,train
data/splits_metal/yolo_train/severstal_c18e129a3.jpg,scratch,train
data/splits_metal/ae_train/severstal_2ba1f2a4d.jpg,no_defect,train
data/splits_metal/ae_train/severstal_6f2370e80.jpg,no_defect,train
data/splits_metal/yolo_train/severstal_3b2f9b14d.jpg,scratch,train
data/splits_metal/yolo_train/severstal_6eeaaa295.jpg,scratch,train
data/splits_metal/yolo_val/severstal_c42076330.jpg,scratch,train
data/splits_metal/ae_train/severstal_0c607c9a3.jpg,no_defect,train
data/splits_metal/ae_train/severstal_0b3a0fabe.jpg,no_defect,train
data/splits_metal/ae_train/severstal_6d27699e0.jpg,no_defect,train
data/splits_metal/yolo_val/severstal_b10ca1dc4.jpg,scratch,train
data/splits_metal/ae_train/severstal_b9ca7f9f9.jpg,no_defect,train
data/splits_metal/ae_train/severstal_c1e621914.jpg,no_defect,train
data/splits_metal/ae_train/severstal_581ded261.jpg,no_defect,train
data/splits_metal/ae_train/severstal_b43445f69.jpg,no_defect,train
data/splits_metal/yolo_val/severstal_f0fe4df29.jpg,scratch,train
data/splits_metal/yolo_train/severstal_7e57b31f7.jpg,scratch,train
data/splits_metal/ae_train/severstal_6104918a5.jpg,no_defect,train
data/splits_metal/yolo_train/severstal_74bd73f6d.jpg,scratch,train
data/splits_metal/ae_train/severstal_a17aa65b7.jpg,no_defect,train
data/splits_metal/yolo_train/severstal_a430d56ba.jpg,scratch,train
data/splits_metal/ae_train/severstal_53c689378.jpg,no_defect,train
data/splits_metal/yolo_train/severstal_3e519e65d.jpg,patch,train
data/splits_metal/ae_train/severstal_400372ad3.jpg,no_defect,train
data/splits_metal/ae_train/severstal_eae952e95.jpg,no_defect,train
data/splits_metal/ae_train/severstal_de18da6c9.jpg,no_defect,train
data/splits_metal/ae_train/severstal_9d4d73931.jpg,no_defect,train
data/splits_metal/ae_train/severstal_c9c5c1bdc.jpg,no_defect,train
data/splits_metal/yolo_train/severstal_5ec5dd646.jpg,scratch,train
data/splits_metal/yolo_train/severstal_f66364942.jpg,scratch,train
data/splits_metal/ae_train/severstal_fe9f07422.jpg,no_defect,train
data/splits_metal/ae_train/severstal_7941b2b9e.jpg,no_defect,train
data/splits_metal/yolo_val/severstal_359e3fb7c.jpg,scratch,train
data/splits_metal/ae_train/severstal_3574a9211.jpg,no_defect,train
data/splits_metal/yolo_train/severstal_db17c18f9.jpg,scratch,train
data/splits_metal/yolo_train/severstal_0603c2340.jpg,pitting,train
data/splits_metal/ae_train/severstal_9a8f98a4b.jpg,no_defect,train
data/splits_metal/ae_train/severstal_9723d431a.jpg,no_defect,train
data/splits_metal/yolo_train/severstal_9c850bf6c.jpg,scratch,train
data/splits_metal/yolo_train/severstal_08e3aadde.jpg,scratch,train
data/splits_metal/ae_train/severstal_c54ee8ab4.jpg,no_defect,train
data/splits_metal/ae_train/severstal_01b6c2dc1.jpg,no_defect,train
data/splits_metal/ae_train/severstal_419abb453.jpg,no_defect,train
data/splits_metal/ae_train/severstal_da2c63b68.jpg,no_defect,train
data/splits_metal/yolo_train/severstal_a493cde22.jpg,scratch,train
data/splits_metal/ae_train/severstal_58e5181db.jpg,no_defect,train
data/splits_metal/ae_train/severstal_199da8fbc.jpg,no_defect,train
data/splits_metal/ae_train/severstal_0eb39d43f.jpg,no_defect,train
data/splits_metal/yolo_train/severstal_24e125a16.jpg,inclusion,train
data/splits_metal/yolo_train/severstal_5d32d076f.jpg,patch,train
data/splits_metal/yolo_train/severstal_981f9c663.jpg,scratch,train
data/splits_metal/yolo_train/severstal_2719e3b47.jpg,scratch,train
data/splits_metal/ae_train/severstal_cf384e2e4.jpg,no_defect,train
data/splits_metal/yolo_val/severstal_98d2c50b7.jpg,scratch,train
data/splits_metal/ae_train/severstal_1f45f2491.jpg,no_defect,train
data/splits_metal/ae_train/severstal_f928cdeea.jpg,no_defect,train
data/splits_metal/ae_train/severstal_7f98c3635.jpg,no_defect,train
data/splits_metal/ae_train/severstal_4da4b15f4.jpg,no_defect,train
data/splits_metal/ae_train/severstal_30b516c73.jpg,no_defect,train
data/splits_metal/yolo_train/severstal_db03ee270.jpg,scratch,train
data/splits_metal/yolo_train/severstal_dfc4b8d29.jpg,scratch,train
data/splits_metal/yolo_train/severstal_414f0f6f9.jpg,scratch,train
data/splits_metal/yolo_train/severstal_00ec97699.jpg,scratch,train
data/splits_metal/yolo_train/severstal_4c3100013.jpg,scratch,train
data/splits_metal/yolo_val/severstal_22bd428e0.jpg,scratch,train
data/splits_metal/ae_train/severstal_867f51798.jpg,no_defect,train
data/splits_metal/ae_train/severstal_117e76e70.jpg,no_defect,train
data/splits_metal/ae_train/severstal_c7fdcc166.jpg,no_defect,train
data/splits_metal/yolo_val/severstal_5f173bcc1.jpg,patch,train
data/splits_metal/yolo_train/severstal_5c7613c97.jpg,patch,train
data/splits_metal/ae_train/severstal_d820dc2dd.jpg,no_defect,train
data/splits_metal/ae_train/severstal_4da0260d5.jpg,no_defect,train
data/splits_metal/ae_train/severstal_6685aa0f5.jpg,no_defect,train
data/splits_metal/ae_train/severstal_921340245.jpg,no_defect,train
data/splits_metal/ae_train/severstal_72682f66a.jpg,no_defect,train
data/splits_metal/yolo_train/severstal_990195c76.jpg,scratch,train
data/splits_metal/ae_train/severstal_94836a116.jpg,no_defect,train
data/splits_metal/ae_train/severstal_7c90b4eab.jpg,no_defect,train
data/splits_metal/ae_train/severstal_c1b035207.jpg,no_defect,train
data/splits_metal/ae_train/severstal_0483ecae0.jpg,no_defect,train
data/splits_metal/ae_train/severstal_becac1d9b.jpg,no_defect,train
data/splits_metal/yolo_val/severstal_5bb466d48.jpg,scratch,train
data/splits_metal/ae_train/severstal_72f1188a6.jpg,no_defect,train
data/splits_metal/yolo_train/severstal_b9fa8b135.jpg,pitting,train
data/splits_metal/yolo_train/severstal_8827d2bd3.jpg,scratch,train
data/splits_metal/ae_train/severstal_b1adeb194.jpg,no_defect,train
data/splits_metal/yolo_train/severstal_ecad316bb.jpg,scratch,train
data/splits_metal/ae_train/severstal_9884127c9.jpg,no_defect,train
data/splits_metal/yolo_train/severstal_b442ff31d.jpg,scratch,train
data/splits_metal/yolo_val/severstal_e91814529.jpg,pitting,train
data/splits_metal/yolo_train/severstal_51d7bee0a.jpg,scratch,train
data/splits_metal/ae_train/severstal_749182da2.jpg,no_defect,train
data/splits_metal/ae_train/severstal_1ab604624.jpg,no_defect,train
data/splits_metal/yolo_train/severstal_441add89c.jpg,scratch,train
data/splits_metal/yolo_val/severstal_409ebd086.jpg,scratch,train
data/splits_metal/yolo_train/severstal_d685dc83f.jpg,patch,train
data/splits_metal/ae_train/severstal_981a45fda.jpg,no_defect,train
data/splits_metal/yolo_train/severstal_70a1d1d39.jpg,patch,train
data/splits_metal/yolo_train/severstal_bf9b21859.jpg,scratch,train
data/splits_metal/yolo_train/severstal_7981f7773.jpg,scratch,train
data/splits_metal/yolo_train/severstal_8847458a0.jpg,scratch,train
data/splits_metal/yolo_train/severstal_b162a9cb2.jpg,scratch,train
data/splits_metal/ae_train/severstal_776b6ae61.jpg,no_defect,train
data/splits_metal/yolo_train/severstal_8f7426e6d.jpg,scratch,train
data/splits_metal/ae_train/severstal_d103df723.jpg,no_defect,train
data/splits_metal/yolo_train/severstal_1abb621ee.jpg,pitting,train
data/splits_metal/yolo_train/severstal_4f002a224.jpg,scratch,train
data/splits_metal/ae_train/severstal_364e66340.jpg,no_defect,train
data/splits_metal/ae_train/severstal_b77466d80.jpg,no_defect,train
data/splits_metal/yolo_train/severstal_5b88d9e1a.jpg,scratch,train
data/splits_metal/yolo_train/severstal_a65a8503a.jpg,scratch,train
data/splits_metal/yolo_train/severstal_e628d230c.jpg,scratch,train
data/splits_metal/yolo_train/severstal_73a4c6d1f.jpg,pitting,train
data/splits_metal/ae_train/severstal_7bca7b205.jpg,no_defect,train
data/splits_metal/ae_train/severstal_c91c7b0ad.jpg,no_defect,train
data/splits_metal/yolo_train/severstal_3b936b2b9.jpg,scratch,train
data/splits_metal/ae_train/severstal_869a36ad5.jpg,no_defect,train
data/splits_metal/yolo_train/severstal_933533867.jpg,scratch,train
data/splits_metal/ae_train/severstal_5432fd9e1.jpg,no_defect,train
data/splits_metal/ae_train/severstal_33e7b3469.jpg,no_defect,train
data/splits_metal/ae_train/severstal_45878314e.jpg,no_defect,train
data/splits_metal/yolo_val/severstal_e7d7c87e2.jpg,scratch,train
data/splits_metal/yolo_train/severstal_7435bcc25.jpg,scratch,train
data/splits_metal/ae_train/severstal_7287853aa.jpg,no_defect,train
data/splits_metal/yolo_train/severstal_3a66177ea.jpg,scratch,train
data/splits_metal/yolo_train/severstal_277ebde3b.jpg,pitting,train
data/splits_metal/yolo_val/severstal_b2488a745.jpg,patch,train
data/splits_metal/ae_train/severstal_9a7b427b4.jpg,no_defect,train
data/splits_metal/ae_train/severstal_3b03d80ea.jpg,no_defect,train
data/splits_metal/yolo_val/severstal_d7a966551.jpg,scratch,train
data/splits_metal/ae_train/severstal_73ba9c92b.jpg,no_defect,train
data/splits_metal/yolo_train/severstal_2e2f5467c.jpg,scratch,train
data/splits_metal/yolo_train/severstal_ddf1692c2.jpg,patch,train
data/splits_metal/ae_train/severstal_7a9ab0a7b.jpg,no_defect,train
data/splits_metal/yolo_train/severstal_3bde297da.jpg,scratch,train
data/splits_metal/yolo_train/severstal_a67df9196.jpg,pitting,train
data/splits_metal/yolo_train/severstal_6c1bc5d11.jpg,pitting,train
data/splits_metal/ae_train/severstal_3a4a2014a.jpg,no_defect,train
data/splits_metal/yolo_train/severstal_820a86bdd.jpg,patch,train
data/splits_metal/yolo_train/severstal_4c18e968f.jpg,scratch,train
data/splits_metal/yolo_train/severstal_4ab1aeab6.jpg,patch,train
data/splits_metal/ae_train/severstal_729674b1c.jpg,no_defect,train
data/splits_metal/ae_train/severstal_43e99cd80.jpg,no_defect,train
data/splits_metal/ae_train/severstal_c3528b146.jpg,no_defect,train
data/splits_metal/ae_train/severstal_2c405a793.jpg,no_defect,train
data/splits_metal/yolo_train/severstal_6a4efceac.jpg,scratch,train
data/splits_metal/ae_train/severstal_c8642ccd0.jpg,no_defect,train
data/splits_metal/ae_train/severstal_1e41bed39.jpg,no_defect,train
data/splits_metal/ae_train/severstal_924edab1b.jpg,no_defect,train
data/splits_metal/yolo_train/severstal_02701c239.jpg,scratch,train
data/splits_metal/ae_train/severstal_9aa44fa54.jpg,no_defect,train
data/splits_metal/ae_train/severstal_29061ba6a.jpg,no_defect,train
data/splits_metal/ae_train/severstal_1b13686ba.jpg,no_defect,train
data/splits_metal/ae_train/severstal_0a9799f01.jpg,no_defect,train
data/splits_metal/ae_train/severstal_ef17a2418.jpg,no_defect,train
data/splits_metal/yolo_train/severstal_ffff4eaa8.jpg,scratch,train
data/splits_metal/yolo_val/severstal_5bec4663f.jpg,scratch,train
data/splits_metal/ae_train/severstal_54b912dfb.jpg,no_defect,train
data/splits_metal/yolo_train/severstal_8f85d6fd4.jpg,pitting,train
data/splits_metal/ae_train/severstal_8856f6411.jpg,no_defect,train
data/splits_metal/ae_train/severstal_7e2607582.jpg,no_defect,train
data/splits_metal/yolo_train/severstal_cf853b06f.jpg,scratch,train
data/splits_metal/yolo_train/severstal_c804959b3.jpg,scratch,train
data/splits_metal/ae_train/severstal_85a8cf079.jpg,no_defect,train
data/splits_metal/ae_train/severstal_4d5108fe6.jpg,no_defect,train
data/splits_metal/yolo_val/severstal_cf4008024.jpg,scratch,train
data/splits_metal/yolo_val/severstal_ba4ac3636.jpg,scratch,train
data/splits_metal/yolo_train/severstal_24e249331.jpg,scratch,train
data/splits_metal/ae_train/severstal_d0274160d.jpg,no_defect,train
data/splits_metal/yolo_val/severstal_6da43d9fc.jpg,scratch,train
data/splits_metal/yolo_val/severstal_a33d86440.jpg,pitting,train
data/splits_metal/ae_train/severstal_eeaccd41b.jpg,no_defect,train
data/splits_metal/yolo_train/severstal_65688fbc2.jpg,scratch,train
data/splits_metal/ae_train/severstal_99288b018.jpg,no_defect,train
data/splits_metal/ae_train/severstal_7741fa73b.jpg,no_defect,train
data/splits_metal/ae_train/severstal_0ed2b54f1.jpg,no_defect,train
data/splits_metal/yolo_train/severstal_692c14cc2.jpg,scratch,train
data/splits_metal/ae_train/severstal_484830d85.jpg,no_defect,train
data/splits_metal/yolo_train/severstal_4fb88c3a4.jpg,scratch,train
data/splits_metal/yolo_train/severstal_68a931b71.jpg,scratch,train
data/splits_metal/yolo_train/severstal_207d87ea7.jpg,scratch,train
data/splits_metal/yolo_train/severstal_fdab86eb7.jpg,scratch,train
data/splits_metal/yolo_train/severstal_5d044bd2c.jpg,scratch,train
data/splits_metal/yolo_train/severstal_503c4f93a.jpg,inclusion,train
data/splits_metal/yolo_train/severstal_fc3151ab5.jpg,scratch,train
data/splits_metal/yolo_train/severstal_9121da7fe.jpg,scratch,train
data/splits_metal/ae_train/severstal_8cceaf17c.jpg,no_defect,train
data/splits_metal/yolo_val/severstal_aae6bc5be.jpg,scratch,train
data/splits_metal/ae_train/severstal_cb1f7d883.jpg,no_defect,train
data/splits_metal/ae_train/severstal_62f8d0911.jpg,no_defect,train
data/splits_metal/yolo_train/severstal_f78c3b312.jpg,scratch,train
data/splits_metal/ae_train/severstal_1eb193ad7.jpg,no_defect,train
data/splits_metal/yolo_train/severstal_ac461b596.jpg,scratch,train
data/splits_metal/ae_train/severstal_c9c186f0b.jpg,no_defect,train
data/splits_metal/yolo_train/severstal_d8b6334f7.jpg,scratch,train
data/splits_metal/yolo_train/severstal_cb37fc190.jpg,scratch,train
data/splits_metal/yolo_train/severstal_105f93d9e.jpg,scratch,train
data/splits_metal/yolo_train/severstal_7c5918274.jpg,scratch,train
data/splits_metal/ae_train/severstal_4731d41e8.jpg,no_defect,train
data/splits_metal/yolo_train/severstal_f01e4eec6.jpg,scratch,train
data/splits_metal/ae_train/severstal_b2866fa08.jpg,no_defect,train
data/splits_metal/yolo_train/severstal_e9ed21340.jpg,scratch,train
data/splits_metal/yolo_train/severstal_b43ea2c01.jpg,pitting,train
data/splits_metal/ae_train/severstal_1ce62dfc0.jpg,no_defect,train
data/splits_metal/yolo_train/severstal_917cdbff6.jpg,patch,train
data/splits_metal/yolo_train/severstal_6f26ba943.jpg,scratch,train
data/splits_metal/ae_train/severstal_d606a3bc4.jpg,no_defect,train
data/splits_metal/yolo_val/severstal_08f0b26ac.jpg,scratch,train
data/splits_metal/yolo_train/severstal_ab0010546.jpg,scratch,train
data/splits_metal/yolo_train/severstal_c44c93192.jpg,scratch,train
data/splits_metal/ae_train/severstal_82ee8158b.jpg,no_defect,train
data/splits_metal/ae_train/severstal_e564abf31.jpg,no_defect,train
data/splits_metal/yolo_train/severstal_b99b4abea.jpg,patch,train
data/splits_metal/ae_train/severstal_f5f37f99a.jpg,no_defect,train
data/splits_metal/yolo_train/severstal_534991d20.jpg,pitting,train
data/splits_metal/ae_train/severstal_5ab39ca3a.jpg,no_defect,train
data/splits_metal/yolo_train/severstal_e98824ca8.jpg,scratch,train
data/splits_metal/yolo_val/severstal_79550304c.jpg,scratch,train
data/splits_metal/ae_train/severstal_0a29ef6f9.jpg,no_defect,train
data/splits_metal/ae_train/severstal_578e97b72.jpg,no_defect,train
data/splits_metal/yolo_train/severstal_3ecff5d55.jpg,pitting,train
data/splits_metal/yolo_train/severstal_40889ddf9.jpg,scratch,train
data/splits_metal/ae_train/severstal_fdfbe4d02.jpg,no_defect,train
data/splits_metal/yolo_train/severstal_aad347618.jpg,scratch,train
data/splits_metal/ae_train/severstal_7a7d2b822.jpg,no_defect,train
data/splits_metal/ae_train/severstal_c62b766cc.jpg,no_defect,train
data/splits_metal/ae_train/severstal_cbfbf3686.jpg,no_defect,train
data/splits_metal/yolo_train/severstal_18ba753ff.jpg,inclusion,train
data/splits_metal/yolo_val/severstal_5a188bcf6.jpg,scratch,train
data/splits_metal/yolo_train/severstal_726271bfe.jpg,scratch,train
data/splits_metal/ae_train/severstal_d5918178b.jpg,no_defect,train
data/splits_metal/ae_train/severstal_9408e6bdb.jpg,no_defect,train
data/splits_metal/yolo_train/severstal_40bd1a5f1.jpg,scratch,train
data/splits_metal/ae_train/severstal_94dac8944.jpg,no_defect,train
data/splits_metal/yolo_train/severstal_e2f3d138a.jpg,scratch,train
data/splits_metal/ae_train/severstal_24f4f7819.jpg,no_defect,train
data/splits_metal/ae_train/severstal_aa92ea82d.jpg,no_defect,train
data/splits_metal/yolo_train/severstal_e43b67340.jpg,scratch,train
data/splits_metal/yolo_val/severstal_93775b19c.jpg,scratch,train
data/splits_metal/yolo_train/severstal_1dac7069c.jpg,scratch,train
data/splits_metal/yolo_train/severstal_b228e91a7.jpg,scratch,train
data/splits_metal/yolo_train/severstal_5d2fe9f45.jpg,pitting,train
data/splits_metal/ae_train/severstal_1fbde2708.jpg,no_defect,train
data/splits_metal/yolo_train/severstal_bb24cde95.jpg,scratch,train
data/splits_metal/ae_train/severstal_a59a92ca2.jpg,no_defect,train
data/splits_metal/yolo_train/severstal_25515c2f6.jpg,scratch,train
data/splits_metal/ae_train/severstal_2e5127c3c.jpg,no_defect,train
data/splits_metal/yolo_train/severstal_61bc906d9.jpg,scratch,train
data/splits_metal/yolo_train/severstal_19e918673.jpg,patch,train
data/splits_metal/yolo_val/severstal_f11d59e33.jpg,scratch,train
data/splits_metal/yolo_train/severstal_ed8d0e78c.jpg,scratch,train
data/splits_metal/yolo_train/severstal_e2ad8a12a.jpg,scratch,train
data/splits_metal/yolo_train/severstal_b94f92e51.jpg,patch,train
data/splits_metal/yolo_train/severstal_a56df9123.jpg,inclusion,train
data/splits_metal/ae_train/severstal_17e12e6cb.jpg,no_defect,train
data/splits_metal/ae_train/severstal_818614bea.jpg,no_defect,train
data/splits_metal/ae_train/severstal_8cf99bbea.jpg,no_defect,train
data/splits_metal/yolo_train/severstal_85e44e158.jpg,scratch,train
data/splits_metal/yolo_train/severstal_f89ce1e24.jpg,scratch,train
data/splits_metal/ae_train/severstal_2468a601b.jpg,no_defect,train
data/splits_metal/yolo_train/severstal_d51ea5c21.jpg,scratch,train
data/splits_metal/yolo_train/severstal_b32f9fddd.jpg,patch,train
data/splits_metal/ae_train/severstal_624a6daf6.jpg,no_defect,train
data/splits_metal/ae_train/severstal_d717541d8.jpg,no_defect,train
data/splits_metal/ae_train/severstal_b1f771047.jpg,no_defect,train
data/splits_metal/ae_train/severstal_93c71782d.jpg,no_defect,train
data/splits_metal/yolo_train/severstal_fc477f3c8.jpg,scratch,train
data/splits_metal/ae_train/severstal_50f069727.jpg,no_defect,train
data/splits_metal/ae_train/severstal_a6de0caa4.jpg,no_defect,train
data/splits_metal/ae_train/severstal_f75fb2c26.jpg,no_defect,train
data/splits_metal/ae_train/severstal_f49a67645.jpg,no_defect,train
data/splits_metal/ae_train/severstal_a508a338a.jpg,no_defect,train
data/splits_metal/ae_train/severstal_64061cda4.jpg,no_defect,train
data/splits_metal/ae_train/severstal_308803b04.jpg,no_defect,train
data/splits_metal/ae_train/severstal_f061c7c53.jpg,no_defect,train
data/splits_metal/yolo_train/severstal_d4e66ad89.jpg,scratch,train
data/splits_metal/yolo_train/severstal_f65f02fdb.jpg,pitting,train
data/splits_metal/yolo_train/severstal_b1b3ec5fd.jpg,patch,train
data/splits_metal/ae_train/severstal_bff6601a3.jpg,no_defect,train
data/splits_metal/yolo_train/severstal_da691bc2e.jpg,scratch,train
data/splits_metal/yolo_val/severstal_ec0e3a1c2.jpg,scratch,train
data/splits_metal/yolo_val/severstal_52122168a.jpg,scratch,train
data/splits_metal/ae_train/severstal_0becaa911.jpg,no_defect,train
data/splits_metal/yolo_val/severstal_c392baa9e.jpg,pitting,train
data/splits_metal/yolo_val/severstal_556c2967b.jpg,patch,train
data/splits_metal/ae_train/severstal_0b2edb671.jpg,no_defect,train
data/splits_metal/ae_train/severstal_823575291.jpg,no_defect,train
data/splits_metal/yolo_train/severstal_2c8c3cb8a.jpg,patch,train
data/splits_metal/yolo_train/severstal_84eac92fc.jpg,scratch,train
data/splits_metal/yolo_val/severstal_c389100a5.jpg,pitting,train
data/splits_metal/yolo_train/severstal_c3a1d6cd0.jpg,scratch,train
data/splits_metal/yolo_val/severstal_2932c0dd3.jpg,scratch,train
data/splits_metal/ae_train/severstal_e225d313b.jpg,no_defect,train
data/splits_metal/yolo_val/severstal_6fe50d73a.jpg,scratch,train
data/splits_metal/yolo_train/severstal_68b70cab1.jpg,scratch,train
data/splits_metal/yolo_train/severstal_5f2223804.jpg,scratch,train
data/splits_metal/ae_train/severstal_0a76c7934.jpg,no_defect,train
data/splits_metal/ae_train/severstal_524015c26.jpg,no_defect,train
data/splits_metal/ae_train/severstal_a5b108eba.jpg,no_defect,train
data/splits_metal/yolo_val/severstal_7abb5b1b7.jpg,scratch,train
data/splits_metal/yolo_val/severstal_7b2257638.jpg,scratch,train
data/splits_metal/ae_train/severstal_1ef82c3bb.jpg,no_defect,train
data/splits_metal/yolo_train/severstal_3c5e34bfa.jpg,scratch,train
data/splits_metal/yolo_train/severstal_d267355be.jpg,scratch,train
data/splits_metal/ae_train/severstal_99ec77394.jpg,no_defect,train
data/splits_metal/yolo_train/severstal_f6749d6fe.jpg,scratch,train
data/splits_metal/ae_train/severstal_71fc663a9.jpg,no_defect,train
data/splits_metal/ae_train/severstal_77fa6c315.jpg,no_defect,train
data/splits_metal/ae_train/severstal_76c08f031.jpg,no_defect,train
data/splits_metal/yolo_train/severstal_15f14781f.jpg,scratch,train
data/splits_metal/ae_train/severstal_1b64da256.jpg,no_defect,train
data/splits_metal/ae_train/severstal_ac2b7af8c.jpg,no_defect,train
data/splits_metal/ae_train/severstal_cae8be92c.jpg,no_defect,train
data/splits_metal/yolo_train/severstal_5f5e1e310.jpg,scratch,train
data/splits_metal/ae_train/severstal_a99fdaaab.jpg,no_defect,train
data/splits_metal/yolo_train/severstal_0a9aaba9a.jpg,scratch,train
data/splits_metal/yolo_train/severstal_8ac717af9.jpg,scratch,train
data/splits_metal/yolo_train/severstal_2fff134c7.jpg,scratch,train
data/splits_metal/yolo_train/severstal_ce02060b9.jpg,patch,train
data/splits_metal/yolo_train/severstal_d97933f5f.jpg,scratch,train
data/splits_metal/ae_train/severstal_0e6f5e694.jpg,no_defect,train
data/splits_metal/yolo_train/severstal_b657c7ed4.jpg,pitting,train
data/splits_metal/ae_train/severstal_ab13a6f37.jpg,no_defect,train
data/splits_metal/yolo_train/severstal_922939d64.jpg,scratch,train
data/splits_metal/ae_train/severstal_3d65402c6.jpg,no_defect,train
data/splits_metal/ae_train/severstal_16ce69c02.jpg,no_defect,train
data/splits_metal/yolo_train/severstal_9a83c23d1.jpg,scratch,train
data/splits_metal/ae_train/severstal_0f059464d.jpg,no_defect,train
data/splits_metal/yolo_train/severstal_1d28002da.jpg,scratch,train
data/splits_metal/yolo_train/severstal_41977e060.jpg,scratch,train
data/splits_metal/ae_train/severstal_8b6372c98.jpg,no_defect,train
data/splits_metal/yolo_train/severstal_cbd4afcc0.jpg,scratch,train
data/splits_metal/yolo_val/severstal_702bf6ed3.jpg,scratch,train
data/splits_metal/ae_train/severstal_b9f8d4019.jpg,no_defect,train
data/splits_metal/yolo_train/severstal_e32bba07f.jpg,scratch,train
data/splits_metal/ae_train/severstal_f3ef25974.jpg,no_defect,train
data/splits_metal/ae_train/severstal_80adf1a29.jpg,no_defect,train
data/splits_metal/ae_train/severstal_c0a428ebb.jpg,no_defect,train
data/splits_metal/ae_train/severstal_1b1fd7bb3.jpg,no_defect,train
data/splits_metal/yolo_train/severstal_33a4b4335.jpg,scratch,train
data/splits_metal/ae_train/severstal_4bec8370f.jpg,no_defect,train
data/splits_metal/yolo_train/severstal_f3fcb4c7f.jpg,scratch,train
data/splits_metal/yolo_train/severstal_643f181f4.jpg,scratch,train
data/splits_metal/ae_train/severstal_e6c0fca2a.jpg,no_defect,train
data/splits_metal/yolo_train/severstal_534fa3ac4.jpg,pitting,train
data/splits_metal/yolo_train/severstal_4932f1a80.jpg,pitting,train
data/splits_metal/yolo_train/severstal_bea606041.jpg,pitting,train
data/splits_metal/yolo_train/severstal_e70c4768b.jpg,scratch,train
data/splits_metal/yolo_train/severstal_1165781f0.jpg,scratch,train
data/splits_metal/yolo_train/severstal_c9d2f6b05.jpg,scratch,train
data/splits_metal/ae_train/severstal_3522dffe4.jpg,no_defect,train
data/splits_metal/yolo_train/severstal_0d365d98c.jpg,scratch,train
data/splits_metal/yolo_train/severstal_0e01b820c.jpg,patch,train
data/splits_metal/yolo_train/severstal_4d967fdb0.jpg,scratch,train
data/splits_metal/ae_train/severstal_405a1bf06.jpg,no_defect,train
data/splits_metal/ae_train/severstal_d4932b31a.jpg,no_defect,train
data/splits_metal/ae_train/severstal_f2675f133.jpg,no_defect,train
data/splits_metal/ae_train/severstal_4f8d88bd7.jpg,no_defect,train
data/splits_metal/ae_train/severstal_956750621.jpg,no_defect,train
data/splits_metal/yolo_train/severstal_b138e942e.jpg,patch,train
data/splits_metal/yolo_train/severstal_69205724f.jpg,pitting,train
data/splits_metal/ae_train/severstal_54fd0b997.jpg,no_defect,train
data/splits_metal/ae_train/severstal_110e63bfa.jpg,no_defect,train
data/splits_metal/ae_train/severstal_12baa6dc4.jpg,no_defect,train
data/splits_metal/yolo_train/severstal_0b4a68676.jpg,scratch,train
data/splits_metal/ae_train/severstal_d989f3b29.jpg,no_defect,train
data/splits_metal/ae_train/severstal_b8fc355a4.jpg,no_defect,train
data/splits_metal/yolo_train/severstal_5041c4a3f.jpg,scratch,train
data/splits_metal/ae_train/severstal_dd4508ac4.jpg,no_defect,train
data/splits_metal/yolo_train/severstal_b8eadd5bf.jpg,scratch,train
data/splits_metal/ae_train/severstal_3986e38ad.jpg,no_defect,train
data/splits_metal/ae_train/severstal_d4841f891.jpg,no_defect,train
data/splits_metal/ae_train/severstal_108502c97.jpg,no_defect,train
data/splits_metal/ae_train/severstal_09c4ca5ef.jpg,no_defect,train
data/splits_metal/yolo_train/severstal_9ab372c8c.jpg,pitting,train
data/splits_metal/yolo_train/severstal_a35e7e370.jpg,scratch,train
data/splits_metal/yolo_train/severstal_eb0969906.jpg,scratch,train
data/splits_metal/yolo_train/severstal_b68b9258c.jpg,scratch,train
data/splits_metal/ae_train/severstal_7ffa84870.jpg,no_defect,train
data/splits_metal/ae_train/severstal_f83ee60b3.jpg,no_defect,train
data/splits_metal/ae_train/severstal_f1889c7bd.jpg,no_defect,train
data/splits_metal/yolo_train/severstal_4bfbe85ff.jpg,patch,train
data/splits_metal/yolo_train/severstal_ae93df7d1.jpg,scratch,train
data/splits_metal/ae_train/severstal_908bebc17.jpg,no_defect,train
data/splits_metal/yolo_train/severstal_681d859d3.jpg,scratch,train
data/splits_metal/yolo_train/severstal_62bae0f56.jpg,scratch,train
data/splits_metal/ae_train/severstal_f2aa8fa9e.jpg,no_defect,train
data/splits_metal/yolo_val/severstal_d68f45dc5.jpg,scratch,train
data/splits_metal/yolo_val/severstal_73c295786.jpg,scratch,train
data/splits_metal/ae_train/severstal_24cd3df31.jpg,no_defect,train
data/splits_metal/ae_train/severstal_2f3f663c0.jpg,no_defect,train
data/splits_metal/yolo_train/severstal_10b6f12f1.jpg,scratch,train
data/splits_metal/yolo_val/severstal_ae3047bf7.jpg,scratch,train
data/splits_metal/yolo_val/severstal_02b906933.jpg,scratch,train
data/splits_metal/yolo_train/severstal_fe65bce69.jpg,scratch,train
data/splits_metal/ae_train/severstal_a14d16eed.jpg,no_defect,train
data/splits_metal/yolo_train/severstal_7971e089f.jpg,scratch,train
data/splits_metal/yolo_train/severstal_326d25e8c.jpg,scratch,train
data/splits_metal/ae_train/severstal_bc5caa66d.jpg,no_defect,train
data/splits_metal/yolo_train/severstal_a4d9a97f6.jpg,patch,train
data/splits_metal/yolo_val/severstal_c87ca8539.jpg,scratch,train
data/splits_metal/yolo_train/severstal_94050efd8.jpg,scratch,train
data/splits_metal/yolo_train/severstal_b22b846c8.jpg,patch,train
data/splits_metal/ae_train/severstal_2001189bd.jpg,no_defect,train
data/splits_metal/yolo_train/severstal_f22ad3b42.jpg,patch,train
data/splits_metal/yolo_val/severstal_c7c8c2424.jpg,scratch,train
data/splits_metal/ae_train/severstal_0fd87a6a9.jpg,no_defect,train
data/splits_metal/yolo_train/severstal_157f361ec.jpg,scratch,train
data/splits_metal/yolo_train/severstal_e741e43bd.jpg,scratch,train
data/splits_metal/ae_train/severstal_7011e630b.jpg,no_defect,train
data/splits_metal/ae_train/severstal_f4b95bb65.jpg,no_defect,train
data/splits_metal/ae_train/severstal_f1396bc02.jpg,no_defect,train
data/splits_metal/ae_train/severstal_7a07c8a49.jpg,no_defect,train
data/splits_metal/ae_train/severstal_3af8d2d69.jpg,no_defect,train
data/splits_metal/ae_train/severstal_34c77b57a.jpg,no_defect,train
data/splits_metal/yolo_train/severstal_68142cad1.jpg,scratch,train
data/splits_metal/ae_train/severstal_47069e0a5.jpg,no_defect,train
data/splits_metal/ae_train/severstal_88d46c359.jpg,no_defect,train
data/splits_metal/ae_train/severstal_fbedb4788.jpg,no_defect,train
data/splits_metal/ae_train/severstal_ee1ab393a.jpg,no_defect,train
data/splits_metal/ae_train/severstal_c709f2ca6.jpg,no_defect,train
data/splits_metal/yolo_train/severstal_82168bba3.jpg,scratch,train
data/splits_metal/yolo_train/severstal_6860ae804.jpg,scratch,train
data/splits_metal/yolo_train/severstal_5020df2f8.jpg,scratch,train
data/splits_metal/ae_train/severstal_aecfe5ad8.jpg,no_defect,train
data/splits_metal/ae_train/severstal_c528593e7.jpg,no_defect,train
data/splits_metal/yolo_train/severstal_765876b94.jpg,scratch,train
data/splits_metal/ae_train/severstal_85e251638.jpg,no_defect,train
data/splits_metal/yolo_train/severstal_2d8cef5f6.jpg,scratch,train
data/splits_metal/yolo_train/severstal_ab13f368e.jpg,scratch,train
data/splits_metal/ae_train/severstal_88957ccdd.jpg,no_defect,train
data/splits_metal/ae_train/severstal_f5ef933b6.jpg,no_defect,train
data/splits_metal/yolo_train/severstal_5613bb745.jpg,scratch,train
data/splits_metal/ae_train/severstal_710ce771d.jpg,no_defect,train
data/splits_metal/yolo_train/severstal_4e8e7a28c.jpg,scratch,train
data/splits_metal/yolo_train/severstal_8344ef24d.jpg,scratch,train
data/splits_metal/yolo_train/severstal_8faba402b.jpg,scratch,train
data/splits_metal/ae_train/severstal_619e26127.jpg,no_defect,train
data/splits_metal/yolo_train/severstal_f95284047.jpg,scratch,train
data/splits_metal/ae_train/severstal_6110a6c5f.jpg,no_defect,train
data/splits_metal/yolo_train/severstal_5c8104408.jpg,patch,train
data/splits_metal/ae_train/severstal_1ebf26c1d.jpg,no_defect,train
data/splits_metal/ae_train/severstal_5213b418b.jpg,no_defect,train
data/splits_metal/ae_train/severstal_3125e8106.jpg,no_defect,train
data/splits_metal/yolo_train/severstal_0dd76b019.jpg,scratch,train
data/splits_metal/yolo_train/severstal_a17a84d8f.jpg,scratch,train
data/splits_metal/yolo_train/severstal_18c14f720.jpg,inclusion,train
data/splits_metal/ae_train/severstal_451685808.jpg,no_defect,train
data/splits_metal/ae_train/severstal_3996e2b5c.jpg,no_defect,train
data/splits_metal/yolo_train/severstal_3ead6a6bf.jpg,scratch,train
data/splits_metal/yolo_train/severstal_a88dc13d6.jpg,scratch,train
data/splits_metal/yolo_train/severstal_62f1544bb.jpg,scratch,train
data/splits_metal/yolo_train/severstal_6ec88b7f7.jpg,patch,train
data/splits_metal/ae_train/severstal_d7c5eab80.jpg,no_defect,train
data/splits_metal/ae_train/severstal_c31982371.jpg,no_defect,train
data/splits_metal/ae_train/severstal_33274bc41.jpg,no_defect,train
data/splits_metal/yolo_val/severstal_afb3e0467.jpg,scratch,train
data/splits_metal/ae_train/severstal_f273460c7.jpg,no_defect,train
data/splits_metal/yolo_val/severstal_0d17b6b4f.jpg,scratch,train
data/splits_metal/ae_train/severstal_07e6bbef3.jpg,no_defect,train
data/splits_metal/ae_train/severstal_56b587e9e.jpg,no_defect,train
data/splits_metal/ae_train/severstal_b41f45416.jpg,no_defect,train
data/splits_metal/yolo_train/severstal_d869026cd.jpg,scratch,train
data/splits_metal/ae_train/severstal_e9cd3ae87.jpg,no_defect,train
data/splits_metal/yolo_train/severstal_c2a409a0b.jpg,scratch,train
data/splits_metal/ae_train/severstal_5c07547b4.jpg,no_defect,train
data/splits_metal/ae_train/severstal_d357592ec.jpg,no_defect,train
data/splits_metal/ae_train/severstal_8ef5515f7.jpg,no_defect,train
data/splits_metal/ae_train/severstal_c892b744f.jpg,no_defect,train
data/splits_metal/yolo_train/severstal_c5ee627e2.jpg,scratch,train
data/splits_metal/yolo_train/severstal_3c7e032fc.jpg,scratch,train
data/splits_metal/yolo_train/severstal_359442214.jpg,scratch,train
data/splits_metal/yolo_train/severstal_ad2e93a85.jpg,scratch,train
data/splits_metal/yolo_train/severstal_0030401a5.jpg,patch,train
data/splits_metal/yolo_train/severstal_4d6cff7f8.jpg,scratch,train
data/splits_metal/ae_train/severstal_e03364e95.jpg,no_defect,train
data/splits_metal/ae_train/severstal_8b0831055.jpg,no_defect,train
data/splits_metal/yolo_train/severstal_2a07798b5.jpg,scratch,train
data/splits_metal/ae_train/severstal_37ab3a83a.jpg,no_defect,train
data/splits_metal/ae_train/severstal_f36cf3058.jpg,no_defect,train
data/splits_metal/ae_train/severstal_a1c4d9bfa.jpg,no_defect,train
data/splits_metal/ae_train/severstal_27f331654.jpg,no_defect,train
data/splits_metal/ae_train/severstal_14dfdd0bf.jpg,no_defect,train
data/splits_metal/yolo_train/severstal_d0cf465a8.jpg,pitting,train
data/splits_metal/ae_train/severstal_8d9727c50.jpg,no_defect,train
data/splits_metal/ae_train/severstal_b0d290bbf.jpg,no_defect,train
data/splits_metal/ae_train/severstal_f438726f9.jpg,no_defect,train
data/splits_metal/ae_train/severstal_4191fffd2.jpg,no_defect,train
data/splits_metal/yolo_train/severstal_7b4bcde18.jpg,scratch,train
data/splits_metal/ae_train/severstal_3569610ca.jpg,no_defect,train
data/splits_metal/ae_train/severstal_e4b71594a.jpg,no_defect,train
data/splits_metal/yolo_train/severstal_faa80e2e8.jpg,scratch,train
data/splits_metal/ae_train/severstal_9afe065eb.jpg,no_defect,train
data/splits_metal/yolo_train/severstal_1bc37a6f4.jpg,scratch,train
data/splits_metal/ae_train/severstal_c8b9b27b9.jpg,no_defect,train
data/splits_metal/ae_train/severstal_6ebebb0d3.jpg,no_defect,train
data/splits_metal/ae_train/severstal_fd3dd0ae2.jpg,no_defect,train
data/splits_metal/ae_train/severstal_68d96eaa7.jpg,no_defect,train
data/splits_metal/yolo_train/severstal_620100d93.jpg,scratch,train
data/splits_metal/yolo_train/severstal_fcfffb388.jpg,scratch,train
data/splits_metal/yolo_train/severstal_f7c7f6fc7.jpg,patch,train
data/splits_metal/yolo_train/severstal_c4a074066.jpg,scratch,train
data/splits_metal/ae_train/severstal_34176656b.jpg,no_defect,train
data/splits_metal/yolo_train/severstal_d246ea324.jpg,scratch,train
data/splits_metal/ae_train/severstal_d8bdca735.jpg,no_defect,train
data/splits_metal/ae_train/severstal_59a5ac86a.jpg,no_defect,train
data/splits_metal/yolo_val/severstal_f0437a9c3.jpg,scratch,train
data/splits_metal/ae_train/severstal_b36dbc327.jpg,no_defect,train
data/splits_metal/yolo_train/severstal_5a03cd4f1.jpg,scratch,train
data/splits_metal/yolo_train/severstal_15b56bf43.jpg,patch,train
data/splits_metal/yolo_train/severstal_ca65e7cbe.jpg,scratch,train
data/splits_metal/ae_train/severstal_2fdbd4394.jpg,no_defect,train
data/splits_metal/yolo_train/severstal_910127691.jpg,scratch,train
data/splits_metal/yolo_train/severstal_6826c7bde.jpg,pitting,train
data/splits_metal/ae_train/severstal_53630d5bf.jpg,no_defect,train
data/splits_metal/ae_train/severstal_8a886614f.jpg,no_defect,train
data/splits_metal/ae_train/severstal_5d9995dfe.jpg,no_defect,train
data/splits_metal/ae_train/severstal_69eb01d92.jpg,no_defect,train
data/splits_metal/yolo_val/severstal_eef087050.jpg,pitting,train
data/splits_metal/ae_train/severstal_0855026b4.jpg,no_defect,train
data/splits_metal/yolo_train/severstal_e57c6ff76.jpg,scratch,train
data/splits_metal/ae_train/severstal_2feb1a4a9.jpg,no_defect,train
data/splits_metal/ae_train/severstal_20064e3ab.jpg,no_defect,train
data/splits_metal/yolo_train/severstal_d68b1117c.jpg,patch,train
data/splits_metal/ae_train/severstal_f8496f4e2.jpg,no_defect,train
data/splits_metal/ae_train/severstal_75c92cceb.jpg,no_defect,train
data/splits_metal/yolo_train/severstal_97b77f9e6.jpg,scratch,train
data/splits_metal/yolo_train/severstal_1ae581a9b.jpg,scratch,train
data/splits_metal/ae_train/severstal_4dc6582d3.jpg,no_defect,train
data/splits_metal/ae_train/severstal_ac9947293.jpg,no_defect,train
data/splits_metal/yolo_val/severstal_e3f979ef5.jpg,scratch,train
data/splits_metal/yolo_train/severstal_5fb05ccea.jpg,scratch,train
data/splits_metal/ae_train/severstal_8840bb118.jpg,no_defect,train
data/splits_metal/yolo_train/severstal_32dca5f32.jpg,scratch,train
data/splits_metal/yolo_train/severstal_b05365219.jpg,scratch,train
data/splits_metal/ae_train/severstal_0fab4b372.jpg,no_defect,train
data/splits_metal/yolo_val/severstal_8d74ea350.jpg,scratch,train
data/splits_metal/yolo_train/severstal_2c061aed6.jpg,scratch,train
data/splits_metal/yolo_val/severstal_def2e3f57.jpg,scratch,train
data/splits_metal/yolo_train/severstal_5dd89309f.jpg,scratch,train
data/splits_metal/yolo_train/severstal_68c9524d6.jpg,pitting,train
data/splits_metal/ae_train/severstal_63d58f327.jpg,no_defect,train
data/splits_metal/yolo_train/severstal_f21b0be46.jpg,scratch,train
data/splits_metal/ae_train/severstal_3b3d169bb.jpg,no_defect,train
data/splits_metal/ae_train/severstal_2f473296b.jpg,no_defect,train
data/splits_metal/ae_train/severstal_05fc29f57.jpg,no_defect,train
data/splits_metal/yolo_train/severstal_66a7b82b6.jpg,scratch,train
data/splits_metal/ae_train/severstal_94c30075e.jpg,no_defect,train
data/splits_metal/yolo_train/severstal_79bf82641.jpg,scratch,train
data/splits_metal/yolo_train/severstal_6bb002045.jpg,scratch,train
data/splits_metal/ae_train/severstal_7b700a1c8.jpg,no_defect,train
data/splits_metal/ae_train/severstal_398436da1.jpg,no_defect,train
data/splits_metal/yolo_train/severstal_fb2d75aea.jpg,inclusion,train
data/splits_metal/ae_train/severstal_1c9ac6c1d.jpg,no_defect,train
data/splits_metal/yolo_train/severstal_2f5690028.jpg,scratch,train
data/splits_metal/ae_train/severstal_fd02408b4.jpg,no_defect,train
data/splits_metal/yolo_train/severstal_3ca970143.jpg,scratch,train
data/splits_metal/ae_train/severstal_10ff9730b.jpg,no_defect,train
data/splits_metal/yolo_train/severstal_8a642f9d3.jpg,scratch,train
data/splits_metal/yolo_train/severstal_b8a69919f.jpg,inclusion,train
data/splits_metal/ae_train/severstal_15d355039.jpg,no_defect,train
data/splits_metal/yolo_train/severstal_93f27e439.jpg,scratch,train
data/splits_metal/ae_train/severstal_ee1861a8a.jpg,no_defect,train
data/splits_metal/ae_train/severstal_0a433cb96.jpg,no_defect,train
data/splits_metal/ae_train/severstal_259fcd803.jpg,no_defect,train
data/splits_metal/ae_train/severstal_35e3e1f32.jpg,no_defect,train
data/splits_metal/yolo_train/severstal_9e1f9aaaf.jpg,scratch,train
data/splits_metal/ae_train/severstal_d1867aa1d.jpg,no_defect,train
data/splits_metal/yolo_train/severstal_4529ee151.jpg,scratch,train
data/splits_metal/ae_train/severstal_3e6c4442f.jpg,no_defect,train
data/splits_metal/yolo_train/severstal_47b5ab1bd.jpg,scratch,train
data/splits_metal/ae_train/severstal_3bd3c2a95.jpg,no_defect,train
data/splits_metal/ae_train/severstal_97afbb897.jpg,no_defect,train
data/splits_metal/yolo_val/severstal_c75e6bd36.jpg,inclusion,train
data/splits_metal/yolo_train/severstal_6adf77c70.jpg,scratch,train
data/splits_metal/ae_train/severstal_44b72f5c7.jpg,no_defect,train
data/splits_metal/yolo_train/severstal_f910b7857.jpg,scratch,train
data/splits_metal/ae_train/severstal_3d7d0609f.jpg,no_defect,train
data/splits_metal/yolo_val/severstal_55df6fcdb.jpg,scratch,train
data/splits_metal/ae_train/severstal_394c73130.jpg,no_defect,train
data/splits_metal/ae_train/severstal_0f4709f57.jpg,no_defect,train
data/splits_metal/ae_train/severstal_96a82938c.jpg,no_defect,train
data/splits_metal/ae_train/severstal_53774b7b4.jpg,no_defect,train
data/splits_metal/ae_train/severstal_a82acacf2.jpg,no_defect,train
data/splits_metal/yolo_train/severstal_bff7d63af.jpg,scratch,train
data/splits_metal/yolo_train/severstal_1013a0b6e.jpg,scratch,train
data/splits_metal/ae_train/severstal_d9697c9ab.jpg,no_defect,train
data/splits_metal/yolo_val/severstal_4d38c353e.jpg,scratch,train
data/splits_metal/ae_train/severstal_b18e713ce.jpg,no_defect,train
data/splits_metal/yolo_train/severstal_d94942d60.jpg,scratch,train
data/splits_metal/ae_train/severstal_99ab45301.jpg,no_defect,train
data/splits_metal/ae_train/severstal_aae7792ca.jpg,no_defect,train
data/splits_metal/ae_train/severstal_eb62ffab1.jpg,no_defect,train
data/splits_metal/ae_train/severstal_09b2001b6.jpg,no_defect,train
data/splits_metal/ae_train/severstal_3ed57948d.jpg,no_defect,train
data/splits_metal/ae_train/severstal_384e76325.jpg,no_defect,train
data/splits_metal/ae_train/severstal_24af86df2.jpg,no_defect,train
data/splits_metal/ae_train/severstal_e1ef0b25d.jpg,no_defect,train
data/splits_metal/yolo_train/severstal_af426e1d3.jpg,scratch,train
data/splits_metal/ae_train/severstal_367f86e4b.jpg,no_defect,train
data/splits_metal/yolo_train/severstal_77c387f3b.jpg,scratch,train
data/splits_metal/yolo_val/severstal_41dedb89b.jpg,patch,train
data/splits_metal/yolo_train/severstal_94625a99c.jpg,pitting,train
data/splits_metal/yolo_val/severstal_9c2dc4bfc.jpg,patch,train
data/splits_metal/yolo_val/severstal_2e29001f1.jpg,scratch,train
data/splits_metal/yolo_train/severstal_6bf2151b8.jpg,scratch,train
data/splits_metal/yolo_train/severstal_c7fb9db8c.jpg,pitting,train
data/splits_metal/ae_train/severstal_5bdeb5f66.jpg,no_defect,train
data/splits_metal/ae_train/severstal_6b9106729.jpg,no_defect,train
data/splits_metal/ae_train/severstal_f7911bc46.jpg,no_defect,train
data/splits_metal/ae_train/severstal_4aee61007.jpg,no_defect,train
data/splits_metal/ae_train/severstal_6a503e352.jpg,no_defect,train
data/splits_metal/ae_train/severstal_3146ce8bb.jpg,no_defect,train
data/splits_metal/ae_train/severstal_4f065758e.jpg,no_defect,train
data/splits_metal/ae_train/severstal_a73464691.jpg,no_defect,train
data/splits_metal/yolo_train/severstal_930391b64.jpg,scratch,train
data/splits_metal/yolo_train/severstal_ef0f5ac32.jpg,scratch,train
data/splits_metal/ae_train/severstal_b688d23eb.jpg,no_defect,train
data/splits_metal/ae_train/severstal_8a58a494a.jpg,no_defect,train
data/splits_metal/ae_train/severstal_ff882d69e.jpg,no_defect,train
data/splits_metal/yolo_train/severstal_31262e8f9.jpg,scratch,train
data/splits_metal/ae_train/severstal_07e8fca73.jpg,no_defect,train
data/splits_metal/yolo_train/severstal_75e84fb14.jpg,scratch,train
data/splits_metal/ae_train/severstal_ac31ed0c3.jpg,no_defect,train
data/splits_metal/yolo_val/severstal_ee20efe66.jpg,pitting,train
data/splits_metal/yolo_train/severstal_594d97d26.jpg,pitting,train
data/splits_metal/ae_train/severstal_2efbac12d.jpg,no_defect,train
data/splits_metal/ae_train/severstal_b17a3ba1b.jpg,no_defect,train
data/splits_metal/yolo_train/severstal_3fea4633e.jpg,patch,train
data/splits_metal/yolo_train/severstal_6e8878a30.jpg,scratch,train
data/splits_metal/yolo_train/severstal_dbe3f3192.jpg,scratch,train
data/splits_metal/ae_train/severstal_850ce4bc1.jpg,no_defect,train
data/splits_metal/ae_train/severstal_948a17fdf.jpg,no_defect,train
data/splits_metal/yolo_train/severstal_30c2d753f.jpg,scratch,train
data/splits_metal/ae_train/severstal_9bf6b84b3.jpg,no_defect,train
data/splits_metal/ae_train/severstal_9f24a3e5c.jpg,no_defect,train
data/splits_metal/yolo_val/severstal_39b8cb37a.jpg,patch,train
data/splits_metal/ae_train/severstal_5148cb009.jpg,no_defect,train
data/splits_metal/yolo_train/severstal_fa347a114.jpg,scratch,train
data/splits_metal/ae_train/severstal_2e3b90bc4.jpg,no_defect,train
data/splits_metal/ae_train/severstal_58b7be0f6.jpg,no_defect,train
data/splits_metal/yolo_train/severstal_3e1ed281b.jpg,scratch,train
data/splits_metal/ae_train/severstal_5e7f11c85.jpg,no_defect,train
data/splits_metal/ae_train/severstal_fd1c572bb.jpg,no_defect,train
data/splits_metal/yolo_train/severstal_990431713.jpg,scratch,train
data/splits_metal/yolo_train/severstal_ae35b6067.jpg,scratch,train
data/splits_metal/yolo_train/severstal_e848a32dd.jpg,pitting,train
data/splits_metal/yolo_train/severstal_708756850.jpg,patch,train
data/splits_metal/yolo_train/severstal_a5d571de0.jpg,scratch,train
data/splits_metal/ae_train/severstal_1841b3825.jpg,no_defect,train
data/splits_metal/ae_train/severstal_aec52b718.jpg,no_defect,train
data/splits_metal/yolo_train/severstal_db8b09f05.jpg,scratch,train
data/splits_metal/ae_train/severstal_cebd47968.jpg,no_defect,train
data/splits_metal/ae_train/severstal_b0b384043.jpg,no_defect,train
data/splits_metal/yolo_train/severstal_4a39fd531.jpg,patch,train
data/splits_metal/ae_train/severstal_19ecb0e40.jpg,no_defect,train
data/splits_metal/ae_train/severstal_4f3267b2d.jpg,no_defect,train
data/splits_metal/yolo_train/severstal_624e942f6.jpg,scratch,train
data/splits_metal/ae_train/severstal_412061b78.jpg,no_defect,train
data/splits_metal/yolo_train/severstal_e5396a44e.jpg,scratch,train
data/splits_metal/yolo_train/severstal_d85f94a97.jpg,scratch,train
data/splits_metal/ae_train/severstal_9d742f4b4.jpg,no_defect,train
data/splits_metal/ae_train/severstal_467ba206c.jpg,no_defect,train
data/splits_metal/ae_train/severstal_1c3c26c17.jpg,no_defect,train
data/splits_metal/yolo_train/severstal_21bf9d854.jpg,pitting,train
data/splits_metal/ae_train/severstal_4eff4c1b9.jpg,no_defect,train
data/splits_metal/yolo_train/severstal_5b9f92d00.jpg,scratch,train
data/splits_metal/ae_train/severstal_09bb99140.jpg,no_defect,train
data/splits_metal/yolo_train/severstal_7f281a162.jpg,scratch,train
data/splits_metal/yolo_val/severstal_97a933eaa.jpg,scratch,train
data/splits_metal/yolo_val/severstal_5a0389912.jpg,scratch,train
data/splits_metal/yolo_train/severstal_ddca3e643.jpg,scratch,train
data/splits_metal/yolo_val/severstal_1ea25d4fa.jpg,scratch,train
data/splits_metal/yolo_val/severstal_8ddf889d8.jpg,scratch,train
data/splits_metal/yolo_val/severstal_6e30a9e9f.jpg,scratch,train
data/splits_metal/yolo_train/severstal_b4fb938fd.jpg,scratch,train
data/splits_metal/ae_train/severstal_7dc860e41.jpg,no_defect,train
data/splits_metal/yolo_train/severstal_f8eb9b938.jpg,scratch,train
data/splits_metal/yolo_train/severstal_fd32f8ad3.jpg,pitting,train
data/splits_metal/ae_train/severstal_ec1ab47d4.jpg,no_defect,train
data/splits_metal/yolo_train/severstal_5891749fb.jpg,pitting,train
data/splits_metal/ae_train/severstal_b10c5bf03.jpg,no_defect,train
data/splits_metal/yolo_train/severstal_1a15e33ae.jpg,scratch,train
data/splits_metal/ae_train/severstal_1f6a00569.jpg,no_defect,train
data/splits_metal/ae_train/severstal_f30cde286.jpg,no_defect,train
data/splits_metal/yolo_val/severstal_5132041da.jpg,scratch,train
data/splits_metal/ae_train/severstal_399aa794e.jpg,no_defect,train
data/splits_metal/ae_train/severstal_0f388ff6d.jpg,no_defect,train
data/splits_metal/yolo_train/severstal_d60ae28dc.jpg,scratch,train
data/splits_metal/yolo_train/severstal_c27ce861d.jpg,scratch,train
data/splits_metal/yolo_train/severstal_e806a6fd3.jpg,scratch,train
data/splits_metal/ae_train/severstal_f27526824.jpg,no_defect,train
data/splits_metal/yolo_train/severstal_d37c88411.jpg,scratch,train
data/splits_metal/yolo_train/severstal_fcd874407.jpg,scratch,train
data/splits_metal/yolo_train/severstal_dcf0a3a06.jpg,scratch,train
data/splits_metal/yolo_train/severstal_4c2b3ccc9.jpg,scratch,train
data/splits_metal/yolo_val/severstal_5303447ca.jpg,scratch,train
data/splits_metal/ae_train/severstal_3b48b3bd4.jpg,no_defect,train
data/splits_metal/ae_train/severstal_e81458200.jpg,no_defect,train
data/splits_metal/yolo_train/severstal_c1f0252de.jpg,scratch,train
data/splits_metal/yolo_train/severstal_e5f1d5a38.jpg,scratch,train
data/splits_metal/ae_train/severstal_9414a2469.jpg,no_defect,train
data/splits_metal/yolo_train/severstal_54439ae68.jpg,scratch,train
data/splits_metal/ae_train/severstal_4aa5742ee.jpg,no_defect,train
data/splits_metal/ae_train/severstal_00fe7f023.jpg,no_defect,train
data/splits_metal/ae_train/severstal_0e45812d6.jpg,no_defect,train
data/splits_metal/ae_train/severstal_6d38f43aa.jpg,no_defect,train
data/splits_metal/yolo_train/severstal_0ebdc1277.jpg,inclusion,train
data/splits_metal/yolo_train/severstal_67558ad53.jpg,scratch,train
data/splits_metal/ae_train/severstal_f3a5748e2.jpg,no_defect,train
data/splits_metal/ae_train/severstal_96102cead.jpg,no_defect,train
data/splits_metal/yolo_train/severstal_b57d15322.jpg,pitting,train
data/splits_metal/ae_train/severstal_94e442ad4.jpg,no_defect,train
data/splits_metal/ae_train/severstal_15b56e942.jpg,no_defect,train
data/splits_metal/ae_train/severstal_f1d7871fd.jpg,no_defect,train
data/splits_metal/yolo_train/severstal_b3b1e1046.jpg,pitting,train
data/splits_metal/ae_train/severstal_8e7672872.jpg,no_defect,train
data/splits_metal/ae_train/severstal_bc138a5ee.jpg,no_defect,train
data/splits_metal/yolo_train/severstal_1fdef786c.jpg,patch,train
data/splits_metal/ae_train/severstal_611ed97fe.jpg,no_defect,train
data/splits_metal/yolo_train/severstal_2770fe933.jpg,patch,train
data/splits_metal/yolo_train/severstal_6909e168c.jpg,pitting,train
data/splits_metal/yolo_train/severstal_d160b5de3.jpg,scratch,train
data/splits_metal/ae_train/severstal_e2ec0b2fc.jpg,no_defect,train
data/splits_metal/yolo_train/severstal_76096b17b.jpg,pitting,train
data/splits_metal/ae_train/severstal_540fe433e.jpg,no_defect,train
data/splits_metal/ae_train/severstal_cc0df4327.jpg,no_defect,train
data/splits_metal/ae_train/severstal_8616dadc9.jpg,no_defect,train
data/splits_metal/yolo_train/severstal_bb1977eed.jpg,patch,train
data/splits_metal/ae_train/severstal_c9875cb08.jpg,no_defect,train
data/splits_metal/ae_train/severstal_03ae2bc91.jpg,no_defect,train
data/splits_metal/yolo_train/severstal_c23ef14ee.jpg,scratch,train
data/splits_metal/ae_train/severstal_b852c3232.jpg,no_defect,train
data/splits_metal/yolo_train/severstal_8fbd70ddf.jpg,scratch,train
data/splits_metal/yolo_train/severstal_5e581254c.jpg,scratch,train
data/splits_metal/yolo_train/severstal_35a8b85a8.jpg,patch,train
data/splits_metal/yolo_train/severstal_c35fa49e2.jpg,pitting,train
data/splits_metal/ae_train/severstal_e93f92e53.jpg,no_defect,train
data/splits_metal/ae_train/severstal_958de1e12.jpg,no_defect,train
data/splits_metal/yolo_train/severstal_6c43d55eb.jpg,patch,train
data/splits_metal/ae_train/severstal_454a0693a.jpg,no_defect,train
data/splits_metal/yolo_train/severstal_b091930af.jpg,scratch,train
data/splits_metal/yolo_train/severstal_d6f5d9247.jpg,scratch,train
data/splits_metal/yolo_train/severstal_7202e52d8.jpg,pitting,train
data/splits_metal/yolo_train/severstal_41f3899a5.jpg,inclusion,train
data/splits_metal/ae_train/severstal_cbf837e30.jpg,no_defect,train
data/splits_metal/ae_train/severstal_d111e8715.jpg,no_defect,train
data/splits_metal/yolo_train/severstal_a8188747f.jpg,scratch,train
data/splits_metal/ae_train/severstal_8e0334d54.jpg,no_defect,train
data/splits_metal/ae_train/severstal_d98592ff2.jpg,no_defect,train
data/splits_metal/ae_train/severstal_ccd5a9004.jpg,no_defect,train
data/splits_metal/ae_train/severstal_da730ca91.jpg,no_defect,train
data/splits_metal/ae_train/severstal_6950bbedb.jpg,no_defect,train
data/splits_metal/yolo_train/severstal_ea476b31f.jpg,scratch,train
data/splits_metal/yolo_val/severstal_b9aa11e17.jpg,pitting,train
data/splits_metal/yolo_train/severstal_f9a30423e.jpg,scratch,train
data/splits_metal/yolo_train/severstal_54de37d5e.jpg,scratch,train
data/splits_metal/ae_train/severstal_ac2f58068.jpg,no_defect,train
data/splits_metal/ae_train/severstal_a9531d54c.jpg,no_defect,train
data/splits_metal/ae_train/severstal_8b87f24ec.jpg,no_defect,train
data/splits_metal/ae_train/severstal_078cb6932.jpg,no_defect,train
data/splits_metal/yolo_train/severstal_d7e3d3784.jpg,scratch,train
data/splits_metal/ae_train/severstal_bdae6df7b.jpg,no_defect,train
data/splits_metal/yolo_val/severstal_71fd2d0cc.jpg,scratch,train
data/splits_metal/ae_train/severstal_d3162c193.jpg,no_defect,train
data/splits_metal/yolo_val/severstal_43bb3a898.jpg,scratch,train
data/splits_metal/yolo_val/severstal_f02c1a600.jpg,scratch,train
data/splits_metal/ae_train/severstal_c3cca00ed.jpg,no_defect,train
data/splits_metal/ae_train/severstal_b0b0ca485.jpg,no_defect,train
data/splits_metal/yolo_train/severstal_5b470a696.jpg,scratch,train
data/splits_metal/yolo_val/severstal_c4370b942.jpg,scratch,train
data/splits_metal/ae_train/severstal_fc0d2f65e.jpg,no_defect,train
data/splits_metal/yolo_train/severstal_118b71091.jpg,scratch,train
data/splits_metal/yolo_train/severstal_96299c17c.jpg,scratch,train
data/splits_metal/ae_train/severstal_9c765c32d.jpg,no_defect,train
data/splits_metal/ae_train/severstal_f1bd3a48a.jpg,no_defect,train
data/splits_metal/ae_train/severstal_5ee800985.jpg,no_defect,train
data/splits_metal/ae_train/severstal_c267ba17c.jpg,no_defect,train
data/splits_metal/ae_train/severstal_fc20db1e0.jpg,no_defect,train
data/splits_metal/yolo_train/severstal_49d1ff5e2.jpg,scratch,train
data/splits_metal/yolo_train/severstal_5bcaca872.jpg,scratch,train
data/splits_metal/yolo_train/severstal_0696cfa05.jpg,scratch,train
data/splits_metal/ae_train/severstal_db6e420b2.jpg,no_defect,train
data/splits_metal/yolo_train/severstal_30f6cb778.jpg,patch,train
data/splits_metal/ae_train/severstal_28d08d220.jpg,no_defect,train
data/splits_metal/yolo_train/severstal_eb44ad79d.jpg,patch,train
data/splits_metal/ae_train/severstal_5f925b62b.jpg,no_defect,train
data/splits_metal/yolo_train/severstal_7982045ad.jpg,scratch,train
data/splits_metal/yolo_train/severstal_4d6973926.jpg,scratch,train
data/splits_metal/yolo_train/severstal_17fa32126.jpg,scratch,train
data/splits_metal/yolo_train/severstal_1919bde53.jpg,pitting,train
data/splits_metal/ae_train/severstal_5f3ea48cc.jpg,no_defect,train
data/splits_metal/yolo_val/severstal_332e21cbc.jpg,inclusion,train
data/splits_metal/yolo_train/severstal_cc0bf97cf.jpg,scratch,train
data/splits_metal/ae_train/severstal_1ae34857b.jpg,no_defect,train
data/splits_metal/yolo_train/severstal_b34272d97.jpg,scratch,train
data/splits_metal/ae_train/severstal_2d332f374.jpg,no_defect,train
data/splits_metal/ae_train/severstal_af21f49bb.jpg,no_defect,train
data/splits_metal/yolo_train/severstal_09e9c96fd.jpg,scratch,train
data/splits_metal/ae_train/severstal_6b2a60dba.jpg,no_defect,train
data/splits_metal/yolo_train/severstal_2261e0f9c.jpg,scratch,train
data/splits_metal/ae_train/severstal_c5b83f5b3.jpg,no_defect,train
data/splits_metal/ae_train/severstal_0d32ad533.jpg,no_defect,train
data/splits_metal/yolo_train/severstal_d8aeec2d5.jpg,patch,train
data/splits_metal/yolo_train/severstal_a1c385029.jpg,scratch,train
data/splits_metal/yolo_val/severstal_6d97f7c81.jpg,pitting,train
data/splits_metal/yolo_train/severstal_fb8c8f732.jpg,scratch,train
data/splits_metal/ae_train/severstal_434a1180c.jpg,no_defect,train
data/splits_metal/yolo_train/severstal_33acf300d.jpg,scratch,train
data/splits_metal/ae_train/severstal_eb38788df.jpg,no_defect,train
data/splits_metal/yolo_val/severstal_49cf406c7.jpg,scratch,train
data/splits_metal/yolo_train/severstal_fd3afa979.jpg,scratch,train
data/splits_metal/yolo_train/severstal_70ce9b55b.jpg,scratch,train
data/splits_metal/ae_train/severstal_d96a243a2.jpg,no_defect,train
data/splits_metal/yolo_train/severstal_d7c560ed5.jpg,scratch,train
data/splits_metal/yolo_val/severstal_4db535653.jpg,pitting,train
data/splits_metal/ae_train/severstal_46ddd1f95.jpg,no_defect,train
data/splits_metal/yolo_val/severstal_ecb3a4be6.jpg,scratch,train
data/splits_metal/yolo_val/severstal_388e36308.jpg,scratch,train
data/splits_metal/ae_train/severstal_8eb1062a2.jpg,no_defect,train
data/splits_metal/yolo_train/severstal_07b1a9644.jpg,scratch,train
data/splits_metal/ae_train/severstal_914cf1f65.jpg,no_defect,train
data/splits_metal/yolo_train/severstal_acfdc8ec2.jpg,scratch,train
data/splits_metal/yolo_val/severstal_9772f9a2c.jpg,scratch,train
data/splits_metal/yolo_train/severstal_7a31a3b5e.jpg,inclusion,train
data/splits_metal/ae_train/severstal_f96b6802d.jpg,no_defect,train
data/splits_metal/yolo_train/severstal_b0636a5e2.jpg,scratch,train
data/splits_metal/ae_train/severstal_0285f63ad.jpg,no_defect,train
data/splits_metal/ae_train/severstal_4bbfad337.jpg,no_defect,train
data/splits_metal/ae_train/severstal_9df65465f.jpg,no_defect,train
data/splits_metal/ae_train/severstal_e09fc9a60.jpg,no_defect,train
data/splits_metal/yolo_val/severstal_1dc0e1d12.jpg,scratch,train
data/splits_metal/yolo_train/severstal_5b1b444e3.jpg,patch,train
data/splits_metal/ae_train/severstal_c70ef1294.jpg,no_defect,train
data/splits_metal/yolo_train/severstal_31a43a534.jpg,scratch,train
data/splits_metal/ae_train/severstal_3a9967d61.jpg,no_defect,train
data/splits_metal/ae_train/severstal_94b8f7a17.jpg,no_defect,train
data/splits_metal/yolo_train/severstal_63adb88f1.jpg,pitting,train
data/splits_metal/ae_train/severstal_4ecc8ea5a.jpg,no_defect,train
data/splits_metal/yolo_train/severstal_07cbfd1f8.jpg,patch,train
data/splits_metal/ae_train/severstal_dcb5c0ae0.jpg,no_defect,train
data/splits_metal/yolo_train/severstal_b5b5e513b.jpg,scratch,train
data/splits_metal/ae_train/severstal_4732de460.jpg,no_defect,train
data/splits_metal/ae_train/severstal_a8b171a05.jpg,no_defect,train
data/splits_metal/ae_train/severstal_9c3705f4e.jpg,no_defect,train
data/splits_metal/yolo_train/severstal_1def10240.jpg,scratch,train
data/splits_metal/ae_train/severstal_11b60701f.jpg,no_defect,train
data/splits_metal/yolo_val/severstal_8364cd311.jpg,patch,train
data/splits_metal/yolo_train/severstal_6b01c6257.jpg,pitting,train
data/splits_metal/yolo_train/severstal_e13c443d5.jpg,scratch,train
data/splits_metal/ae_train/severstal_594e0207a.jpg,no_defect,train
data/splits_metal/ae_train/severstal_b4af4e1ff.jpg,no_defect,train
data/splits_metal/yolo_train/severstal_5ed08442d.jpg,scratch,train
data/splits_metal/ae_train/severstal_d8fd862af.jpg,no_defect,train
data/splits_metal/ae_train/severstal_3c6c3dbf1.jpg,no_defect,train
data/splits_metal/yolo_train/severstal_a97d3a84e.jpg,patch,train
data/splits_metal/yolo_train/severstal_cbe07eb15.jpg,scratch,train
data/splits_metal/yolo_train/severstal_faea44200.jpg,scratch,train
data/splits_metal/yolo_train/severstal_6d5fae19b.jpg,scratch,train
data/splits_metal/yolo_val/severstal_a5655b60f.jpg,scratch,train
data/splits_metal/ae_train/severstal_4e10c8425.jpg,no_defect,train
data/splits_metal/ae_train/severstal_4a6a40fa0.jpg,no_defect,train
data/splits_metal/yolo_train/severstal_5f4e99fc7.jpg,scratch,train
data/splits_metal/yolo_train/severstal_ace8c1151.jpg,scratch,train
data/splits_metal/yolo_val/severstal_218bbc6fe.jpg,scratch,train
data/splits_metal/yolo_train/severstal_4b9eb5d64.jpg,scratch,train
data/splits_metal/ae_train/severstal_58499efc0.jpg,no_defect,train
data/splits_metal/ae_train/severstal_8bf6656ef.jpg,no_defect,train
data/splits_metal/yolo_train/severstal_72c75d701.jpg,scratch,train
data/splits_metal/yolo_train/severstal_1caea18fc.jpg,scratch,train
data/splits_metal/ae_train/severstal_4de08bdef.jpg,no_defect,train
data/splits_metal/yolo_train/severstal_3385f9e14.jpg,scratch,train
data/splits_metal/ae_train/severstal_50c83fcaf.jpg,no_defect,train
data/splits_metal/ae_train/severstal_dfaf08628.jpg,no_defect,train
data/splits_metal/yolo_train/severstal_7f5d1da76.jpg,scratch,train
data/splits_metal/ae_train/severstal_ad1fe21eb.jpg,no_defect,train
data/splits_metal/ae_train/severstal_47a0ed2bb.jpg,no_defect,train
data/splits_metal/ae_train/severstal_17af615e5.jpg,no_defect,train
data/splits_metal/ae_train/severstal_8d8785ce2.jpg,no_defect,train
data/splits_metal/yolo_train/severstal_f07969848.jpg,patch,train
data/splits_metal/ae_train/severstal_edd793914.jpg,no_defect,train
data/splits_metal/yolo_train/severstal_67c195368.jpg,scratch,train
data/splits_metal/ae_train/severstal_7f10fcbfe.jpg,no_defect,train
data/splits_metal/ae_train/severstal_535f1aa8d.jpg,no_defect,train
data/splits_metal/ae_train/severstal_9766ccf1b.jpg,no_defect,train
data/splits_metal/ae_train/severstal_3f2c10b29.jpg,no_defect,train
data/splits_metal/yolo_train/severstal_7e9778a9f.jpg,scratch,train
data/splits_metal/ae_train/severstal_9644c103b.jpg,no_defect,train
data/splits_metal/yolo_train/severstal_e055afd50.jpg,scratch,train
data/splits_metal/yolo_train/severstal_f8ff8457a.jpg,scratch,train
data/splits_metal/yolo_train/severstal_9b62dc81c.jpg,pitting,train
data/splits_metal/yolo_val/severstal_19a352c2f.jpg,scratch,train
data/splits_metal/yolo_val/severstal_f0075e43c.jpg,scratch,train
data/splits_metal/yolo_train/severstal_c80f387aa.jpg,scratch,train
data/splits_metal/yolo_train/severstal_695a460be.jpg,scratch,train
data/splits_metal/yolo_train/severstal_f2ce832a0.jpg,scratch,train
data/splits_metal/ae_train/severstal_a0f71aeed.jpg,no_defect,train
data/splits_metal/yolo_train/severstal_659985985.jpg,scratch,train
data/splits_metal/yolo_train/severstal_401614c72.jpg,scratch,train
data/splits_metal/yolo_train/severstal_b2ad335bf.jpg,scratch,train
data/splits_metal/yolo_train/severstal_4c101a491.jpg,pitting,train
data/splits_metal/yolo_train/severstal_eaa65effb.jpg,patch,train
data/splits_metal/yolo_val/severstal_bfab9345f.jpg,scratch,train
data/splits_metal/yolo_train/severstal_06713b712.jpg,scratch,train
data/splits_metal/yolo_train/severstal_dcd1ff127.jpg,patch,train
data/splits_metal/ae_train/severstal_70dee672d.jpg,no_defect,train
data/splits_metal/ae_train/severstal_0be6eca0c.jpg,no_defect,train
data/splits_metal/ae_train/severstal_1e037a937.jpg,no_defect,train
data/splits_metal/ae_train/severstal_5c52f36cd.jpg,no_defect,train
data/splits_metal/ae_train/severstal_8fb078599.jpg,no_defect,train
data/splits_metal/yolo_train/severstal_5cc70cbdb.jpg,patch,train
data/splits_metal/yolo_train/severstal_b0a1cec01.jpg,scratch,train
data/splits_metal/yolo_train/severstal_5d853e095.jpg,scratch,train
data/splits_metal/ae_train/severstal_da55b8d85.jpg,no_defect,train
data/splits_metal/ae_train/severstal_cee644043.jpg,no_defect,train
data/splits_metal/yolo_train/severstal_d51a45df9.jpg,scratch,train
data/splits_metal/ae_train/severstal_e89dfa2ad.jpg,no_defect,train
data/splits_metal/ae_train/severstal_3f400c81f.jpg,no_defect,train
data/splits_metal/yolo_train/severstal_dce70d399.jpg,pitting,train
data/splits_metal/yolo_train/severstal_33f34b728.jpg,scratch,train
data/splits_metal/yolo_train/severstal_ee1450e82.jpg,scratch,train
data/splits_metal/ae_train/severstal_90524c39b.jpg,no_defect,train
data/splits_metal/ae_train/severstal_0c46e79a4.jpg,no_defect,train
data/splits_metal/yolo_train/severstal_975b2e5fa.jpg,scratch,train
data/splits_metal/yolo_val/severstal_45a4c0a58.jpg,scratch,train
data/splits_metal/ae_train/severstal_6345babc1.jpg,no_defect,train
data/splits_metal/ae_train/severstal_4895e51ff.jpg,no_defect,train
data/splits_metal/ae_train/severstal_f45ea237c.jpg,no_defect,train
data/splits_metal/yolo_train/severstal_c5a43f4e1.jpg,scratch,train
data/splits_metal/yolo_train/severstal_c927281da.jpg,scratch,train
data/splits_metal/ae_train/severstal_3615bac54.jpg,no_defect,train
data/splits_metal/ae_train/severstal_87a14e62f.jpg,no_defect,train
data/splits_metal/ae_train/severstal_4fd7307d3.jpg,no_defect,train
data/splits_metal/yolo_train/severstal_739f32100.jpg,scratch,train
data/splits_metal/ae_train/severstal_2511b18de.jpg,no_defect,train
data/splits_metal/ae_train/severstal_8d9ec6e09.jpg,no_defect,train
data/splits_metal/ae_train/severstal_56463250f.jpg,no_defect,train
data/splits_metal/ae_train/severstal_c030db0ad.jpg,no_defect,train
data/splits_metal/ae_train/severstal_270cc7da8.jpg,no_defect,train
data/splits_metal/ae_train/severstal_2af6d7182.jpg,no_defect,train
data/splits_metal/ae_train/severstal_e083ac9a7.jpg,no_defect,train
data/splits_metal/ae_train/severstal_5bc5b180b.jpg,no_defect,train
data/splits_metal/ae_train/severstal_1efe2a3d5.jpg,no_defect,train
data/splits_metal/yolo_train/severstal_badc586ae.jpg,scratch,train
data/splits_metal/yolo_train/severstal_3cb1c14c8.jpg,scratch,train
data/splits_metal/ae_train/severstal_b4562e772.jpg,no_defect,train
data/splits_metal/yolo_train/severstal_994aa6f1d.jpg,scratch,train
data/splits_metal/yolo_train/severstal_bb5d32d98.jpg,patch,train
data/splits_metal/ae_train/severstal_90054535f.jpg,no_defect,train
data/splits_metal/yolo_train/severstal_459840244.jpg,pitting,train
data/splits_metal/yolo_val/severstal_2ae658a56.jpg,scratch,train
data/splits_metal/yolo_train/severstal_6c2bee41b.jpg,pitting,train
data/splits_metal/yolo_train/severstal_177a33f57.jpg,scratch,train
data/splits_metal/ae_train/severstal_e6d66fce2.jpg,no_defect,train
data/splits_metal/ae_train/severstal_3b168b16e.jpg,no_defect,train
data/splits_metal/yolo_train/severstal_7880bcef5.jpg,scratch,train
data/splits_metal/yolo_train/severstal_715561f42.jpg,scratch,train
data/splits_metal/ae_train/severstal_ef6febf17.jpg,no_defect,train
data/splits_metal/yolo_train/severstal_178490b45.jpg,scratch,train
data/splits_metal/ae_train/severstal_a9a0a7c73.jpg,no_defect,train
data/splits_metal/ae_train/severstal_b687a4580.jpg,no_defect,train
data/splits_metal/yolo_train/severstal_1ef27af60.jpg,patch,train
data/splits_metal/yolo_val/severstal_a10a35f4f.jpg,scratch,train
data/splits_metal/ae_train/severstal_8838f2e8d.jpg,no_defect,train
data/splits_metal/ae_train/severstal_d0aa4a6df.jpg,no_defect,train
data/splits_metal/yolo_train/severstal_e22b027ee.jpg,scratch,train
data/splits_metal/ae_train/severstal_f799d498a.jpg,no_defect,train
data/splits_metal/ae_train/severstal_82bd1670a.jpg,no_defect,train
data/splits_metal/ae_train/severstal_acd54b2af.jpg,no_defect,train
data/splits_metal/ae_train/severstal_9e26c5b98.jpg,no_defect,train
data/splits_metal/ae_train/severstal_6d65f84f0.jpg,no_defect,train
data/splits_metal/yolo_val/severstal_fad2dd8ee.jpg,scratch,train
data/splits_metal/ae_train/severstal_6634574cd.jpg,no_defect,train
data/splits_metal/yolo_train/severstal_5c0f7c72d.jpg,scratch,train
data/splits_metal/yolo_train/severstal_768eff9be.jpg,pitting,train
data/splits_metal/yolo_train/severstal_e5c50b997.jpg,scratch,train
data/splits_metal/yolo_train/severstal_2560e7b91.jpg,patch,train
data/splits_metal/yolo_train/severstal_8527d0b55.jpg,scratch,train
data/splits_metal/ae_train/severstal_366d37c62.jpg,no_defect,train
data/splits_metal/yolo_train/severstal_29dcd28af.jpg,pitting,train
data/splits_metal/yolo_val/severstal_799c386a9.jpg,scratch,train
data/splits_metal/ae_train/severstal_a49d608f5.jpg,no_defect,train
data/splits_metal/ae_train/severstal_429cbaa59.jpg,no_defect,train
data/splits_metal/ae_train/severstal_637a0124c.jpg,no_defect,train
data/splits_metal/yolo_train/severstal_cf1f3345c.jpg,scratch,train
data/splits_metal/yolo_val/severstal_4b4bbf418.jpg,scratch,train
data/splits_metal/ae_train/severstal_1f88df184.jpg,no_defect,train
data/splits_metal/yolo_train/severstal_b9dbbf8ac.jpg,scratch,train
data/splits_metal/yolo_train/severstal_76bbd78b2.jpg,pitting,train
data/splits_metal/yolo_train/severstal_1d718ddb9.jpg,inclusion,train
data/splits_metal/ae_train/severstal_5457b2b87.jpg,no_defect,train
data/splits_metal/ae_train/severstal_b350d0598.jpg,no_defect,train
data/splits_metal/yolo_train/severstal_1de3fbfda.jpg,patch,train
data/splits_metal/ae_train/severstal_15334d9b3.jpg,no_defect,train
data/splits_metal/yolo_train/severstal_eb8aa849b.jpg,scratch,train
data/splits_metal/yolo_val/severstal_d81f90b35.jpg,scratch,train
data/splits_metal/yolo_train/severstal_374493292.jpg,patch,train
data/splits_metal/ae_train/severstal_bc7f3ef1c.jpg,no_defect,train
data/splits_metal/ae_train/severstal_358e87349.jpg,no_defect,train
data/splits_metal/yolo_train/severstal_67a174dc4.jpg,scratch,train
data/splits_metal/ae_train/severstal_b25c40d67.jpg,no_defect,train
data/splits_metal/yolo_train/severstal_93f37037d.jpg,scratch,train
data/splits_metal/ae_train/severstal_fdb58f4ec.jpg,no_defect,train
data/splits_metal/ae_train/severstal_1ad5eabbc.jpg,no_defect,train
data/splits_metal/yolo_train/severstal_61f22bd01.jpg,scratch,train
data/splits_metal/ae_train/severstal_a4dd4085e.jpg,no_defect,train
data/splits_metal/yolo_val/severstal_6bc7c35cd.jpg,scratch,train
data/splits_metal/ae_train/severstal_2764c0af9.jpg,no_defect,train
data/splits_metal/yolo_train/severstal_6b4308d55.jpg,scratch,train
data/splits_metal/ae_train/severstal_64f5988c1.jpg,no_defect,train
data/splits_metal/yolo_train/severstal_e745c7388.jpg,scratch,train
data/splits_metal/yolo_train/severstal_229500455.jpg,pitting,train
data/splits_metal/yolo_train/severstal_ef3894ac2.jpg,scratch,train
data/splits_metal/yolo_val/severstal_15ab03ce5.jpg,scratch,train
data/splits_metal/yolo_train/severstal_22e05d569.jpg,scratch,train
data/splits_metal/yolo_train/severstal_b41ab39a5.jpg,scratch,train
data/splits_metal/ae_train/severstal_d1cfa9327.jpg,no_defect,train
data/splits_metal/ae_train/severstal_91b490cf4.jpg,no_defect,train
data/splits_metal/yolo_train/severstal_aff405a28.jpg,scratch,train
data/splits_metal/yolo_train/severstal_fc2d2d29e.jpg,pitting,train
data/splits_metal/ae_train/severstal_a3c64cf6e.jpg,no_defect,train
data/splits_metal/yolo_val/severstal_bfb064127.jpg,scratch,train
data/splits_metal/ae_train/severstal_bd5ef89dc.jpg,no_defect,train
data/splits_metal/ae_train/severstal_213b0d05f.jpg,no_defect,train
data/splits_metal/yolo_train/severstal_75778a6a1.jpg,scratch,train
data/splits_metal/yolo_train/severstal_186534efc.jpg,scratch,train
data/splits_metal/yolo_val/severstal_b6656880b.jpg,scratch,train
data/splits_metal/yolo_val/severstal_38698fd76.jpg,scratch,train
data/splits_metal/ae_train/severstal_e3adffbc1.jpg,no_defect,train
data/splits_metal/yolo_train/severstal_2c445e6a9.jpg,scratch,train
data/splits_metal/ae_train/severstal_b509edc06.jpg,no_defect,train
data/splits_metal/ae_train/severstal_59931eb56.jpg,no_defect,train
data/splits_metal/ae_train/severstal_c783a9679.jpg,no_defect,train
data/splits_metal/yolo_train/severstal_c232eea0c.jpg,scratch,train
data/splits_metal/yolo_train/severstal_e56f52c1e.jpg,inclusion,train
data/splits_metal/ae_train/severstal_e35d1e99c.jpg,no_defect,train
data/splits_metal/ae_train/severstal_df5a28d84.jpg,no_defect,train
data/splits_metal/ae_train/severstal_0d2a8b196.jpg,no_defect,train
data/splits_metal/yolo_train/severstal_66c272e62.jpg,pitting,train
data/splits_metal/yolo_train/severstal_b1639af61.jpg,patch,train
data/splits_metal/yolo_train/severstal_c3ee7a878.jpg,pitting,train
data/splits_metal/ae_train/severstal_e13c54eb6.jpg,no_defect,train
data/splits_metal/yolo_train/severstal_a3d5e7319.jpg,scratch,train
data/splits_metal/ae_train/severstal_4e56a3dfc.jpg,no_defect,train
data/splits_metal/yolo_train/severstal_af4d2ee24.jpg,scratch,train
data/splits_metal/yolo_train/severstal_c828ece4b.jpg,scratch,train
data/splits_metal/ae_train/severstal_eba3998d7.jpg,no_defect,train
data/splits_metal/ae_train/severstal_092f2587c.jpg,no_defect,train
data/splits_metal/ae_train/severstal_2c66fb097.jpg,no_defect,train
data/splits_metal/yolo_train/severstal_69071acbc.jpg,scratch,train
data/splits_metal/ae_train/severstal_74517a046.jpg,no_defect,train
data/splits_metal/ae_train/severstal_9165be267.jpg,no_defect,train
data/splits_metal/ae_train/severstal_af9b9176f.jpg,no_defect,train
data/splits_metal/yolo_train/severstal_117ddaa9f.jpg,scratch,train
data/splits_metal/ae_train/severstal_6a5ae043c.jpg,no_defect,train
data/splits_metal/ae_train/severstal_c838e1ba6.jpg,no_defect,train
data/splits_metal/yolo_train/severstal_8345249a8.jpg,scratch,train
data/splits_metal/yolo_train/severstal_cc61104ff.jpg,scratch,train
data/splits_metal/ae_train/severstal_079ff61ce.jpg,no_defect,train
data/splits_metal/yolo_train/severstal_5aa1c319d.jpg,scratch,train
data/splits_metal/yolo_train/severstal_14457e888.jpg,pitting,train
data/splits_metal/ae_train/severstal_2866cf8b6.jpg,no_defect,train
data/splits_metal/ae_train/severstal_750235a63.jpg,no_defect,train
data/splits_metal/ae_train/severstal_f41aa7979.jpg,no_defect,train
data/splits_metal/ae_train/severstal_de6d967a7.jpg,no_defect,train
data/splits_metal/ae_train/severstal_2fb473bb4.jpg,no_defect,train
data/splits_metal/yolo_val/severstal_79307aa18.jpg,scratch,train
data/splits_metal/ae_train/severstal_eb5aec756.jpg,no_defect,train
data/splits_metal/yolo_train/severstal_f2f5ab55c.jpg,scratch,train
data/splits_metal/yolo_train/severstal_51d092947.jpg,pitting,train
data/splits_metal/yolo_train/severstal_2a84bb533.jpg,scratch,train
data/splits_metal/ae_train/severstal_115f3e6ad.jpg,no_defect,train
data/splits_metal/ae_train/severstal_f8233dc1a.jpg,no_defect,train
data/splits_metal/yolo_train/severstal_8313b4e90.jpg,scratch,train
data/splits_metal/ae_train/severstal_e717b8fb9.jpg,no_defect,train
data/splits_metal/ae_train/severstal_1481a35e4.jpg,no_defect,train
data/splits_metal/yolo_train/severstal_bde2a33eb.jpg,patch,train
data/splits_metal/ae_train/severstal_cdc2e0671.jpg,no_defect,train
data/splits_metal/ae_train/severstal_031179c6e.jpg,no_defect,train
data/splits_metal/yolo_train/severstal_568439b6c.jpg,pitting,train
data/splits_metal/yolo_val/severstal_9ec897b68.jpg,scratch,train
data/splits_metal/yolo_train/severstal_0caf53aba.jpg,scratch,train
data/splits_metal/ae_train/severstal_6c1765c42.jpg,no_defect,train
data/splits_metal/yolo_train/severstal_3598309b5.jpg,scratch,train
data/splits_metal/yolo_train/severstal_357dee65a.jpg,scratch,train
data/splits_metal/yolo_val/severstal_2ec9eddd4.jpg,scratch,train
data/splits_metal/ae_train/severstal_781cc0d15.jpg,no_defect,train
data/splits_metal/ae_train/severstal_7789ddb5b.jpg,no_defect,train
data/splits_metal/yolo_train/severstal_b881357b7.jpg,scratch,train
data/splits_metal/ae_train/severstal_d37231205.jpg,no_defect,train
data/splits_metal/yolo_train/severstal_28241874f.jpg,scratch,train
data/splits_metal/yolo_train/severstal_b7b29537e.jpg,patch,train
data/splits_metal/ae_train/severstal_88dfc4f14.jpg,no_defect,train
data/splits_metal/ae_train/severstal_e3228a3cf.jpg,no_defect,train
data/splits_metal/ae_train/severstal_e86fa030c.jpg,no_defect,train
data/splits_metal/yolo_val/severstal_c84c64ac0.jpg,scratch,train
data/splits_metal/ae_train/severstal_698f3d5c2.jpg,no_defect,train
data/splits_metal/yolo_train/severstal_65eed1612.jpg,scratch,train
data/splits_metal/yolo_train/severstal_b66e31dfb.jpg,pitting,train
data/splits_metal/ae_train/severstal_caaf0535e.jpg,no_defect,train
data/splits_metal/ae_train/severstal_2a7dd397d.jpg,no_defect,train
data/splits_metal/ae_train/severstal_6fadb9728.jpg,no_defect,train
data/splits_metal/yolo_train/severstal_17383bd97.jpg,pitting,train
data/splits_metal/yolo_train/severstal_c6842bd61.jpg,scratch,train
data/splits_metal/ae_train/severstal_52443504f.jpg,no_defect,train
data/splits_metal/yolo_train/severstal_dcc4ae98f.jpg,scratch,train
data/splits_metal/yolo_train/severstal_86d953299.jpg,scratch,train
data/splits_metal/yolo_train/severstal_c3c091454.jpg,patch,train
data/splits_metal/yolo_train/severstal_6686b6b23.jpg,scratch,train
data/splits_metal/ae_train/severstal_912f9cca9.jpg,no_defect,train
data/splits_metal/ae_train/severstal_6b0039cda.jpg,no_defect,train
data/splits_metal/yolo_train/severstal_d773ff10c.jpg,scratch,train
data/splits_metal/yolo_val/severstal_6276bd13c.jpg,scratch,train
data/splits_metal/ae_train/severstal_533012eb6.jpg,no_defect,train
data/splits_metal/ae_train/severstal_ce06d92b1.jpg,no_defect,train
data/splits_metal/ae_train/severstal_e0c5c05ad.jpg,no_defect,train
data/splits_metal/ae_train/severstal_e4a08cef1.jpg,no_defect,train
data/splits_metal/ae_train/severstal_359d48b4b.jpg,no_defect,train
data/splits_metal/ae_train/severstal_41ddf91f7.jpg,no_defect,train
data/splits_metal/ae_train/severstal_89c7d289e.jpg,no_defect,train
data/splits_metal/ae_train/severstal_1cb290c38.jpg,no_defect,train
data/splits_metal/yolo_train/severstal_bfd24be30.jpg,pitting,train
data/splits_metal/yolo_train/severstal_fa08fa8c5.jpg,scratch,train
data/splits_metal/ae_train/severstal_10caa6470.jpg,no_defect,train
data/splits_metal/ae_train/severstal_3cfe319b3.jpg,no_defect,train
data/splits_metal/ae_train/severstal_a4e9ea485.jpg,no_defect,train
data/splits_metal/ae_train/severstal_6293b99e3.jpg,no_defect,train
data/splits_metal/ae_train/severstal_83e918113.jpg,no_defect,train
data/splits_metal/ae_train/severstal_afa1ffcb4.jpg,no_defect,train
data/splits_metal/yolo_train/severstal_3740a6dd1.jpg,scratch,train
data/splits_metal/ae_train/severstal_5ed60086b.jpg,no_defect,train
data/splits_metal/yolo_val/severstal_4b762b230.jpg,scratch,train
data/splits_metal/ae_train/severstal_e082660b1.jpg,no_defect,train
data/splits_metal/ae_train/severstal_41dbbca4f.jpg,no_defect,train
data/splits_metal/ae_train/severstal_b6a5f38fa.jpg,no_defect,train
data/splits_metal/yolo_train/severstal_577afb2d8.jpg,scratch,train
data/splits_metal/ae_train/severstal_560c8f003.jpg,no_defect,train
data/splits_metal/ae_train/severstal_df76ae5b5.jpg,no_defect,train
data/splits_metal/yolo_train/severstal_05a024a74.jpg,scratch,train
data/splits_metal/yolo_val/severstal_2f390008f.jpg,scratch,train
data/splits_metal/ae_train/severstal_45cd496e1.jpg,no_defect,train
data/splits_metal/ae_train/severstal_d7145a746.jpg,no_defect,train
data/splits_metal/yolo_train/severstal_2b16d6f98.jpg,scratch,train
data/splits_metal/ae_train/severstal_ee1a3dcd6.jpg,no_defect,train
data/splits_metal/yolo_train/severstal_ac39eca81.jpg,pitting,train
data/splits_metal/ae_train/severstal_e73e6271d.jpg,no_defect,train
data/splits_metal/ae_train/severstal_22f766f4c.jpg,no_defect,train
data/splits_metal/ae_train/severstal_6b3cd0de2.jpg,no_defect,train
data/splits_metal/yolo_train/severstal_f24af31d1.jpg,patch,train
data/splits_metal/ae_train/severstal_619733902.jpg,no_defect,train
data/splits_metal/ae_train/severstal_cb2b5cbbe.jpg,no_defect,train
data/splits_metal/yolo_train/severstal_116d673e3.jpg,scratch,train
data/splits_metal/ae_train/severstal_73458deb4.jpg,no_defect,train
data/splits_metal/ae_train/severstal_2fba73fa0.jpg,no_defect,train
data/splits_metal/ae_train/severstal_6ebf30a7b.jpg,no_defect,train
data/splits_metal/ae_train/severstal_a0e033c85.jpg,no_defect,train
data/splits_metal/ae_train/severstal_35619a8ec.jpg,no_defect,train
data/splits_metal/ae_train/severstal_6fd586f60.jpg,no_defect,train
data/splits_metal/ae_train/severstal_a0baccc57.jpg,no_defect,train
data/splits_metal/yolo_train/severstal_c65471f28.jpg,scratch,train
data/splits_metal/yolo_train/severstal_e8fefd824.jpg,scratch,train
data/splits_metal/ae_train/severstal_6109c07c7.jpg,no_defect,train
data/splits_metal/ae_train/severstal_ce8c0267e.jpg,no_defect,train
data/splits_metal/ae_train/severstal_a0d7cf4d8.jpg,no_defect,train
data/splits_metal/yolo_train/severstal_cd14c73db.jpg,pitting,train
data/splits_metal/yolo_train/severstal_7378f1d94.jpg,scratch,train
data/splits_metal/ae_train/severstal_dac8a53f7.jpg,no_defect,train
data/splits_metal/yolo_train/severstal_01b492dd6.jpg,scratch,train
data/splits_metal/yolo_val/severstal_f430ab232.jpg,scratch,train
data/splits_metal/ae_train/severstal_213eae951.jpg,no_defect,train
data/splits_metal/yolo_train/severstal_9883f9819.jpg,scratch,train
data/splits_metal/ae_train/severstal_fdc7bc599.jpg,no_defect,train
data/splits_metal/ae_train/severstal_ee63f3e1e.jpg,no_defect,train
data/splits_metal/yolo_train/severstal_5b53fc5e8.jpg,scratch,train
data/splits_metal/yolo_val/severstal_5ff5438f5.jpg,scratch,train
data/splits_metal/ae_train/severstal_54b425e17.jpg,no_defect,train
data/splits_metal/yolo_train/severstal_63c46a774.jpg,pitting,train
data/splits_metal/ae_train/severstal_19dcbc01f.jpg,no_defect,train
data/splits_metal/yolo_train/severstal_038f14456.jpg,patch,train
data/splits_metal/ae_train/severstal_32b45e155.jpg,no_defect,train
data/splits_metal/ae_train/severstal_1636d2e36.jpg,no_defect,train
data/splits_metal/ae_train/severstal_deb491e54.jpg,no_defect,train
data/splits_metal/yolo_train/severstal_bae58dc36.jpg,scratch,train
data/splits_metal/yolo_train/severstal_4f70ba311.jpg,scratch,train
data/splits_metal/ae_train/severstal_a42ac9f92.jpg,no_defect,train
data/splits_metal/ae_train/severstal_7a835f759.jpg,no_defect,train
data/splits_metal/ae_train/severstal_d66b6be33.jpg,no_defect,train
data/splits_metal/ae_train/severstal_662e5a5ee.jpg,no_defect,train
data/splits_metal/ae_train/severstal_8becd4279.jpg,no_defect,train
data/splits_metal/ae_train/severstal_b28263013.jpg,no_defect,train
data/splits_metal/yolo_train/severstal_012d29df4.jpg,scratch,train
data/splits_metal/ae_train/severstal_1a7230747.jpg,no_defect,train
data/splits_metal/ae_train/severstal_16305679d.jpg,no_defect,train
data/splits_metal/yolo_train/severstal_d5f4e7481.jpg,scratch,train
data/splits_metal/ae_train/severstal_4d872dfd7.jpg,no_defect,train
data/splits_metal/yolo_train/severstal_2d8215a6b.jpg,patch,train
data/splits_metal/yolo_val/severstal_3ac71c924.jpg,scratch,train
data/splits_metal/ae_train/severstal_e91f2be81.jpg,no_defect,train
data/splits_metal/yolo_train/severstal_252c10c1a.jpg,scratch,train
data/splits_metal/yolo_train/severstal_36789516a.jpg,scratch,train
data/splits_metal/ae_train/severstal_362a1ae14.jpg,no_defect,train
data/splits_metal/ae_train/severstal_5e688f8fd.jpg,no_defect,train
data/splits_metal/yolo_train/severstal_153b56c43.jpg,scratch,train
data/splits_metal/yolo_train/severstal_fbd219354.jpg,scratch,train
data/splits_metal/ae_train/severstal_653bcd600.jpg,no_defect,train
data/splits_metal/yolo_train/severstal_71efb042b.jpg,scratch,train
data/splits_metal/yolo_train/severstal_61228a49c.jpg,scratch,train
data/splits_metal/yolo_train/severstal_a94abfda7.jpg,scratch,train
data/splits_metal/ae_train/severstal_e3abf3c7a.jpg,no_defect,train
data/splits_metal/ae_train/severstal_6ac05a8e4.jpg,no_defect,train
data/splits_metal/yolo_train/severstal_57a71495a.jpg,patch,train
data/splits_metal/yolo_train/severstal_efca9c938.jpg,pitting,train
data/splits_metal/yolo_train/severstal_6057916d4.jpg,scratch,train
data/splits_metal/ae_train/severstal_b119d8dd6.jpg,no_defect,train
data/splits_metal/yolo_train/severstal_7149874c8.jpg,scratch,train
data/splits_metal/ae_train/severstal_2eea8fb3c.jpg,no_defect,train
data/splits_metal/yolo_train/severstal_214465021.jpg,inclusion,train
data/splits_metal/ae_train/severstal_388de9263.jpg,no_defect,train
data/splits_metal/ae_train/severstal_5db20dd94.jpg,no_defect,train
data/splits_metal/yolo_train/severstal_c9ae4cb29.jpg,patch,train
data/splits_metal/yolo_train/severstal_33226811d.jpg,scratch,train
data/splits_metal/ae_train/severstal_02aa62471.jpg,no_defect,train
data/splits_metal/ae_train/severstal_ce6358d6f.jpg,no_defect,train
data/splits_metal/ae_train/severstal_aaca761e4.jpg,no_defect,train
data/splits_metal/ae_train/severstal_949f38147.jpg,no_defect,train
data/splits_metal/yolo_train/severstal_321975fb3.jpg,scratch,train
data/splits_metal/yolo_val/severstal_5d8d3463a.jpg,scratch,train
data/splits_metal/yolo_train/severstal_0841074c1.jpg,scratch,train
data/splits_metal/ae_train/severstal_f61bac8e3.jpg,no_defect,train
data/splits_metal/yolo_train/severstal_79b39c931.jpg,scratch,train
data/splits_metal/ae_train/severstal_576198d28.jpg,no_defect,train
data/splits_metal/yolo_train/severstal_193eeae52.jpg,scratch,train
data/splits_metal/ae_train/severstal_1380154bd.jpg,no_defect,train
data/splits_metal/yolo_train/severstal_6190fe546.jpg,scratch,train
data/splits_metal/yolo_train/severstal_6ea9f03a2.jpg,scratch,train
data/splits_metal/ae_train/severstal_53f9e0f07.jpg,no_defect,train
data/splits_metal/ae_train/severstal_7458770b7.jpg,no_defect,train
data/splits_metal/ae_train/severstal_caf2ca4e0.jpg,no_defect,train
data/splits_metal/ae_train/severstal_dd5e8791e.jpg,no_defect,train
data/splits_metal/yolo_train/severstal_0b56da4ff.jpg,patch,train
data/splits_metal/ae_train/severstal_84cb84903.jpg,no_defect,train
data/splits_metal/yolo_train/severstal_b5cda37bc.jpg,scratch,train
data/splits_metal/ae_train/severstal_45041352a.jpg,no_defect,train
data/splits_metal/ae_train/severstal_641f7876e.jpg,no_defect,train
data/splits_metal/ae_train/severstal_3cc9afa80.jpg,no_defect,train
data/splits_metal/yolo_train/severstal_9ab57a2fa.jpg,scratch,train
data/splits_metal/ae_train/severstal_e9d70c726.jpg,no_defect,train
data/splits_metal/yolo_val/severstal_0294f23c0.jpg,scratch,train
data/splits_metal/yolo_train/severstal_db3d85bc9.jpg,scratch,train
data/splits_metal/ae_train/severstal_cd2ac68a2.jpg,no_defect,train
data/splits_metal/ae_train/severstal_8b0b1eb8e.jpg,no_defect,train
data/splits_metal/yolo_train/severstal_542084ea9.jpg,scratch,train
data/splits_metal/yolo_val/severstal_ad3630cdc.jpg,scratch,train
data/splits_metal/yolo_train/severstal_8b4657500.jpg,scratch,train
data/splits_metal/ae_train/severstal_2bc1a3aa1.jpg,no_defect,train
data/splits_metal/ae_train/severstal_56ba7c882.jpg,no_defect,train
data/splits_metal/ae_train/severstal_040fcc2f1.jpg,no_defect,train
data/splits_metal/ae_train/severstal_038c59253.jpg,no_defect,train
data/splits_metal/ae_train/severstal_275edf40b.jpg,no_defect,train
data/splits_metal/ae_train/severstal_efbe1db43.jpg,no_defect,train
data/splits_metal/yolo_train/severstal_9962acd22.jpg,scratch,train
data/splits_metal/ae_train/severstal_4cb4d7b60.jpg,no_defect,train
data/splits_metal/yolo_train/severstal_73d8f9fa7.jpg,scratch,train
data/splits_metal/ae_train/severstal_b8ef73f38.jpg,no_defect,train
data/splits_metal/yolo_train/severstal_b63488e9d.jpg,scratch,train
data/splits_metal/yolo_train/severstal_a0ee1d0ac.jpg,scratch,train
data/splits_metal/ae_train/severstal_3057569fa.jpg,no_defect,train
data/splits_metal/yolo_train/severstal_9ea9ca4c8.jpg,scratch,train
data/splits_metal/ae_train/severstal_150b95c70.jpg,no_defect,train
data/splits_metal/yolo_val/severstal_d01d3e444.jpg,inclusion,train
data/splits_metal/ae_train/severstal_7689b3227.jpg,no_defect,train
data/splits_metal/ae_train/severstal_d81776111.jpg,no_defect,train
data/splits_metal/ae_train/severstal_4ff2ec64b.jpg,no_defect,train
data/splits_metal/yolo_train/severstal_b1b94f0fc.jpg,inclusion,train
data/splits_metal/ae_train/severstal_b4b6a1104.jpg,no_defect,train
data/splits_metal/yolo_train/severstal_b023d90ff.jpg,scratch,train
data/splits_metal/ae_train/severstal_51cb60dfd.jpg,no_defect,train
data/splits_metal/ae_train/severstal_cc5f6debe.jpg,no_defect,train
data/splits_metal/yolo_train/severstal_1be849dd0.jpg,scratch,train
data/splits_metal/yolo_train/severstal_e665a434f.jpg,scratch,train
data/splits_metal/ae_train/severstal_8675dae90.jpg,no_defect,train
data/splits_metal/yolo_train/severstal_e475fb44e.jpg,scratch,train
data/splits_metal/ae_train/severstal_1e2ec4b36.jpg,no_defect,train
data/splits_metal/ae_train/severstal_a4c99b1bd.jpg,no_defect,train
data/splits_metal/yolo_train/severstal_aa218783a.jpg,scratch,train
data/splits_metal/yolo_val/severstal_8fc48f131.jpg,scratch,train
data/splits_metal/ae_train/severstal_16f6acb96.jpg,no_defect,train
data/splits_metal/yolo_train/severstal_60906c3a1.jpg,scratch,train
data/splits_metal/yolo_val/severstal_9d2a467b0.jpg,patch,train
data/splits_metal/ae_train/severstal_9eb8c84bd.jpg,no_defect,train
data/splits_metal/ae_train/severstal_4220ef6ea.jpg,no_defect,train
data/splits_metal/yolo_train/severstal_1d00226a0.jpg,pitting,train
data/splits_metal/yolo_train/severstal_a27bd6af7.jpg,scratch,train
data/splits_metal/yolo_val/severstal_3412f557e.jpg,scratch,train
data/splits_metal/ae_train/severstal_3a6009a82.jpg,no_defect,train
data/splits_metal/ae_train/severstal_a00e32c0a.jpg,no_defect,train
data/splits_metal/ae_train/severstal_c5d85e8ec.jpg,no_defect,train
data/splits_metal/yolo_train/severstal_2232e0c11.jpg,scratch,train
data/splits_metal/yolo_train/severstal_596c1c20f.jpg,scratch,train
data/splits_metal/ae_train/severstal_a5a87540b.jpg,no_defect,train
data/splits_metal/ae_train/severstal_d23373fe5.jpg,no_defect,train
data/splits_metal/ae_train/severstal_62b560fca.jpg,no_defect,train
data/splits_metal/yolo_train/severstal_a634d3a24.jpg,scratch,train
data/splits_metal/ae_train/severstal_6b2fa8dea.jpg,no_defect,train
data/splits_metal/yolo_train/severstal_fe96a088d.jpg,scratch,train
data/splits_metal/yolo_train/severstal_316f0236a.jpg,scratch,train
data/splits_metal/ae_train/severstal_f4ac05153.jpg,no_defect,train
data/splits_metal/yolo_train/severstal_65657b8ed.jpg,scratch,train
data/splits_metal/ae_train/severstal_3392cacb5.jpg,no_defect,train
data/splits_metal/ae_train/severstal_1e6ac8d91.jpg,no_defect,train
data/splits_metal/yolo_train/severstal_c83a2e190.jpg,scratch,train
data/splits_metal/ae_train/severstal_52b3b763f.jpg,no_defect,train
data/splits_metal/yolo_train/severstal_d5f7cde8a.jpg,scratch,train
data/splits_metal/ae_train/severstal_dfcbbe004.jpg,no_defect,train
data/splits_metal/yolo_train/severstal_a5ed4358c.jpg,scratch,train
data/splits_metal/ae_train/severstal_979af8d89.jpg,no_defect,train
data/splits_metal/ae_train/severstal_18cc39190.jpg,no_defect,train
data/splits_metal/yolo_val/severstal_f727d997a.jpg,inclusion,train
data/splits_metal/ae_train/severstal_5379859b2.jpg,no_defect,train
data/splits_metal/yolo_train/severstal_83f88d92e.jpg,patch,train
data/splits_metal/ae_train/severstal_3e8ec270d.jpg,no_defect,train
data/splits_metal/yolo_val/severstal_19ab4c335.jpg,scratch,train
data/splits_metal/yolo_train/severstal_a7e79695b.jpg,scratch,train
data/splits_metal/ae_train/severstal_764b4998b.jpg,no_defect,train
data/splits_metal/ae_train/severstal_16ffb6397.jpg,no_defect,train
data/splits_metal/yolo_val/severstal_703421ef2.jpg,scratch,train
data/splits_metal/ae_train/severstal_e75d92916.jpg,no_defect,train
data/splits_metal/yolo_train/severstal_61204ded5.jpg,scratch,train
data/splits_metal/yolo_train/severstal_4c9245dcf.jpg,scratch,train
data/splits_metal/ae_train/severstal_f0b2483fa.jpg,no_defect,train
data/splits_metal/yolo_val/severstal_dd172eb82.jpg,scratch,train
data/splits_metal/yolo_train/severstal_7b8d4b6d4.jpg,scratch,train
data/splits_metal/ae_train/severstal_12ef6188f.jpg,no_defect,train
data/splits_metal/yolo_train/severstal_3964357cd.jpg,patch,train
data/splits_metal/ae_train/severstal_711754ca4.jpg,no_defect,train
data/splits_metal/yolo_train/severstal_6d6a1fbe1.jpg,pitting,train
data/splits_metal/yolo_train/severstal_7f30b9c64.jpg,scratch,train
data/splits_metal/ae_train/severstal_47e3185de.jpg,no_defect,train
data/splits_metal/yolo_train/severstal_d2a854e69.jpg,pitting,train
data/splits_metal/yolo_train/severstal_dc3740c5c.jpg,scratch,train
data/splits_metal/ae_train/severstal_e0a16fca0.jpg,no_defect,train
data/splits_metal/yolo_train/severstal_38aeffe92.jpg,pitting,train
data/splits_metal/yolo_train/severstal_edfc18176.jpg,scratch,train
data/splits_metal/yolo_val/severstal_46af8b042.jpg,scratch,train
data/splits_metal/ae_train/severstal_67270238f.jpg,no_defect,train
data/splits_metal/yolo_train/severstal_995ef2622.jpg,scratch,train
data/splits_metal/ae_train/severstal_c7a631017.jpg,no_defect,train
data/splits_metal/ae_train/severstal_15f78ae69.jpg,no_defect,train
data/splits_metal/yolo_train/severstal_4d7acd005.jpg,scratch,train
data/splits_metal/yolo_train/severstal_9e130c0b6.jpg,scratch,train
data/splits_metal/ae_train/severstal_a5bcebcac.jpg,no_defect,train
data/splits_metal/ae_train/severstal_1b3666262.jpg,no_defect,train
data/splits_metal/ae_train/severstal_a6a8cf809.jpg,no_defect,train
data/splits_metal/ae_train/severstal_131566b9b.jpg,no_defect,train
data/splits_metal/yolo_train/severstal_69f4aebe6.jpg,patch,train
data/splits_metal/ae_train/severstal_dd2a5ec17.jpg,no_defect,train
data/splits_metal/yolo_train/severstal_cbb659739.jpg,pitting,train
data/splits_metal/yolo_train/severstal_1e4aaae3e.jpg,scratch,train
data/splits_metal/ae_train/severstal_97df3409b.jpg,no_defect,train
data/splits_metal/yolo_val/severstal_04246167f.jpg,scratch,train
data/splits_metal/yolo_val/severstal_18615eacf.jpg,scratch,train
data/splits_metal/yolo_train/severstal_37f331c96.jpg,scratch,train
data/splits_metal/ae_train/severstal_1e2c34785.jpg,no_defect,train
data/splits_metal/ae_train/severstal_bf281e816.jpg,no_defect,train
data/splits_metal/ae_train/severstal_f1317e0c9.jpg,no_defect,train
data/splits_metal/ae_train/severstal_73e50bb81.jpg,no_defect,train
data/splits_metal/yolo_train/severstal_ed94e8b34.jpg,scratch,train
data/splits_metal/yolo_train/severstal_e744a55c6.jpg,scratch,train
data/splits_metal/ae_train/severstal_0d7943344.jpg,no_defect,train
data/splits_metal/yolo_val/severstal_0fcafcb3b.jpg,scratch,train
data/splits_metal/ae_train/severstal_127f33e12.jpg,no_defect,train
data/splits_metal/ae_train/severstal_436cc0226.jpg,no_defect,train
data/splits_metal/ae_train/severstal_5cc1f869a.jpg,no_defect,train
data/splits_metal/yolo_train/severstal_ff300484e.jpg,scratch,train
data/splits_metal/ae_train/severstal_d7c4cd2dd.jpg,no_defect,train
data/splits_metal/yolo_train/severstal_cef371355.jpg,scratch,train
data/splits_metal/ae_train/severstal_294eb0ae9.jpg,no_defect,train
data/splits_metal/yolo_train/severstal_f400d2c23.jpg,patch,train
data/splits_metal/yolo_val/severstal_a13437817.jpg,scratch,train
data/splits_metal/yolo_train/severstal_f00185797.jpg,scratch,train
data/splits_metal/yolo_val/severstal_c45c92aa2.jpg,scratch,train
data/splits_metal/yolo_train/severstal_01cfacf80.jpg,patch,train
data/splits_metal/yolo_train/severstal_465808594.jpg,scratch,train
data/splits_metal/yolo_train/severstal_d62e553a8.jpg,scratch,train
data/splits_metal/ae_train/severstal_935e893bb.jpg,no_defect,train
data/splits_metal/ae_train/severstal_5d37118aa.jpg,no_defect,train
data/splits_metal/yolo_train/severstal_ee65fc6d8.jpg,scratch,train
data/splits_metal/ae_train/severstal_bd411a664.jpg,no_defect,train
data/splits_metal/ae_train/severstal_1435e5572.jpg,no_defect,train
data/splits_metal/yolo_train/severstal_f5222b1b3.jpg,pitting,train
data/splits_metal/ae_train/severstal_54f69cb7d.jpg,no_defect,train
data/splits_metal/ae_train/severstal_62cf0b008.jpg,no_defect,train
data/splits_metal/yolo_train/severstal_6f46868d9.jpg,scratch,train
data/splits_metal/ae_train/severstal_8eb8f9b28.jpg,no_defect,train
data/splits_metal/yolo_train/severstal_7039151ef.jpg,scratch,train
data/splits_metal/yolo_train/severstal_1ef476f3c.jpg,scratch,train
data/splits_metal/yolo_train/severstal_65b962305.jpg,patch,train
data/splits_metal/ae_train/severstal_2729ddc56.jpg,no_defect,train
data/splits_metal/ae_train/severstal_a72c797c1.jpg,no_defect,train
data/splits_metal/yolo_val/severstal_3ace653be.jpg,pitting,train
data/splits_metal/yolo_train/severstal_1aedfd7ab.jpg,scratch,train
data/splits_metal/ae_train/severstal_2c581b76f.jpg,no_defect,train
data/splits_metal/yolo_train/severstal_10972add9.jpg,scratch,train
data/splits_metal/yolo_val/severstal_af7ca17d0.jpg,scratch,train
data/splits_metal/ae_train/severstal_1b04341a6.jpg,no_defect,train
data/splits_metal/yolo_train/severstal_bbaeed54e.jpg,patch,train
data/splits_metal/ae_train/severstal_953b008d8.jpg,no_defect,train
data/splits_metal/yolo_train/severstal_29da75230.jpg,scratch,train
data/splits_metal/ae_train/severstal_a3f913d5c.jpg,no_defect,train
data/splits_metal/ae_train/severstal_afdb25da1.jpg,no_defect,train
data/splits_metal/yolo_train/severstal_1b213d816.jpg,pitting,train
data/splits_metal/yolo_train/severstal_74131d9ff.jpg,scratch,train
data/splits_metal/ae_train/severstal_3a7f1857b.jpg,no_defect,train
data/splits_metal/ae_train/severstal_ecd8fc5e7.jpg,no_defect,train
data/splits_metal/yolo_train/severstal_837d38c91.jpg,scratch,train
data/splits_metal/yolo_train/severstal_b46ecc387.jpg,scratch,train
data/splits_metal/ae_train/severstal_bd5aeaa60.jpg,no_defect,train
data/splits_metal/ae_train/severstal_01d97b205.jpg,no_defect,train
data/splits_metal/yolo_train/severstal_9557969ee.jpg,scratch,train
data/splits_metal/yolo_train/severstal_5f0371b4d.jpg,pitting,train
data/splits_metal/ae_train/severstal_20fe56d9e.jpg,no_defect,train
data/splits_metal/yolo_val/severstal_b44f92bd6.jpg,scratch,train
data/splits_metal/yolo_train/severstal_ff27b4b1b.jpg,scratch,train
data/splits_metal/yolo_train/severstal_0cb590f8e.jpg,inclusion,train
data/splits_metal/ae_train/severstal_c6c8a3760.jpg,no_defect,train
data/splits_metal/ae_train/severstal_d717685ea.jpg,no_defect,train
data/splits_metal/ae_train/severstal_ead245f1f.jpg,no_defect,train
data/splits_metal/ae_train/severstal_f1ee117a1.jpg,no_defect,train
data/splits_metal/yolo_train/severstal_ba11c9dc3.jpg,scratch,train
data/splits_metal/yolo_val/severstal_ad8d59858.jpg,scratch,train
data/splits_metal/yolo_train/severstal_d636cbd42.jpg,patch,train
data/splits_metal/ae_train/severstal_023a21cf2.jpg,no_defect,train
data/splits_metal/yolo_val/severstal_d3e44d1b4.jpg,scratch,train
data/splits_metal/ae_train/severstal_c098f8eff.jpg,no_defect,train
data/splits_metal/ae_train/severstal_a273bdec1.jpg,no_defect,train
data/splits_metal/yolo_val/severstal_cb95ba6d9.jpg,scratch,train
data/splits_metal/ae_train/severstal_49581de0a.jpg,no_defect,train
data/splits_metal/ae_train/severstal_82173d483.jpg,no_defect,train
data/splits_metal/ae_train/severstal_bffbff9ee.jpg,no_defect,train
data/splits_metal/yolo_train/severstal_446ba8f9b.jpg,scratch,train
data/splits_metal/ae_train/severstal_1395f831c.jpg,no_defect,train
data/splits_metal/ae_train/severstal_008479d08.jpg,no_defect,train
data/splits_metal/yolo_val/severstal_4613bc12c.jpg,scratch,train
data/splits_metal/yolo_val/severstal_ba7ed19b3.jpg,scratch,train
data/splits_metal/ae_train/severstal_47e0685d0.jpg,no_defect,train
data/splits_metal/yolo_train/severstal_70807c2c5.jpg,scratch,train
data/splits_metal/yolo_train/severstal_700209a95.jpg,patch,train
data/splits_metal/yolo_train/severstal_25f9a8622.jpg,patch,train
data/splits_metal/yolo_val/severstal_72e49c314.jpg,scratch,train
data/splits_metal/ae_train/severstal_79b6c9b21.jpg,no_defect,train
data/splits_metal/yolo_train/severstal_61bbee823.jpg,scratch,train
data/splits_metal/yolo_train/severstal_571f22cde.jpg,scratch,train
data/splits_metal/ae_train/severstal_211035d61.jpg,no_defect,train
data/splits_metal/ae_train/severstal_228ce0e24.jpg,no_defect,train
data/splits_metal/ae_train/severstal_11bbd9f31.jpg,no_defect,train
data/splits_metal/ae_train/severstal_31c047fae.jpg,no_defect,train
data/splits_metal/ae_train/severstal_7e743dab7.jpg,no_defect,train
data/splits_metal/yolo_train/severstal_4e1c34ada.jpg,scratch,train
data/splits_metal/yolo_train/severstal_dc58fa33b.jpg,inclusion,train
data/splits_metal/ae_train/severstal_337cd6723.jpg,no_defect,train
data/splits_metal/yolo_train/severstal_a187d1897.jpg,scratch,train
data/splits_metal/yolo_train/severstal_3c4a1b57f.jpg,scratch,train
data/splits_metal/ae_train/severstal_6a7d34c5c.jpg,no_defect,train
data/splits_metal/ae_train/severstal_d4f7f47eb.jpg,no_defect,train
data/splits_metal/yolo_train/severstal_c55802a79.jpg,scratch,train
data/splits_metal/yolo_train/severstal_3c456ebb8.jpg,scratch,train
data/splits_metal/ae_train/severstal_457055016.jpg,no_defect,train
data/splits_metal/ae_train/severstal_34ded2e0e.jpg,no_defect,train
data/splits_metal/ae_train/severstal_f278ce929.jpg,no_defect,train
data/splits_metal/yolo_train/severstal_bceeb4256.jpg,scratch,train
data/splits_metal/ae_train/severstal_56227efb7.jpg,no_defect,train
data/splits_metal/ae_train/severstal_c16f9e03c.jpg,no_defect,train
data/splits_metal/yolo_train/severstal_dc1acc527.jpg,scratch,train
data/splits_metal/ae_train/severstal_61e56bfc1.jpg,no_defect,train
data/splits_metal/ae_train/severstal_f274086c4.jpg,no_defect,train
data/splits_metal/ae_train/severstal_20b08d99b.jpg,no_defect,train
data/splits_metal/ae_train/severstal_d8e384009.jpg,no_defect,train
data/splits_metal/ae_train/severstal_55fa7f382.jpg,no_defect,train
data/splits_metal/ae_train/severstal_81557b8cd.jpg,no_defect,train
data/splits_metal/ae_train/severstal_7dfc8b64d.jpg,no_defect,train
data/splits_metal/yolo_train/severstal_50ac457cb.jpg,inclusion,train
data/splits_metal/yolo_train/severstal_0e71cd651.jpg,patch,train
data/splits_metal/yolo_val/severstal_4f64d3b50.jpg,scratch,train
data/splits_metal/yolo_train/severstal_4ec0d49df.jpg,scratch,train
data/splits_metal/yolo_train/severstal_45cca62e0.jpg,scratch,train
data/splits_metal/yolo_val/severstal_12375dd7a.jpg,scratch,train
data/splits_metal/ae_train/severstal_883ce8f4f.jpg,no_defect,train
data/splits_metal/ae_train/severstal_23299a0bd.jpg,no_defect,train
data/splits_metal/yolo_train/severstal_200992bc9.jpg,scratch,train
data/splits_metal/ae_train/severstal_4e7b56970.jpg,no_defect,train
data/splits_metal/ae_train/severstal_7da8aaf72.jpg,no_defect,train
data/splits_metal/yolo_train/severstal_45b099b06.jpg,scratch,train
data/splits_metal/yolo_val/severstal_825d06c01.jpg,scratch,train
data/splits_metal/yolo_val/severstal_c7f93d8bd.jpg,scratch,train
data/splits_metal/yolo_train/severstal_c4d5657bc.jpg,scratch,train
data/splits_metal/yolo_val/severstal_974b07e79.jpg,scratch,train
data/splits_metal/ae_train/severstal_d28dc89f1.jpg,no_defect,train
data/splits_metal/yolo_train/severstal_9296c86e5.jpg,scratch,train
data/splits_metal/ae_train/severstal_87f0ecf9f.jpg,no_defect,train
data/splits_metal/ae_train/severstal_deb8bf4c3.jpg,no_defect,train
data/splits_metal/yolo_train/severstal_7aa11e186.jpg,scratch,train
data/splits_metal/ae_train/severstal_24754bd08.jpg,no_defect,train
data/splits_metal/yolo_train/severstal_260e316eb.jpg,patch,train
data/splits_metal/ae_train/severstal_e514a96ce.jpg,no_defect,train
data/splits_metal/yolo_train/severstal_7e8dfabba.jpg,scratch,train
data/splits_metal/ae_train/severstal_7b78f7ca9.jpg,no_defect,train
data/splits_metal/ae_train/severstal_5933ec79b.jpg,no_defect,train
data/splits_metal/yolo_train/severstal_4adc459d5.jpg,scratch,train
data/splits_metal/ae_train/severstal_358a4fc0c.jpg,no_defect,train
data/splits_metal/yolo_train/severstal_dcc3c7a50.jpg,scratch,train
data/splits_metal/yolo_train/severstal_7f30a2a1e.jpg,scratch,train
data/splits_metal/yolo_train/severstal_8ed31effd.jpg,pitting,train
data/splits_metal/yolo_train/severstal_02291e913.jpg,scratch,train
data/splits_metal/yolo_train/severstal_c33e20d0b.jpg,scratch,train
data/splits_metal/yolo_train/severstal_5256faa06.jpg,scratch,train
data/splits_metal/ae_train/severstal_b8ae3032c.jpg,no_defect,train
data/splits_metal/ae_train/severstal_3e430c661.jpg,no_defect,train
data/splits_metal/yolo_train/severstal_6eda6852e.jpg,scratch,train
data/splits_metal/ae_train/severstal_2a698fced.jpg,no_defect,train
data/splits_metal/ae_train/severstal_39eae7a92.jpg,no_defect,train
data/splits_metal/yolo_train/severstal_106fd7aad.jpg,scratch,train
data/splits_metal/ae_train/severstal_3ae560b21.jpg,no_defect,train
data/splits_metal/yolo_val/severstal_207e88d4a.jpg,scratch,train
data/splits_metal/yolo_val/severstal_4b286bf39.jpg,scratch,train
data/splits_metal/yolo_val/severstal_8645f73f1.jpg,scratch,train
data/splits_metal/yolo_train/severstal_df17684d1.jpg,scratch,train
data/splits_metal/yolo_train/severstal_7454d922e.jpg,scratch,train
data/splits_metal/ae_train/severstal_1b9016dd1.jpg,no_defect,train
data/splits_metal/ae_train/severstal_2cffa3a1a.jpg,no_defect,train
data/splits_metal/yolo_val/severstal_f5fcc4750.jpg,scratch,train
data/splits_metal/ae_train/severstal_0d01c8efb.jpg,no_defect,train
data/splits_metal/ae_train/severstal_11872c662.jpg,no_defect,train
data/splits_metal/ae_train/severstal_5e4714333.jpg,no_defect,train
data/splits_metal/ae_train/severstal_7ac8253f5.jpg,no_defect,train
data/splits_metal/yolo_val/severstal_b70e904f7.jpg,scratch,train
data/splits_metal/yolo_train/severstal_bd794618f.jpg,scratch,train
data/splits_metal/ae_train/severstal_6ad950bb6.jpg,no_defect,train
data/splits_metal/yolo_train/severstal_d7b0f2130.jpg,scratch,train
data/splits_metal/ae_train/severstal_db8942667.jpg,no_defect,train
data/splits_metal/yolo_train/severstal_06fb3a6e5.jpg,scratch,train
data/splits_metal/ae_train/severstal_326eadf51.jpg,no_defect,train
data/splits_metal/yolo_train/severstal_1f8ea6702.jpg,scratch,train
data/splits_metal/ae_train/severstal_2fa90e9dc.jpg,no_defect,train
data/splits_metal/yolo_train/severstal_19115aedb.jpg,scratch,train
data/splits_metal/yolo_train/severstal_ca4309568.jpg,scratch,train
data/splits_metal/ae_train/severstal_1fe3d2031.jpg,no_defect,train
data/splits_metal/ae_train/severstal_04b0f819d.jpg,no_defect,train
data/splits_metal/yolo_val/severstal_198252b95.jpg,scratch,train
data/splits_metal/yolo_train/severstal_1bea66c7a.jpg,patch,train
data/splits_metal/yolo_train/severstal_a8312b3b0.jpg,pitting,train
data/splits_metal/ae_train/severstal_9a762b892.jpg,no_defect,train
data/splits_metal/yolo_train/severstal_5e92f8e11.jpg,scratch,train
data/splits_metal/yolo_train/severstal_36cd2cde0.jpg,scratch,train
data/splits_metal/yolo_train/severstal_ec3f302f2.jpg,scratch,train
data/splits_metal/ae_train/severstal_a5ab1671d.jpg,no_defect,train
data/splits_metal/yolo_train/severstal_91e9eaf93.jpg,pitting,train
data/splits_metal/ae_train/severstal_5f2a4bf0b.jpg,no_defect,train
data/splits_metal/yolo_train/severstal_205360569.jpg,scratch,train
data/splits_metal/yolo_train/severstal_10d9f85be.jpg,pitting,train
data/splits_metal/yolo_train/severstal_ac172af5a.jpg,scratch,train
data/splits_metal/yolo_train/severstal_a6b00abd7.jpg,scratch,train
data/splits_metal/ae_train/severstal_75c290dc0.jpg,no_defect,train
data/splits_metal/yolo_train/severstal_a5c3d1132.jpg,scratch,train
data/splits_metal/yolo_val/severstal_dcf78e7eb.jpg,scratch,train
data/splits_metal/yolo_train/severstal_89eec1aae.jpg,scratch,train
data/splits_metal/ae_train/severstal_e252d3b42.jpg,no_defect,train
data/splits_metal/ae_train/severstal_c08bdfa3c.jpg,no_defect,train
data/splits_metal/yolo_val/severstal_509abf323.jpg,pitting,train
data/splits_metal/yolo_train/severstal_47568c5de.jpg,scratch,train
data/splits_metal/ae_train/severstal_7c6fa5adf.jpg,no_defect,train
data/splits_metal/ae_train/severstal_2fcd2c351.jpg,no_defect,train
data/splits_metal/yolo_train/severstal_a7d470272.jpg,scratch,train
data/splits_metal/ae_train/severstal_82583cd1d.jpg,no_defect,train
data/splits_metal/ae_train/severstal_8480792ef.jpg,no_defect,train
data/splits_metal/ae_train/severstal_a4a007ea2.jpg,no_defect,train
data/splits_metal/yolo_train/severstal_2dc31340a.jpg,scratch,train
data/splits_metal/yolo_train/severstal_bfaf69bd5.jpg,scratch,train
data/splits_metal/yolo_train/severstal_d2938b2af.jpg,scratch,train
data/splits_metal/yolo_train/severstal_238cfd09f.jpg,scratch,train
data/splits_metal/yolo_train/severstal_260ee2f59.jpg,scratch,train
data/splits_metal/yolo_train/severstal_6e785e50c.jpg,scratch,train
data/splits_metal/yolo_train/severstal_3fb78d513.jpg,scratch,train
data/splits_metal/ae_train/severstal_2f8a16cc3.jpg,no_defect,train
data/splits_metal/ae_train/severstal_15550e6b7.jpg,no_defect,train
data/splits_metal/yolo_train/severstal_c6a29f8f0.jpg,scratch,train
data/splits_metal/yolo_val/severstal_0aafd7471.jpg,pitting,train
data/splits_metal/ae_train/severstal_9bb56797d.jpg,no_defect,train
data/splits_metal/yolo_train/severstal_de049d393.jpg,scratch,train
data/splits_metal/ae_train/severstal_bc21fab1b.jpg,no_defect,train
data/splits_metal/ae_train/severstal_dcd6231d8.jpg,no_defect,train
data/splits_metal/yolo_train/severstal_b8f684e65.jpg,scratch,train
data/splits_metal/yolo_train/severstal_7b857d874.jpg,patch,train
data/splits_metal/ae_train/severstal_0757665c0.jpg,no_defect,train
data/splits_metal/yolo_train/severstal_6c15dadb8.jpg,scratch,train
data/splits_metal/yolo_train/severstal_d048a5a71.jpg,pitting,train
data/splits_metal/yolo_train/severstal_2744b6b26.jpg,scratch,train
data/splits_metal/ae_train/severstal_804caac5a.jpg,no_defect,train
data/splits_metal/yolo_train/severstal_da30cbaf7.jpg,scratch,train
data/splits_metal/ae_train/severstal_bfe627357.jpg,no_defect,train
data/splits_metal/yolo_train/severstal_8a7121b61.jpg,scratch,train
data/splits_metal/yolo_train/severstal_5dd5484fc.jpg,scratch,train
data/splits_metal/ae_train/severstal_bb21cd153.jpg,no_defect,train
data/splits_metal/ae_train/severstal_714a7eec8.jpg,no_defect,train
data/splits_metal/yolo_train/severstal_cd0c2417f.jpg,pitting,train
data/splits_metal/yolo_train/severstal_38b513f44.jpg,scratch,train
data/splits_metal/yolo_train/severstal_99923d074.jpg,scratch,train
data/splits_metal/yolo_train/severstal_b895d1213.jpg,scratch,train
data/splits_metal/yolo_train/severstal_92932546c.jpg,patch,train
data/splits_metal/ae_train/severstal_e9eb5a464.jpg,no_defect,train
data/splits_metal/ae_train/severstal_c4562eb61.jpg,no_defect,train
data/splits_metal/ae_train/severstal_e39c0bbac.jpg,no_defect,train
data/splits_metal/yolo_train/severstal_896f852dd.jpg,scratch,train
data/splits_metal/ae_train/severstal_19dd323a9.jpg,no_defect,train
data/splits_metal/ae_train/severstal_37cd2eba2.jpg,no_defect,train
data/splits_metal/yolo_train/severstal_c646462b5.jpg,patch,train
data/splits_metal/yolo_train/severstal_689768b30.jpg,scratch,train
data/splits_metal/ae_train/severstal_81398fac4.jpg,no_defect,train
data/splits_metal/yolo_val/severstal_5afe748ca.jpg,scratch,train
data/splits_metal/ae_train/severstal_1aa2e159a.jpg,no_defect,train
data/splits_metal/ae_train/severstal_a96489280.jpg,no_defect,train
data/splits_metal/yolo_val/severstal_ed54a41e1.jpg,scratch,train
data/splits_metal/yolo_val/severstal_57794735f.jpg,pitting,train
data/splits_metal/ae_train/severstal_66c456295.jpg,no_defect,train
data/splits_metal/ae_train/severstal_514c3734e.jpg,no_defect,train
data/splits_metal/yolo_train/severstal_3ca655ceb.jpg,scratch,train
data/splits_metal/yolo_train/severstal_fdb8a4e70.jpg,scratch,train
data/splits_metal/ae_train/severstal_d8cc693b1.jpg,no_defect,train
data/splits_metal/yolo_train/severstal_5b28f3d4a.jpg,scratch,train
data/splits_metal/ae_train/severstal_739ff7b44.jpg,no_defect,train
data/splits_metal/ae_train/severstal_bc9e986b3.jpg,no_defect,train
data/splits_metal/yolo_train/severstal_f10f625fd.jpg,scratch,train
data/splits_metal/ae_train/severstal_cb3e3974d.jpg,no_defect,train
data/splits_metal/yolo_train/severstal_8be1d2178.jpg,scratch,train
data/splits_metal/ae_train/severstal_f44bc4cf4.jpg,no_defect,train
data/splits_metal/yolo_train/severstal_b2e59bdaa.jpg,scratch,train
data/splits_metal/yolo_train/severstal_670dc6f72.jpg,patch,train
data/splits_metal/yolo_train/severstal_15d258692.jpg,scratch,train
data/splits_metal/ae_train/severstal_45e2d90b0.jpg,no_defect,train
data/splits_metal/yolo_train/severstal_f806c9662.jpg,patch,train
data/splits_metal/ae_train/severstal_a86d2a653.jpg,no_defect,train
data/splits_metal/yolo_train/severstal_79c106c42.jpg,patch,train
data/splits_metal/yolo_val/severstal_a56d4b7be.jpg,pitting,train
data/splits_metal/yolo_val/severstal_6dbd47d4f.jpg,scratch,train
data/splits_metal/ae_train/severstal_579898eed.jpg,no_defect,train
data/splits_metal/ae_train/severstal_ee6241bbf.jpg,no_defect,train
data/splits_metal/yolo_train/severstal_847b7640a.jpg,scratch,train
data/splits_metal/yolo_train/severstal_1ebd7aba5.jpg,scratch,train
data/splits_metal/yolo_train/severstal_eee142d9a.jpg,scratch,train
data/splits_metal/ae_train/severstal_7fa8baf41.jpg,no_defect,train
data/splits_metal/ae_train/severstal_5463b35d3.jpg,no_defect,train
data/splits_metal/yolo_train/severstal_fc62ebb8b.jpg,scratch,train
data/splits_metal/ae_train/severstal_b4b21055e.jpg,no_defect,train
data/splits_metal/yolo_train/severstal_cdc267505.jpg,inclusion,train
data/splits_metal/yolo_val/severstal_feb2cfa94.jpg,scratch,train
data/splits_metal/ae_train/severstal_49402d46c.jpg,no_defect,train
data/splits_metal/yolo_train/severstal_f901632bf.jpg,scratch,train
data/splits_metal/yolo_train/severstal_c3bffce10.jpg,scratch,train
data/splits_metal/ae_train/severstal_5404bf04b.jpg,no_defect,train
data/splits_metal/yolo_train/severstal_39e4216eb.jpg,scratch,train
data/splits_metal/ae_train/severstal_35def034c.jpg,no_defect,train
data/splits_metal/yolo_val/severstal_354760e3e.jpg,scratch,train
data/splits_metal/yolo_train/severstal_2e8734c46.jpg,patch,train
data/splits_metal/ae_train/severstal_7d88005db.jpg,no_defect,train
data/splits_metal/ae_train/severstal_8756de2ce.jpg,no_defect,train
data/splits_metal/ae_train/severstal_8a06952d6.jpg,no_defect,train
data/splits_metal/yolo_train/severstal_ee83f88d5.jpg,patch,train
data/splits_metal/ae_train/severstal_3f588b2c6.jpg,no_defect,train
data/splits_metal/ae_train/severstal_7acead167.jpg,no_defect,train
data/splits_metal/yolo_train/severstal_53f2e3c44.jpg,inclusion,train
data/splits_metal/yolo_train/severstal_7b545550c.jpg,scratch,train
data/splits_metal/ae_train/severstal_250f61fb3.jpg,no_defect,train
data/splits_metal/ae_train/severstal_f8981ac65.jpg,no_defect,train
data/splits_metal/ae_train/severstal_3cc111ab7.jpg,no_defect,train
data/splits_metal/ae_train/severstal_28045eb99.jpg,no_defect,train
data/splits_metal/ae_train/severstal_ee3be2a71.jpg,no_defect,train
data/splits_metal/ae_train/severstal_8ccbb95e1.jpg,no_defect,train
data/splits_metal/ae_train/severstal_0ea67158e.jpg,no_defect,train
data/splits_metal/yolo_val/severstal_49a0e2310.jpg,scratch,train
data/splits_metal/yolo_val/severstal_7c02570e9.jpg,scratch,train
data/splits_metal/yolo_val/severstal_053e9a29c.jpg,scratch,train
data/splits_metal/ae_train/severstal_8ff213785.jpg,no_defect,train
data/splits_metal/yolo_val/severstal_ad76bc064.jpg,scratch,train
data/splits_metal/ae_train/severstal_1966c0598.jpg,no_defect,train
data/splits_metal/yolo_train/severstal_6355bf572.jpg,pitting,train
data/splits_metal/ae_train/severstal_522885da1.jpg,no_defect,train
data/splits_metal/yolo_train/severstal_8a3ce8312.jpg,pitting,train
data/splits_metal/ae_train/severstal_e8673ecfe.jpg,no_defect,train
data/splits_metal/yolo_train/severstal_82b258bf4.jpg,scratch,train
data/splits_metal/yolo_train/severstal_9fc472430.jpg,scratch,train
data/splits_metal/ae_train/severstal_7f506ca06.jpg,no_defect,train
data/splits_metal/yolo_val/severstal_5f34a730b.jpg,pitting,train
data/splits_metal/yolo_train/severstal_01fd50e68.jpg,scratch,train
data/splits_metal/yolo_train/severstal_85c5631bd.jpg,scratch,train
data/splits_metal/ae_train/severstal_961c00401.jpg,no_defect,train
data/splits_metal/yolo_train/severstal_622808ac3.jpg,scratch,train
data/splits_metal/yolo_train/severstal_98a013baf.jpg,patch,train
data/splits_metal/yolo_train/severstal_cb53b96ce.jpg,patch,train
data/splits_metal/ae_train/severstal_122e21783.jpg,no_defect,train
data/splits_metal/ae_train/severstal_519d16e7c.jpg,no_defect,train
data/splits_metal/ae_train/severstal_8e75db0a0.jpg,no_defect,train
data/splits_metal/ae_train/severstal_90dbb625a.jpg,no_defect,train
data/splits_metal/yolo_train/severstal_58384cf41.jpg,scratch,train
data/splits_metal/ae_train/severstal_ad0e7ff59.jpg,no_defect,train
data/splits_metal/ae_train/severstal_cf45f7a4a.jpg,no_defect,train
data/splits_metal/ae_train/severstal_a3339fb1b.jpg,no_defect,train
data/splits_metal/yolo_train/severstal_d0a4de7c8.jpg,scratch,train
data/splits_metal/yolo_val/severstal_19cf72d91.jpg,pitting,train
data/splits_metal/ae_train/severstal_e66ed68e9.jpg,no_defect,train
data/splits_metal/ae_train/severstal_fc937f4b5.jpg,no_defect,train
data/splits_metal/ae_train/severstal_deeaf3acf.jpg,no_defect,train
data/splits_metal/yolo_train/severstal_fa9c1b2e4.jpg,scratch,train
data/splits_metal/ae_train/severstal_066bed8c1.jpg,no_defect,train
data/splits_metal/yolo_train/severstal_01cf446d4.jpg,scratch,train
data/splits_metal/yolo_train/severstal_a9914e83b.jpg,patch,train
data/splits_metal/ae_train/severstal_a8a7216e4.jpg,no_defect,train
data/splits_metal/ae_train/severstal_19e9bfbf2.jpg,no_defect,train
data/splits_metal/yolo_train/severstal_527b50f74.jpg,scratch,train
data/splits_metal/yolo_train/severstal_43e5215d6.jpg,scratch,train
data/splits_metal/yolo_train/severstal_8c8e79fa0.jpg,pitting,train
data/splits_metal/yolo_val/severstal_c56e3ffcb.jpg,scratch,train
data/splits_metal/yolo_train/severstal_86cbb2d1f.jpg,pitting,train
data/splits_metal/yolo_train/severstal_a508dd004.jpg,patch,train
data/splits_metal/yolo_train/severstal_2a6669d9a.jpg,scratch,train
data/splits_metal/yolo_val/severstal_90f4dd6e5.jpg,inclusion,train
data/splits_metal/yolo_val/severstal_9d3f69524.jpg,scratch,train
data/splits_metal/yolo_train/severstal_7d582e90d.jpg,scratch,train
data/splits_metal/yolo_train/severstal_4e33d6324.jpg,patch,train
data/splits_metal/yolo_val/severstal_d426f0d76.jpg,scratch,train
data/splits_metal/ae_train/severstal_e7f6f95c4.jpg,no_defect,train
data/splits_metal/ae_train/severstal_773262af1.jpg,no_defect,train
data/splits_metal/ae_train/severstal_2b878ae41.jpg,no_defect,train
data/splits_metal/yolo_train/severstal_fcf5cf8e2.jpg,scratch,train
data/splits_metal/yolo_train/severstal_2c37ea89f.jpg,pitting,train
data/splits_metal/ae_train/severstal_25da9588e.jpg,no_defect,train
data/splits_metal/ae_train/severstal_fec35dc6d.jpg,no_defect,train
data/splits_metal/yolo_train/severstal_adbe07a60.jpg,scratch,train
data/splits_metal/ae_train/severstal_8954af5c0.jpg,no_defect,train
data/splits_metal/yolo_val/severstal_892321605.jpg,scratch,train
data/splits_metal/yolo_train/severstal_a9f605949.jpg,scratch,train
data/splits_metal/yolo_train/severstal_3088a6a0d.jpg,inclusion,train
data/splits_metal/yolo_train/severstal_6a15b9733.jpg,patch,train
data/splits_metal/yolo_val/severstal_ea4f8eb1d.jpg,scratch,train
data/splits_metal/ae_train/severstal_448edb360.jpg,no_defect,train
data/splits_metal/ae_train/severstal_26ef69c0f.jpg,no_defect,train
data/splits_metal/yolo_train/severstal_19a3acdeb.jpg,scratch,train
data/splits_metal/yolo_train/severstal_5125317c7.jpg,scratch,train
data/splits_metal/yolo_train/severstal_1b7bec2ba.jpg,pitting,train
data/splits_metal/yolo_train/severstal_975f12b62.jpg,scratch,train
data/splits_metal/yolo_val/severstal_d1fdc8367.jpg,scratch,train
data/splits_metal/yolo_val/severstal_ccf39a604.jpg,scratch,train
data/splits_metal/ae_train/severstal_ed64babcf.jpg,no_defect,train
data/splits_metal/yolo_train/severstal_b3d4c7809.jpg,pitting,train
data/splits_metal/ae_train/severstal_139a60994.jpg,no_defect,train
data/splits_metal/ae_train/severstal_115efa1ca.jpg,no_defect,train
data/splits_metal/ae_train/severstal_b3f6a891f.jpg,no_defect,train
data/splits_metal/yolo_train/severstal_c571c7c32.jpg,pitting,train
data/splits_metal/yolo_train/severstal_1a9c38991.jpg,pitting,train
data/splits_metal/yolo_val/severstal_e495d5456.jpg,patch,train
data/splits_metal/ae_train/severstal_83a4b8a34.jpg,no_defect,train
data/splits_metal/yolo_train/severstal_05d6bccf8.jpg,scratch,train
data/splits_metal/yolo_train/severstal_fb6a70917.jpg,scratch,train
data/splits_metal/ae_train/severstal_7311d533d.jpg,no_defect,train
data/splits_metal/yolo_val/severstal_5ff6ee14c.jpg,scratch,train
data/splits_metal/ae_train/severstal_f54c0a5b9.jpg,no_defect,train
data/splits_metal/yolo_val/severstal_46dfd5be4.jpg,scratch,train
data/splits_metal/ae_train/severstal_042691991.jpg,no_defect,train
data/splits_metal/yolo_train/severstal_43b6618bf.jpg,scratch,train
data/splits_metal/ae_train/severstal_d183a7238.jpg,no_defect,train
data/splits_metal/ae_train/severstal_59f7de86b.jpg,no_defect,train
data/splits_metal/ae_train/severstal_6dc4f9dbc.jpg,no_defect,train
data/splits_metal/ae_train/severstal_ae677bed4.jpg,no_defect,train
data/splits_metal/ae_train/severstal_bd5cc7d1b.jpg,no_defect,train
data/splits_metal/yolo_train/severstal_373daa632.jpg,scratch,train
data/splits_metal/yolo_train/severstal_cf29a866a.jpg,scratch,train
data/splits_metal/yolo_train/severstal_cbba0f365.jpg,pitting,train
data/splits_metal/ae_train/severstal_d142b7f92.jpg,no_defect,train
data/splits_metal/ae_train/severstal_fac3481a4.jpg,no_defect,train
data/splits_metal/ae_train/severstal_df404d739.jpg,no_defect,train
data/splits_metal/yolo_train/severstal_76ff61cb4.jpg,scratch,train
data/splits_metal/yolo_train/severstal_3c9c4454b.jpg,scratch,train
data/splits_metal/ae_train/severstal_d1acc3cc2.jpg,no_defect,train
data/splits_metal/yolo_train/severstal_f94569eb5.jpg,scratch,train
data/splits_metal/yolo_train/severstal_90b461f2a.jpg,scratch,train
data/splits_metal/yolo_train/severstal_bfcffb683.jpg,scratch,train
data/splits_metal/ae_train/severstal_dfb34ff29.jpg,no_defect,train
data/splits_metal/ae_train/severstal_cceb73e77.jpg,no_defect,train
data/splits_metal/yolo_train/severstal_0db7ec4f0.jpg,scratch,train
data/splits_metal/yolo_val/severstal_9612cf3ee.jpg,scratch,train
data/splits_metal/yolo_val/severstal_200e555b4.jpg,patch,train
data/splits_metal/ae_train/severstal_294317265.jpg,no_defect,train
data/splits_metal/yolo_train/severstal_9ad36a571.jpg,scratch,train
data/splits_metal/ae_train/severstal_d767630fe.jpg,no_defect,train
data/splits_metal/yolo_train/severstal_bdee0e677.jpg,scratch,train
data/splits_metal/ae_train/severstal_efa879d07.jpg,no_defect,train
data/splits_metal/yolo_train/severstal_caad490a5.jpg,scratch,train
data/splits_metal/ae_train/severstal_4576c4722.jpg,no_defect,train
data/splits_metal/ae_train/severstal_08fe9f644.jpg,no_defect,train
data/splits_metal/yolo_train/severstal_35665c5b9.jpg,scratch,train
data/splits_metal/ae_train/severstal_21cb6d5d2.jpg,no_defect,train
data/splits_metal/ae_train/severstal_073d8f414.jpg,no_defect,train
data/splits_metal/ae_train/severstal_4051b9a59.jpg,no_defect,train
data/splits_metal/ae_train/severstal_3bfb7e218.jpg,no_defect,train
data/splits_metal/yolo_val/severstal_646a4e69a.jpg,scratch,train
data/splits_metal/ae_train/severstal_8dca0f3f7.jpg,no_defect,train
data/splits_metal/yolo_train/severstal_946525536.jpg,inclusion,train
data/splits_metal/ae_train/severstal_cd79fb3f4.jpg,no_defect,train
data/splits_metal/yolo_val/severstal_e385380e1.jpg,scratch,train
data/splits_metal/ae_train/severstal_b050e9005.jpg,no_defect,train
data/splits_metal/yolo_train/severstal_e5e0fe470.jpg,scratch,train
data/splits_metal/ae_train/severstal_bd5c85ced.jpg,no_defect,train
data/splits_metal/yolo_train/severstal_aeaa1deef.jpg,pitting,train
data/splits_metal/ae_train/severstal_5bb141102.jpg,no_defect,train
data/splits_metal/ae_train/severstal_43198fdde.jpg,no_defect,train
data/splits_metal/ae_train/severstal_e998b2a8c.jpg,no_defect,train
data/splits_metal/ae_train/severstal_53c313ac9.jpg,no_defect,train
data/splits_metal/yolo_val/severstal_81891e821.jpg,scratch,train
data/splits_metal/ae_train/severstal_66f999f2d.jpg,no_defect,train
data/splits_metal/yolo_train/severstal_3221a0d79.jpg,pitting,train
data/splits_metal/ae_train/severstal_d6dd8245a.jpg,no_defect,train
data/splits_metal/yolo_train/severstal_1dd76fb74.jpg,scratch,train
data/splits_metal/ae_train/severstal_c7eb26d69.jpg,no_defect,train
data/splits_metal/ae_train/severstal_bc64a47ef.jpg,no_defect,train
data/splits_metal/yolo_train/severstal_b3eb9c9cb.jpg,scratch,train
data/splits_metal/ae_train/severstal_9ccddca1a.jpg,no_defect,train
data/splits_metal/yolo_train/severstal_9ff2aa5c5.jpg,scratch,train
data/splits_metal/ae_train/severstal_c2562fab2.jpg,no_defect,train
data/splits_metal/yolo_val/severstal_08de8df60.jpg,scratch,train
data/splits_metal/yolo_train/severstal_8366824fe.jpg,patch,train
data/splits_metal/ae_train/severstal_d50ea5181.jpg,no_defect,train
data/splits_metal/ae_train/severstal_725d2e3da.jpg,no_defect,train
data/splits_metal/yolo_val/severstal_90cd42d5b.jpg,scratch,train
data/splits_metal/ae_train/severstal_8ab80ae38.jpg,no_defect,train
data/splits_metal/ae_train/severstal_353aeef37.jpg,no_defect,train
data/splits_metal/ae_train/severstal_afef30338.jpg,no_defect,train
data/splits_metal/yolo_val/severstal_a9c5e9f1e.jpg,scratch,train
data/splits_metal/yolo_train/severstal_1ae56dead.jpg,pitting,train
data/splits_metal/yolo_val/severstal_74b25b3a2.jpg,scratch,train
data/splits_metal/ae_train/severstal_006a4402e.jpg,no_defect,train
data/splits_metal/ae_train/severstal_19fd40586.jpg,no_defect,train
data/splits_metal/yolo_train/severstal_9c4e61003.jpg,pitting,train
data/splits_metal/ae_train/severstal_b49b2a0ee.jpg,no_defect,train
data/splits_metal/yolo_val/severstal_6791c36e9.jpg,inclusion,train
data/splits_metal/ae_train/severstal_90b268acf.jpg,no_defect,train
data/splits_metal/yolo_train/severstal_808e3f8b8.jpg,scratch,train
data/splits_metal/ae_train/severstal_3d1ad610d.jpg,no_defect,train
data/splits_metal/yolo_train/severstal_a9b327adb.jpg,scratch,train
data/splits_metal/ae_train/severstal_c6ee10d49.jpg,no_defect,train
data/splits_metal/ae_train/severstal_fb3273735.jpg,no_defect,train
data/splits_metal/yolo_train/severstal_5370c78e0.jpg,scratch,train
data/splits_metal/ae_train/severstal_04933e7f0.jpg,no_defect,train
data/splits_metal/yolo_train/severstal_5a1b1601e.jpg,patch,train
data/splits_metal/ae_train/severstal_2bca350a2.jpg,no_defect,train
data/splits_metal/ae_train/severstal_a8ca5b17d.jpg,no_defect,train
data/splits_metal/yolo_val/severstal_8a2a8a476.jpg,scratch,train
data/splits_metal/ae_train/severstal_d691b03b6.jpg,no_defect,train
data/splits_metal/yolo_train/severstal_cb9e7a337.jpg,scratch,train
data/splits_metal/yolo_train/severstal_a21fa9b86.jpg,scratch,train
data/splits_metal/yolo_val/severstal_5aa7997bd.jpg,scratch,train
data/splits_metal/yolo_train/severstal_efe5694bf.jpg,inclusion,train
data/splits_metal/ae_train/severstal_94006aec5.jpg,no_defect,train
data/splits_metal/ae_train/severstal_9bfa8c569.jpg,no_defect,train
data/splits_metal/yolo_val/severstal_7549c90b1.jpg,scratch,train
data/splits_metal/ae_train/severstal_640174345.jpg,no_defect,train
data/splits_metal/ae_train/severstal_5f7e6cfdd.jpg,no_defect,train
data/splits_metal/ae_train/severstal_dbe808a3d.jpg,no_defect,train
data/splits_metal/yolo_train/severstal_cc3b99f17.jpg,pitting,train
data/splits_metal/yolo_train/severstal_1c029a278.jpg,scratch,train
data/splits_metal/ae_train/severstal_bfd00e92b.jpg,no_defect,train
data/splits_metal/ae_train/severstal_8fa16431c.jpg,no_defect,train
data/splits_metal/yolo_train/severstal_fd6208bbc.jpg,pitting,train
data/splits_metal/ae_train/severstal_dea514023.jpg,no_defect,train
data/splits_metal/ae_train/severstal_47f4eb2de.jpg,no_defect,train
data/splits_metal/yolo_train/severstal_97419c683.jpg,scratch,train
data/splits_metal/ae_train/severstal_46892b360.jpg,no_defect,train
data/splits_metal/yolo_train/severstal_4cca18753.jpg,inclusion,train
data/splits_metal/yolo_train/severstal_585904c94.jpg,patch,train
data/splits_metal/yolo_train/severstal_25337cb38.jpg,scratch,train
data/splits_metal/yolo_val/severstal_5a0b3a924.jpg,scratch,train
data/splits_metal/yolo_val/severstal_fdf3a16fc.jpg,scratch,train
data/splits_metal/yolo_train/severstal_8cd9ca854.jpg,pitting,train
data/splits_metal/ae_train/severstal_4309cec5f.jpg,no_defect,train
data/splits_metal/yolo_val/severstal_39b2dbb9b.jpg,scratch,train
data/splits_metal/ae_train/severstal_6a3645f29.jpg,no_defect,train
data/splits_metal/ae_train/severstal_2c57742c3.jpg,no_defect,train
data/splits_metal/ae_train/severstal_1da1345fc.jpg,no_defect,train
data/splits_metal/yolo_val/severstal_930fe8fc7.jpg,scratch,train
data/splits_metal/yolo_train/severstal_2e55a1149.jpg,scratch,train
data/splits_metal/yolo_train/severstal_016efe618.jpg,patch,train
data/splits_metal/ae_train/severstal_a16e807b5.jpg,no_defect,train
data/splits_metal/yolo_train/severstal_97ca3e697.jpg,scratch,train
data/splits_metal/yolo_val/severstal_3ade75b6e.jpg,scratch,train
data/splits_metal/yolo_val/severstal_848b66095.jpg,scratch,train
data/splits_metal/yolo_train/severstal_b64e18b92.jpg,scratch,train
data/splits_metal/yolo_train/severstal_58ee62fd7.jpg,scratch,train
data/splits_metal/yolo_train/severstal_6ca387398.jpg,scratch,train
data/splits_metal/ae_train/severstal_34e5be38b.jpg,no_defect,train
data/splits_metal/yolo_train/severstal_636214476.jpg,scratch,train
data/splits_metal/ae_train/severstal_20cddf709.jpg,no_defect,train
data/splits_metal/ae_train/severstal_c7c7168ae.jpg,no_defect,train
data/splits_metal/yolo_train/severstal_464917fe0.jpg,scratch,train
data/splits_metal/ae_train/severstal_54d5658e2.jpg,no_defect,train
data/splits_metal/ae_train/severstal_db1203cf7.jpg,no_defect,train
data/splits_metal/yolo_train/severstal_72a7ff0db.jpg,patch,train
data/splits_metal/ae_train/severstal_2fa87f2c8.jpg,no_defect,train
data/splits_metal/yolo_train/severstal_7f52709ea.jpg,pitting,train
data/splits_metal/ae_train/severstal_a095f571c.jpg,no_defect,train
data/splits_metal/ae_train/severstal_e32dfbf22.jpg,no_defect,train
data/splits_metal/yolo_train/severstal_bfd38637f.jpg,patch,train
data/splits_metal/yolo_val/severstal_b6b66ca8c.jpg,scratch,train
data/splits_metal/ae_train/severstal_369a359a7.jpg,no_defect,train
data/splits_metal/ae_train/severstal_efa39707e.jpg,no_defect,train
data/splits_metal/yolo_train/severstal_3fb68881e.jpg,scratch,train
data/splits_metal/yolo_train/severstal_959218299.jpg,pitting,train
data/splits_metal/yolo_val/severstal_b4efad45e.jpg,scratch,train
data/splits_metal/yolo_train/severstal_84df99a15.jpg,scratch,train
data/splits_metal/ae_train/severstal_25b9fd0af.jpg,no_defect,train
data/splits_metal/yolo_train/severstal_f92794f0a.jpg,scratch,train
data/splits_metal/yolo_train/severstal_0bbd121d7.jpg,scratch,train
data/splits_metal/ae_train/severstal_53b1e9464.jpg,no_defect,train
data/splits_metal/yolo_train/severstal_8c2be5c87.jpg,scratch,train
data/splits_metal/yolo_train/severstal_63b63d495.jpg,scratch,train
data/splits_metal/yolo_train/severstal_f991a6a9e.jpg,pitting,train
data/splits_metal/ae_train/severstal_a832e130a.jpg,no_defect,train
data/splits_metal/yolo_train/severstal_f97db2626.jpg,scratch,train
data/splits_metal/yolo_train/severstal_87c733c21.jpg,pitting,train
data/splits_metal/ae_train/severstal_d6de5f24f.jpg,no_defect,train
data/splits_metal/yolo_train/severstal_b95e49245.jpg,scratch,train
data/splits_metal/ae_train/severstal_d4d05f3cf.jpg,no_defect,train
data/splits_metal/yolo_train/severstal_b23512d3b.jpg,scratch,train
data/splits_metal/yolo_train/severstal_45d294946.jpg,scratch,train
data/splits_metal/yolo_train/severstal_31579309c.jpg,scratch,train
data/splits_metal/yolo_train/severstal_b378e4122.jpg,scratch,train
data/splits_metal/ae_train/severstal_a7545c9c0.jpg,no_defect,train
data/splits_metal/yolo_train/severstal_3684a95a8.jpg,scratch,train
data/splits_metal/ae_train/severstal_bd09cf79b.jpg,no_defect,train
data/splits_metal/ae_train/severstal_ed32e2939.jpg,no_defect,train
data/splits_metal/ae_train/severstal_4d1aa2558.jpg,no_defect,train
data/splits_metal/yolo_train/severstal_9cee4ab2e.jpg,pitting,train
data/splits_metal/ae_train/severstal_769307dd5.jpg,no_defect,train
data/splits_metal/yolo_train/severstal_4f323a756.jpg,scratch,train
data/splits_metal/ae_train/severstal_74211b046.jpg,no_defect,train
data/splits_metal/ae_train/severstal_cb9991b64.jpg,no_defect,train
data/splits_metal/yolo_train/severstal_4695c2d2a.jpg,scratch,train
data/splits_metal/ae_train/severstal_c54f5ce35.jpg,no_defect,train
data/splits_metal/ae_train/severstal_e24be9ec4.jpg,no_defect,train
data/splits_metal/yolo_train/severstal_d1aaada08.jpg,pitting,train
data/splits_metal/ae_train/severstal_94f5237ab.jpg,no_defect,train
data/splits_metal/yolo_train/severstal_a2444ac38.jpg,scratch,train
data/splits_metal/ae_train/severstal_216630aec.jpg,no_defect,train
data/splits_metal/yolo_train/severstal_db1b35480.jpg,scratch,train
data/splits_metal/yolo_train/severstal_679f4601f.jpg,pitting,train
data/splits_metal/ae_train/severstal_a0c31208b.jpg,no_defect,train
data/splits_metal/ae_train/severstal_33efa5aa8.jpg,no_defect,train
data/splits_metal/yolo_val/severstal_5af025ad7.jpg,patch,train
data/splits_metal/yolo_train/severstal_6b8b5c4a5.jpg,inclusion,train
data/splits_metal/yolo_train/severstal_a4cef60d1.jpg,scratch,train
data/splits_metal/ae_train/severstal_c7bda2e09.jpg,no_defect,train
data/splits_metal/ae_train/severstal_318921a5a.jpg,no_defect,train
data/splits_metal/ae_train/severstal_f9db48c10.jpg,no_defect,train
data/splits_metal/ae_train/severstal_3d1877bdd.jpg,no_defect,train
data/splits_metal/yolo_val/severstal_313b9ba80.jpg,pitting,train
data/splits_metal/yolo_train/severstal_955feead2.jpg,scratch,train
data/splits_metal/ae_train/severstal_aaf73e8e9.jpg,no_defect,train
data/splits_metal/yolo_train/severstal_4ee570810.jpg,scratch,train
data/splits_metal/ae_train/severstal_8ab887d08.jpg,no_defect,train
data/splits_metal/yolo_train/severstal_d23a1bdc9.jpg,scratch,train
data/splits_metal/yolo_train/severstal_41b122bb7.jpg,scratch,train
data/splits_metal/ae_train/severstal_e252d3c98.jpg,no_defect,train
data/splits_metal/ae_train/severstal_eb0c5c725.jpg,no_defect,train
data/splits_metal/yolo_train/severstal_c199d741a.jpg,inclusion,train
data/splits_metal/ae_train/severstal_3634c260a.jpg,no_defect,train
data/splits_metal/ae_train/severstal_e9ba8349b.jpg,no_defect,train
data/splits_metal/ae_train/severstal_1eedf2f95.jpg,no_defect,train
data/splits_metal/ae_train/severstal_10120e148.jpg,no_defect,train
data/splits_metal/ae_train/severstal_efe80376f.jpg,no_defect,train
data/splits_metal/ae_train/severstal_deb855665.jpg,no_defect,train
data/splits_metal/ae_train/severstal_a04b954ec.jpg,no_defect,train
data/splits_metal/yolo_train/severstal_234ba0510.jpg,scratch,train
data/splits_metal/yolo_train/severstal_459cd013a.jpg,scratch,train
data/splits_metal/ae_train/severstal_a2ae3e0d5.jpg,no_defect,train
data/splits_metal/yolo_val/severstal_bcb794eed.jpg,scratch,train
data/splits_metal/yolo_train/severstal_80f7d7679.jpg,scratch,train
data/splits_metal/ae_train/severstal_58c2f165b.jpg,no_defect,train
data/splits_metal/ae_train/severstal_c130e2db0.jpg,no_defect,train
data/splits_metal/ae_train/severstal_b217432b9.jpg,no_defect,train
data/splits_metal/ae_train/severstal_7df6cbcc7.jpg,no_defect,train
data/splits_metal/yolo_train/severstal_535970659.jpg,scratch,train
data/splits_metal/yolo_train/severstal_a697f938a.jpg,scratch,train
data/splits_metal/ae_train/severstal_456db19dc.jpg,no_defect,train
data/splits_metal/ae_train/severstal_6ca581fb2.jpg,no_defect,train
data/splits_metal/ae_train/severstal_70c0aebb4.jpg,no_defect,train
data/splits_metal/ae_train/severstal_e715ab77a.jpg,no_defect,train
data/splits_metal/yolo_val/severstal_86a9a4ab0.jpg,scratch,train
data/splits_metal/yolo_train/severstal_51ee8ec48.jpg,scratch,train
data/splits_metal/yolo_train/severstal_940e8cd2f.jpg,patch,train
data/splits_metal/yolo_train/severstal_b66e36656.jpg,scratch,train
data/splits_metal/yolo_train/severstal_ba0c890a2.jpg,scratch,train
data/splits_metal/yolo_train/severstal_7f25edc7a.jpg,scratch,train
data/splits_metal/ae_train/severstal_df997913a.jpg,no_defect,train
data/splits_metal/ae_train/severstal_2f67f4bdf.jpg,no_defect,train
data/splits_metal/ae_train/severstal_e626f4152.jpg,no_defect,train
data/splits_metal/yolo_train/severstal_f33e7fc05.jpg,scratch,train
data/splits_metal/yolo_train/severstal_edbb46a8e.jpg,scratch,train
data/splits_metal/yolo_train/severstal_b7a2b2275.jpg,scratch,train
data/splits_metal/ae_train/severstal_2d586fa43.jpg,no_defect,train
data/splits_metal/yolo_train/severstal_b87a1d850.jpg,scratch,train
data/splits_metal/yolo_train/severstal_a9378655a.jpg,pitting,train
data/splits_metal/yolo_train/severstal_b045a0df2.jpg,patch,train
data/splits_metal/yolo_train/severstal_eca0aa4ff.jpg,scratch,train
data/splits_metal/yolo_train/severstal_24256f234.jpg,scratch,train
data/splits_metal/ae_train/severstal_26221a880.jpg,no_defect,train
data/splits_metal/yolo_val/severstal_9586cb6e3.jpg,pitting,train
data/splits_metal/yolo_train/severstal_8a88f573c.jpg,scratch,train
data/splits_metal/yolo_train/severstal_163473240.jpg,scratch,train
data/splits_metal/yolo_train/severstal_5eb928f43.jpg,scratch,train
data/splits_metal/yolo_val/severstal_4e1d02f5a.jpg,scratch,train
data/splits_metal/ae_train/severstal_60c41d5b0.jpg,no_defect,train
data/splits_metal/yolo_train/severstal_57c594518.jpg,scratch,train
data/splits_metal/ae_train/severstal_a37853f39.jpg,no_defect,train
data/splits_metal/yolo_val/severstal_a1dba4777.jpg,scratch,train
data/splits_metal/ae_train/severstal_ae8e00590.jpg,no_defect,train
data/splits_metal/yolo_train/severstal_2992fff3f.jpg,scratch,train
data/splits_metal/ae_train/severstal_db82efbd9.jpg,no_defect,train
data/splits_metal/yolo_train/severstal_4014c79d3.jpg,scratch,train
data/splits_metal/yolo_train/severstal_d3ef4bac1.jpg,inclusion,train
data/splits_metal/yolo_train/severstal_1c3a58b06.jpg,scratch,train
data/splits_metal/yolo_train/severstal_413bf04b0.jpg,scratch,train
data/splits_metal/yolo_train/severstal_2fa3a9f3e.jpg,scratch,train
data/splits_metal/yolo_train/severstal_66c487b25.jpg,scratch,train
data/splits_metal/yolo_train/severstal_75f92b24f.jpg,scratch,train
data/splits_metal/yolo_train/severstal_d03dd68d9.jpg,scratch,train
data/splits_metal/ae_train/severstal_c12c90238.jpg,no_defect,train
data/splits_metal/yolo_train/severstal_a922818e9.jpg,scratch,train
data/splits_metal/ae_train/severstal_2a1d78261.jpg,no_defect,train
data/splits_metal/ae_train/severstal_1a4ac4d43.jpg,no_defect,train
data/splits_metal/ae_train/severstal_bcf5dc58c.jpg,no_defect,train
data/splits_metal/ae_train/severstal_33653ce7d.jpg,no_defect,train
data/splits_metal/yolo_train/severstal_2a184dcbe.jpg,scratch,train
data/splits_metal/yolo_train/severstal_b2ba56cd7.jpg,scratch,train
data/splits_metal/yolo_train/severstal_7b4e8c0d9.jpg,scratch,train
data/splits_metal/ae_train/severstal_0f632b643.jpg,no_defect,train
data/splits_metal/ae_train/severstal_3e6848e8d.jpg,no_defect,train
data/splits_metal/ae_train/severstal_193732cc8.jpg,no_defect,train
data/splits_metal/ae_train/severstal_da42cc9c1.jpg,no_defect,train
data/splits_metal/yolo_train/severstal_b07380a2e.jpg,pitting,train
data/splits_metal/ae_train/severstal_a6521a8d9.jpg,no_defect,train
data/splits_metal/yolo_train/severstal_3bd0fd84d.jpg,scratch,train
data/splits_metal/ae_train/severstal_99972b00f.jpg,no_defect,train
data/splits_metal/ae_train/severstal_217ec0ebe.jpg,no_defect,train
data/splits_metal/ae_train/severstal_53348f9a0.jpg,no_defect,train
data/splits_metal/ae_train/severstal_77051d4a4.jpg,no_defect,train
data/splits_metal/yolo_val/severstal_de89591c4.jpg,pitting,train
data/splits_metal/ae_train/severstal_8aefde0ce.jpg,no_defect,train
data/splits_metal/yolo_train/severstal_ac786cb58.jpg,scratch,train
data/splits_metal/yolo_train/severstal_78ac37759.jpg,scratch,train
data/splits_metal/ae_train/severstal_4442a027e.jpg,no_defect,train
data/splits_metal/ae_train/severstal_84d0c1ee2.jpg,no_defect,train
data/splits_metal/ae_train/severstal_9ce9f9c78.jpg,no_defect,train
data/splits_metal/yolo_val/severstal_51d3e5941.jpg,pitting,train
data/splits_metal/ae_train/severstal_ac03c1990.jpg,no_defect,train
data/splits_metal/yolo_train/severstal_81e8d9fd9.jpg,patch,train
data/splits_metal/ae_train/severstal_64a9ec83c.jpg,no_defect,train
data/splits_metal/ae_train/severstal_31450f104.jpg,no_defect,train
data/splits_metal/ae_train/severstal_fd2f7b4f4.jpg,no_defect,train
data/splits_metal/yolo_train/severstal_d0a956f92.jpg,pitting,train
data/splits_metal/yolo_train/severstal_9bd5122c0.jpg,scratch,train
data/splits_metal/ae_train/severstal_08e21ba66.jpg,no_defect,train
data/splits_metal/ae_train/severstal_36a630d2a.jpg,no_defect,train
data/splits_metal/ae_train/severstal_864e176f3.jpg,no_defect,train
data/splits_metal/ae_train/severstal_4cb193d84.jpg,no_defect,train
data/splits_metal/yolo_train/severstal_de8aa269b.jpg,scratch,train
data/splits_metal/yolo_val/severstal_5ad48b934.jpg,inclusion,train
data/splits_metal/yolo_train/severstal_9fea4f2ab.jpg,scratch,train
data/splits_metal/yolo_val/severstal_08d80d51a.jpg,scratch,train
data/splits_metal/ae_train/severstal_d9038cc42.jpg,no_defect,train
data/splits_metal/yolo_train/severstal_daeea39b1.jpg,scratch,train
data/splits_metal/ae_train/severstal_9d299f398.jpg,no_defect,train
data/splits_metal/yolo_val/severstal_de5a08726.jpg,pitting,train
data/splits_metal/ae_train/severstal_88178518d.jpg,no_defect,train
data/splits_metal/ae_train/severstal_8c7f9bc51.jpg,no_defect,train
data/splits_metal/yolo_train/severstal_4dc8b9c03.jpg,scratch,train
data/splits_metal/yolo_train/severstal_c1f1011b0.jpg,patch,train
data/splits_metal/ae_train/severstal_9e676691b.jpg,no_defect,train
data/splits_metal/yolo_train/severstal_cdb6b6c23.jpg,patch,train
data/splits_metal/yolo_val/severstal_276111a31.jpg,scratch,train
data/splits_metal/yolo_train/severstal_700de40a7.jpg,scratch,train
data/splits_metal/yolo_train/severstal_7c95cddba.jpg,scratch,train
data/splits_metal/yolo_train/severstal_47cf3a13c.jpg,pitting,train
data/splits_metal/ae_train/severstal_0bf383153.jpg,no_defect,train
data/splits_metal/yolo_train/severstal_d18bec611.jpg,scratch,train
data/splits_metal/yolo_val/severstal_3e70d064f.jpg,scratch,train
data/splits_metal/yolo_train/severstal_8bdf6cee5.jpg,scratch,train
data/splits_metal/yolo_val/severstal_a51bf62f7.jpg,scratch,train
data/splits_metal/yolo_train/severstal_428586f79.jpg,pitting,train
data/splits_metal/ae_train/severstal_318ad28c6.jpg,no_defect,train
data/splits_metal/ae_train/severstal_17158eff6.jpg,no_defect,train
data/splits_metal/ae_train/severstal_e4ffb90cb.jpg,no_defect,train
data/splits_metal/yolo_train/severstal_b845ef149.jpg,scratch,train
data/splits_metal/ae_train/severstal_2aec7fe3a.jpg,no_defect,train
data/splits_metal/yolo_val/severstal_e03dd6e96.jpg,scratch,train
data/splits_metal/yolo_train/severstal_f69caf7dd.jpg,scratch,train
data/splits_metal/yolo_val/severstal_b72d341bf.jpg,scratch,train
data/splits_metal/yolo_train/severstal_6320ec8c6.jpg,scratch,train
data/splits_metal/ae_train/severstal_165908e42.jpg,no_defect,train
data/splits_metal/ae_train/severstal_998a49fb9.jpg,no_defect,train
data/splits_metal/ae_train/severstal_02709b038.jpg,no_defect,train
data/splits_metal/ae_train/severstal_37b33eda3.jpg,no_defect,train
data/splits_metal/yolo_train/severstal_01661826d.jpg,pitting,train
data/splits_metal/yolo_val/severstal_6b7b04599.jpg,scratch,train
data/splits_metal/yolo_train/severstal_621c5bfe5.jpg,patch,train
data/splits_metal/ae_train/severstal_be59e708c.jpg,no_defect,train
data/splits_metal/ae_train/severstal_e1811b98f.jpg,no_defect,train
data/splits_metal/ae_train/severstal_12dc92cfd.jpg,no_defect,train
data/splits_metal/yolo_train/severstal_24ae96cd5.jpg,patch,train
data/splits_metal/ae_train/severstal_63ad80e46.jpg,no_defect,train
data/splits_metal/ae_train/severstal_3fa9e021e.jpg,no_defect,train
data/splits_metal/yolo_train/severstal_c9a42a79e.jpg,scratch,train
data/splits_metal/yolo_train/severstal_b3139b9a1.jpg,scratch,train
data/splits_metal/yolo_train/severstal_2b8fcb5b7.jpg,scratch,train
data/splits_metal/yolo_train/severstal_6cbc3708d.jpg,scratch,train
data/splits_metal/yolo_train/severstal_6588cf973.jpg,scratch,train
data/splits_metal/yolo_train/severstal_a2c0731d2.jpg,scratch,train
data/splits_metal/ae_train/severstal_45059bf5b.jpg,no_defect,train
data/splits_metal/ae_train/severstal_a1570342b.jpg,no_defect,train
data/splits_metal/yolo_train/severstal_f539d7bea.jpg,scratch,train
data/splits_metal/ae_train/severstal_990ea8c3f.jpg,no_defect,train
data/splits_metal/yolo_train/severstal_17c821b3f.jpg,pitting,train
data/splits_metal/yolo_train/severstal_183383e8d.jpg,scratch,train
data/splits_metal/yolo_train/severstal_c33296732.jpg,scratch,train
data/splits_metal/ae_train/severstal_ed7b0a225.jpg,no_defect,train
data/splits_metal/ae_train/severstal_a72dbed7c.jpg,no_defect,train
data/splits_metal/ae_train/severstal_5d046cb01.jpg,no_defect,train
data/splits_metal/ae_train/severstal_4aac09cdc.jpg,no_defect,train
data/splits_metal/ae_train/severstal_f62aedad6.jpg,no_defect,train
data/splits_metal/ae_train/severstal_ed466b4df.jpg,no_defect,train
data/splits_metal/yolo_val/severstal_850058ea8.jpg,scratch,train
data/splits_metal/yolo_train/severstal_a4dff615e.jpg,scratch,train
data/splits_metal/ae_train/severstal_f8e2dbdf4.jpg,no_defect,train
data/splits_metal/yolo_val/severstal_fb18f4f82.jpg,scratch,train
data/splits_metal/ae_train/severstal_2d36c0d07.jpg,no_defect,train
data/splits_metal/ae_train/severstal_628986ff3.jpg,no_defect,train
data/splits_metal/yolo_train/severstal_c38f307dd.jpg,scratch,train
data/splits_metal/yolo_val/severstal_49fa7d0fa.jpg,patch,train
data/splits_metal/yolo_train/severstal_e86b2f3e2.jpg,inclusion,train
data/splits_metal/ae_train/severstal_b722f7475.jpg,no_defect,train
data/splits_metal/ae_train/severstal_361f8df46.jpg,no_defect,train
data/splits_metal/ae_train/severstal_542499e15.jpg,no_defect,train
data/splits_metal/yolo_train/severstal_78045cb2f.jpg,scratch,train
data/splits_metal/yolo_val/severstal_dcebef38e.jpg,pitting,train
data/splits_metal/ae_train/severstal_6978ec041.jpg,no_defect,train
data/splits_metal/ae_train/severstal_952ae1377.jpg,no_defect,train
data/splits_metal/yolo_train/severstal_5c7a09dc0.jpg,scratch,train
data/splits_metal/ae_train/severstal_de3feffe8.jpg,no_defect,train
data/splits_metal/ae_train/severstal_b5ab2fdda.jpg,no_defect,train
data/splits_metal/ae_train/severstal_73896c8ad.jpg,no_defect,train
data/splits_metal/yolo_train/severstal_fbf282a60.jpg,scratch,train
data/splits_metal/ae_train/severstal_f4a852272.jpg,no_defect,train
data/splits_metal/yolo_train/severstal_6e6b79dc4.jpg,patch,train
data/splits_metal/ae_train/severstal_cbd13f6da.jpg,no_defect,train
data/splits_metal/ae_train/severstal_8529860ac.jpg,no_defect,train
data/splits_metal/ae_train/severstal_10c5015a2.jpg,no_defect,train
data/splits_metal/yolo_train/severstal_b379c8f14.jpg,scratch,train
data/splits_metal/ae_train/severstal_9b296e015.jpg,no_defect,train
data/splits_metal/yolo_train/severstal_534dacff6.jpg,scratch,train
data/splits_metal/yolo_train/severstal_af4cdefaa.jpg,scratch,train
data/splits_metal/yolo_train/severstal_55136d7f3.jpg,scratch,train
data/splits_metal/yolo_val/severstal_edb3ff5b5.jpg,scratch,train
data/splits_metal/yolo_train/severstal_6b36665ef.jpg,scratch,train
data/splits_metal/yolo_train/severstal_c38e52b4a.jpg,scratch,train
data/splits_metal/ae_train/severstal_385f291af.jpg,no_defect,train
data/splits_metal/yolo_val/severstal_005d86c25.jpg,scratch,train
data/splits_metal/ae_train/severstal_5b4d883bf.jpg,no_defect,train
data/splits_metal/ae_train/severstal_bfbdc381c.jpg,no_defect,train
data/splits_metal/yolo_train/severstal_76b119e36.jpg,scratch,train
data/splits_metal/yolo_train/severstal_7f4bbb940.jpg,pitting,train
data/splits_metal/ae_train/severstal_50874143a.jpg,no_defect,train
data/splits_metal/yolo_train/severstal_b6fc52f4e.jpg,scratch,train
data/splits_metal/yolo_train/severstal_cf06584db.jpg,pitting,train
data/splits_metal/yolo_val/severstal_e3143c8d2.jpg,scratch,train
data/splits_metal/ae_train/severstal_b7cd8e6f3.jpg,no_defect,train
data/splits_metal/ae_train/severstal_a6984e46c.jpg,no_defect,train
data/splits_metal/ae_train/severstal_105c65107.jpg,no_defect,train
data/splits_metal/yolo_train/severstal_de37ca856.jpg,scratch,train
data/splits_metal/ae_train/severstal_89c28225d.jpg,no_defect,train
data/splits_metal/ae_train/severstal_47f7d89cc.jpg,no_defect,train
data/splits_metal/ae_train/severstal_1f3092136.jpg,no_defect,train
data/splits_metal/ae_train/severstal_ad7ee3637.jpg,no_defect,train
data/splits_metal/yolo_train/severstal_b2461e55e.jpg,scratch,train
data/splits_metal/yolo_train/severstal_6149dc4ee.jpg,scratch,train
data/splits_metal/yolo_train/severstal_a2cb5be8f.jpg,scratch,train
data/splits_metal/yolo_train/severstal_22a825813.jpg,inclusion,train
data/splits_metal/yolo_train/severstal_784b81af8.jpg,scratch,train
data/splits_metal/yolo_train/severstal_fcddbcbc0.jpg,pitting,train
data/splits_metal/ae_train/severstal_656af14a7.jpg,no_defect,train
data/splits_metal/ae_train/severstal_0a34e73df.jpg,no_defect,train
data/splits_metal/yolo_val/severstal_49aba8b85.jpg,pitting,train
data/splits_metal/yolo_train/severstal_a7e675896.jpg,pitting,train
data/splits_metal/yolo_train/severstal_5a46b4407.jpg,scratch,train
data/splits_metal/yolo_train/severstal_80cb85650.jpg,scratch,train
data/splits_metal/yolo_train/severstal_5da78dca1.jpg,scratch,train
data/splits_metal/yolo_train/severstal_db1c5b4f7.jpg,pitting,train
data/splits_metal/ae_train/severstal_93c5acf9d.jpg,no_defect,train
data/splits_metal/yolo_train/severstal_bab5271b6.jpg,pitting,train
data/splits_metal/yolo_train/severstal_792266a85.jpg,scratch,train
data/splits_metal/yolo_train/severstal_8b4b4d618.jpg,scratch,train
data/splits_metal/yolo_train/severstal_82e32c810.jpg,scratch,train
data/splits_metal/yolo_train/severstal_afd3f856d.jpg,scratch,train
data/splits_metal/yolo_train/severstal_99bc6c5c2.jpg,scratch,train
data/splits_metal/yolo_train/severstal_708b5813f.jpg,scratch,train
data/splits_metal/yolo_train/severstal_78be7465f.jpg,patch,train
data/splits_metal/yolo_train/severstal_0e0377ffa.jpg,scratch,train
data/splits_metal/yolo_train/severstal_ffcf72ecf.jpg,scratch,train
data/splits_metal/yolo_train/severstal_f26a1060f.jpg,pitting,train
data/splits_metal/yolo_train/severstal_5ad537934.jpg,scratch,train
data/splits_metal/yolo_val/severstal_5013e5c9d.jpg,scratch,train
data/splits_metal/yolo_val/severstal_6a9ff4b0c.jpg,inclusion,train
data/splits_metal/yolo_val/severstal_ad6506c7b.jpg,scratch,train
data/splits_metal/ae_train/severstal_4b7967ef9.jpg,no_defect,train
data/splits_metal/ae_train/severstal_ec87938ad.jpg,no_defect,train
data/splits_metal/ae_train/severstal_4155f56f9.jpg,no_defect,train
data/splits_metal/yolo_train/severstal_910540b7d.jpg,scratch,train
data/splits_metal/ae_train/severstal_1279bdb2d.jpg,no_defect,train
data/splits_metal/yolo_val/severstal_967802d76.jpg,scratch,train
data/splits_metal/ae_train/severstal_e92a31190.jpg,no_defect,train
data/splits_metal/yolo_train/severstal_34349ea9e.jpg,patch,train
data/splits_metal/yolo_train/severstal_7e0e39e4c.jpg,scratch,train
data/splits_metal/ae_train/severstal_a5f3540e9.jpg,no_defect,train
data/splits_metal/yolo_train/severstal_38f7b097e.jpg,scratch,train
data/splits_metal/ae_train/severstal_a2bde42d4.jpg,no_defect,train
data/splits_metal/ae_train/severstal_5ec3f0420.jpg,no_defect,train
data/splits_metal/ae_train/severstal_548bc91f8.jpg,no_defect,train
data/splits_metal/yolo_train/severstal_dbe2d92ec.jpg,scratch,train
data/splits_metal/ae_train/severstal_0f79fd2f8.jpg,no_defect,train
data/splits_metal/yolo_val/severstal_8d84eea51.jpg,scratch,train
data/splits_metal/yolo_train/severstal_f67e682da.jpg,scratch,train
data/splits_metal/yolo_train/severstal_ba0e69f45.jpg,inclusion,train
data/splits_metal/ae_train/severstal_c2d90ffc6.jpg,no_defect,train
data/splits_metal/ae_train/severstal_a7a9a1648.jpg,no_defect,train
data/splits_metal/ae_train/severstal_a3eab84cd.jpg,no_defect,train
data/splits_metal/yolo_train/severstal_2276b004c.jpg,scratch,train
data/splits_metal/ae_train/severstal_36778d414.jpg,no_defect,train
data/splits_metal/ae_train/severstal_037887e11.jpg,no_defect,train
data/splits_metal/yolo_train/severstal_f0fdd6b7f.jpg,scratch,train
data/splits_metal/ae_train/severstal_9fdcc3ff0.jpg,no_defect,train
data/splits_metal/yolo_train/severstal_f53e75337.jpg,pitting,train
data/splits_metal/yolo_train/severstal_89ef83ab7.jpg,patch,train
data/splits_metal/ae_train/severstal_9417bd5b3.jpg,no_defect,train
data/splits_metal/yolo_train/severstal_1d66a6fb4.jpg,scratch,train
data/splits_metal/yolo_train/severstal_6753759e0.jpg,scratch,train
data/splits_metal/yolo_train/severstal_e47ea998e.jpg,scratch,train
data/splits_metal/ae_train/severstal_7bcd7a3c4.jpg,no_defect,train
data/splits_metal/ae_train/severstal_8a68175fc.jpg,no_defect,train
data/splits_metal/yolo_train/severstal_5b1e3d933.jpg,scratch,train
data/splits_metal/ae_train/severstal_622851fbe.jpg,no_defect,train
data/splits_metal/yolo_val/severstal_c0dee2521.jpg,scratch,train
data/splits_metal/ae_train/severstal_070037b64.jpg,no_defect,train
data/splits_metal/ae_train/severstal_6796e2c3f.jpg,no_defect,train
data/splits_metal/yolo_train/severstal_afbab41f0.jpg,scratch,train
data/splits_metal/yolo_val/severstal_f79f9f617.jpg,scratch,train
data/splits_metal/yolo_train/severstal_6985a34e0.jpg,pitting,train
data/splits_metal/yolo_train/severstal_58f11e1cb.jpg,scratch,train
data/splits_metal/yolo_val/severstal_c924ce298.jpg,patch,train
data/splits_metal/ae_train/severstal_16f619f33.jpg,no_defect,train
data/splits_metal/yolo_train/severstal_2fbdc1244.jpg,scratch,train
data/splits_metal/ae_train/severstal_cc12d964f.jpg,no_defect,train
data/splits_metal/yolo_train/severstal_a5006914c.jpg,scratch,train
data/splits_metal/yolo_train/severstal_f2ad0871c.jpg,scratch,train
data/splits_metal/ae_train/severstal_64fd46742.jpg,no_defect,train
data/splits_metal/yolo_train/severstal_e9ccb6f17.jpg,scratch,train
data/splits_metal/yolo_train/severstal_fdc83849e.jpg,scratch,train
data/splits_metal/ae_train/severstal_38fc3c6f5.jpg,no_defect,train
data/splits_metal/yolo_train/severstal_ccd0ad960.jpg,scratch,train
data/splits_metal/yolo_train/severstal_e473f2647.jpg,scratch,train
data/splits_metal/yolo_train/severstal_3a773f5e3.jpg,scratch,train
data/splits_metal/ae_train/severstal_0d1b42754.jpg,no_defect,train
data/splits_metal/ae_train/severstal_3926a44c9.jpg,no_defect,train
data/splits_metal/ae_train/severstal_00c24a74c.jpg,no_defect,train
data/splits_metal/ae_train/severstal_5e6815274.jpg,no_defect,train
data/splits_metal/ae_train/severstal_8eec15551.jpg,no_defect,train
data/splits_metal/yolo_train/severstal_057b89dd5.jpg,scratch,train
data/splits_metal/ae_train/severstal_710867c2f.jpg,no_defect,train
data/splits_metal/yolo_train/severstal_a5a0e4b19.jpg,scratch,train
data/splits_metal/yolo_val/severstal_166645a0b.jpg,scratch,train
data/splits_metal/ae_train/severstal_57461a858.jpg,no_defect,train
data/splits_metal/yolo_train/severstal_d3b2a00de.jpg,patch,train
data/splits_metal/ae_train/severstal_f2b20ecf8.jpg,no_defect,train
data/splits_metal/ae_train/severstal_f503725aa.jpg,no_defect,train
data/splits_metal/yolo_train/severstal_079054aa2.jpg,scratch,train
data/splits_metal/yolo_train/severstal_50fb57a6c.jpg,scratch,train
data/splits_metal/yolo_train/severstal_6430ea237.jpg,pitting,train
data/splits_metal/ae_train/severstal_f4743bc1c.jpg,no_defect,train
data/splits_metal/yolo_train/severstal_d26ead1d8.jpg,pitting,train
data/splits_metal/yolo_train/severstal_4eea878dd.jpg,scratch,train
data/splits_metal/ae_train/severstal_3e150b43f.jpg,no_defect,train
data/splits_metal/ae_train/severstal_ada45f479.jpg,no_defect,train
data/splits_metal/yolo_train/severstal_c5b08d4e3.jpg,patch,train
data/splits_metal/yolo_train/severstal_d84ad849e.jpg,pitting,train
data/splits_metal/yolo_train/severstal_28d523b58.jpg,pitting,train
data/splits_metal/ae_train/severstal_7ee5a339e.jpg,no_defect,train
data/splits_metal/ae_train/severstal_9bf9dcf53.jpg,no_defect,train
data/splits_metal/yolo_train/severstal_fa241dde2.jpg,patch,train
data/splits_metal/yolo_train/severstal_ea28bb97c.jpg,scratch,train
data/splits_metal/ae_train/severstal_d28e2e457.jpg,no_defect,train
data/splits_metal/ae_train/severstal_8cd4a4a89.jpg,no_defect,train
data/splits_metal/yolo_val/severstal_fd7b70c7b.jpg,scratch,train
data/splits_metal/yolo_train/severstal_ef8c8a263.jpg,scratch,train
data/splits_metal/yolo_train/severstal_e7b061629.jpg,scratch,train
data/splits_metal/yolo_train/severstal_dabbc106c.jpg,patch,train
data/splits_metal/yolo_train/severstal_47454aedd.jpg,scratch,train
data/splits_metal/ae_train/severstal_ed8edd8a1.jpg,no_defect,train
data/splits_metal/yolo_train/severstal_f8d0b85ef.jpg,patch,train
data/splits_metal/yolo_train/severstal_a223350f7.jpg,patch,train
data/splits_metal/yolo_train/severstal_1f9f97b80.jpg,scratch,train
data/splits_metal/yolo_train/severstal_1b6743f6e.jpg,scratch,train
data/splits_metal/yolo_train/severstal_fd26ab9ad.jpg,scratch,train
data/splits_metal/yolo_train/severstal_97dbd1162.jpg,scratch,train
data/splits_metal/ae_train/severstal_1c29bf20f.jpg,no_defect,train
data/splits_metal/yolo_train/severstal_98f108423.jpg,scratch,train
data/splits_metal/yolo_train/severstal_e72dc1d19.jpg,scratch,train
data/splits_metal/yolo_val/severstal_4c7ff2056.jpg,scratch,train
data/splits_metal/ae_train/severstal_663abe741.jpg,no_defect,train
data/splits_metal/yolo_train/severstal_0934b8bff.jpg,pitting,train
data/splits_metal/ae_train/severstal_cbb495392.jpg,no_defect,train
data/splits_metal/yolo_train/severstal_624b76e5c.jpg,pitting,train
data/splits_metal/ae_train/severstal_a240cf0d3.jpg,no_defect,train
data/splits_metal/ae_train/severstal_86947490c.jpg,no_defect,train
data/splits_metal/yolo_train/severstal_398bf3c20.jpg,scratch,train
data/splits_metal/yolo_train/severstal_400144782.jpg,scratch,train
data/splits_metal/ae_train/severstal_3ae9dc676.jpg,no_defect,train
data/splits_metal/ae_train/severstal_405f55b63.jpg,no_defect,train
data/splits_metal/ae_train/severstal_e72232b05.jpg,no_defect,train
data/splits_metal/ae_train/severstal_903a4f9e6.jpg,no_defect,train
data/splits_metal/ae_train/severstal_1ec0bfd19.jpg,no_defect,train
data/splits_metal/yolo_train/severstal_fe2637bd9.jpg,pitting,train
data/splits_metal/yolo_train/severstal_76a390db7.jpg,scratch,train
data/splits_metal/ae_train/severstal_d2e68511e.jpg,no_defect,train
data/splits_metal/yolo_train/severstal_fa80cdac8.jpg,scratch,train
data/splits_metal/ae_train/severstal_1fd758653.jpg,no_defect,train
data/splits_metal/yolo_val/severstal_008d0f87b.jpg,scratch,train
data/splits_metal/yolo_train/severstal_e58764ee5.jpg,scratch,train
data/splits_metal/yolo_val/severstal_9d22ddbf2.jpg,scratch,train
data/splits_metal/ae_train/severstal_b482a5d55.jpg,no_defect,train
data/splits_metal/ae_train/severstal_9f88a11c0.jpg,no_defect,train
data/splits_metal/ae_train/severstal_93a72a8b6.jpg,no_defect,train
data/splits_metal/yolo_train/severstal_6745075b9.jpg,scratch,train
data/splits_metal/ae_train/severstal_2d5e1b155.jpg,no_defect,train
data/splits_metal/ae_train/severstal_12939a330.jpg,no_defect,train
data/splits_metal/yolo_train/severstal_6aaead7bb.jpg,scratch,train
data/splits_metal/yolo_train/severstal_cbbe86379.jpg,pitting,train
data/splits_metal/yolo_train/severstal_b64f0985f.jpg,scratch,train
data/splits_metal/ae_train/severstal_df8db80e1.jpg,no_defect,train
data/splits_metal/ae_train/severstal_5578b3c7d.jpg,no_defect,train
data/splits_metal/yolo_val/severstal_1d0861206.jpg,pitting,train
data/splits_metal/yolo_train/severstal_01919944c.jpg,scratch,train
data/splits_metal/yolo_train/severstal_ce0b7102f.jpg,pitting,train
data/splits_metal/yolo_val/severstal_bd01b8daf.jpg,scratch,train
data/splits_metal/yolo_train/severstal_39c094b3d.jpg,scratch,train
data/splits_metal/yolo_train/severstal_daacde94c.jpg,scratch,train
data/splits_metal/yolo_train/severstal_7b5dbe34d.jpg,scratch,train
data/splits_metal/yolo_val/severstal_d32f48999.jpg,scratch,train
data/splits_metal/ae_train/severstal_8b591e353.jpg,no_defect,train
data/splits_metal/yolo_train/severstal_f67811762.jpg,scratch,train
data/splits_metal/ae_train/severstal_4e15a5ea4.jpg,no_defect,train
data/splits_metal/ae_train/severstal_561b64ee7.jpg,no_defect,train
data/splits_metal/yolo_train/severstal_744e852d6.jpg,patch,train
data/splits_metal/ae_train/severstal_34ed22913.jpg,no_defect,train
data/splits_metal/ae_train/severstal_187220bde.jpg,no_defect,train
data/splits_metal/ae_train/severstal_2b29157fe.jpg,no_defect,train
data/splits_metal/ae_train/severstal_a3110d7db.jpg,no_defect,train
data/splits_metal/ae_train/severstal_930a3dc72.jpg,no_defect,train
data/splits_metal/yolo_train/severstal_cc73c4765.jpg,scratch,train
data/splits_metal/yolo_train/severstal_f0dc068a8.jpg,scratch,train
data/splits_metal/yolo_train/severstal_d65ad4cfa.jpg,pitting,train
data/splits_metal/yolo_val/severstal_f6565a40a.jpg,scratch,train
data/splits_metal/ae_train/severstal_10f1276ce.jpg,no_defect,train
data/splits_metal/yolo_train/severstal_33705a505.jpg,scratch,train
data/splits_metal/ae_train/severstal_45f3d518d.jpg,no_defect,train
data/splits_metal/ae_train/severstal_12e0fb251.jpg,no_defect,train
data/splits_metal/yolo_train/severstal_1e01ad32d.jpg,patch,train
data/splits_metal/yolo_val/severstal_068587112.jpg,scratch,train
data/splits_metal/ae_train/severstal_1aecf21ad.jpg,no_defect,train
data/splits_metal/ae_train/severstal_478dc217a.jpg,no_defect,train
data/splits_metal/ae_train/severstal_5983e88bd.jpg,no_defect,train
data/splits_metal/ae_train/severstal_184eb988e.jpg,no_defect,train
data/splits_metal/ae_train/severstal_6505eb32e.jpg,no_defect,train
data/splits_metal/yolo_val/severstal_fbb44ab31.jpg,scratch,train
data/splits_metal/yolo_train/severstal_5e1f34810.jpg,scratch,train
data/splits_metal/yolo_train/severstal_194cce1be.jpg,pitting,train
data/splits_metal/yolo_train/severstal_c9215fb7a.jpg,scratch,train
data/splits_metal/yolo_train/severstal_9bf40dacc.jpg,scratch,train
data/splits_metal/ae_train/severstal_88683b031.jpg,no_defect,train
data/splits_metal/yolo_train/severstal_4b5490a9f.jpg,pitting,train
data/splits_metal/yolo_train/severstal_6d6537ae4.jpg,scratch,train
data/splits_metal/ae_train/severstal_770431e9a.jpg,no_defect,train
data/splits_metal/ae_train/severstal_038c9fdad.jpg,no_defect,train
data/splits_metal/yolo_train/severstal_523fee62c.jpg,scratch,train
data/splits_metal/yolo_train/severstal_b5d9dfe6d.jpg,scratch,train
data/splits_metal/ae_train/severstal_26a99fc0b.jpg,no_defect,train
data/splits_metal/ae_train/severstal_d963739c3.jpg,no_defect,train
data/splits_metal/ae_train/severstal_c9b12b9d3.jpg,no_defect,train
data/splits_metal/ae_train/severstal_ded434019.jpg,no_defect,train
data/splits_metal/ae_train/severstal_e9cff204e.jpg,no_defect,train
data/splits_metal/yolo_train/severstal_1df9eefe5.jpg,inclusion,train
data/splits_metal/yolo_train/severstal_d35fb7129.jpg,pitting,train
data/splits_metal/ae_train/severstal_69e5aff01.jpg,no_defect,train
data/splits_metal/ae_train/severstal_739cf8127.jpg,no_defect,train
data/splits_metal/ae_train/severstal_f357575a6.jpg,no_defect,train
data/splits_metal/yolo_train/severstal_0ee20797b.jpg,scratch,train
data/splits_metal/yolo_train/severstal_f0a08a10c.jpg,scratch,train
data/splits_metal/ae_train/severstal_034e64ff3.jpg,no_defect,train
data/splits_metal/yolo_train/severstal_c7d002c29.jpg,scratch,train
data/splits_metal/yolo_train/severstal_5994c3b58.jpg,pitting,train
data/splits_metal/ae_train/severstal_f597d415e.jpg,no_defect,train
data/splits_metal/yolo_val/severstal_ea2ebb194.jpg,scratch,train
data/splits_metal/ae_train/severstal_f5018f891.jpg,no_defect,train
data/splits_metal/yolo_train/severstal_9753787e9.jpg,patch,train
data/splits_metal/ae_train/severstal_0794e9e24.jpg,no_defect,train
data/splits_metal/ae_train/severstal_7b75f7008.jpg,no_defect,train
data/splits_metal/yolo_train/severstal_c8de313f6.jpg,scratch,train
data/splits_metal/yolo_val/severstal_84a3347e4.jpg,scratch,train
data/splits_metal/ae_train/severstal_01e69cfc3.jpg,no_defect,train
data/splits_metal/yolo_train/severstal_328c0fc75.jpg,scratch,train
data/splits_metal/yolo_train/severstal_c2b446019.jpg,scratch,train
data/splits_metal/yolo_train/severstal_ee9a247ad.jpg,scratch,train
data/splits_metal/ae_train/severstal_38a8d41da.jpg,no_defect,train
data/splits_metal/ae_train/severstal_578fc1bb8.jpg,no_defect,train
data/splits_metal/yolo_train/severstal_6b86a9593.jpg,inclusion,train
data/splits_metal/ae_train/severstal_8e30601c8.jpg,no_defect,train
data/splits_metal/ae_train/severstal_db9a3c664.jpg,no_defect,train
data/splits_metal/yolo_train/severstal_bfaa6cae6.jpg,patch,train
data/splits_metal/yolo_val/severstal_303f25bee.jpg,patch,train
data/splits_metal/yolo_train/severstal_75361926d.jpg,patch,train
data/splits_metal/ae_train/severstal_981943659.jpg,no_defect,train
data/splits_metal/ae_train/severstal_cebdada28.jpg,no_defect,train
data/splits_metal/ae_train/severstal_194f48184.jpg,no_defect,train
data/splits_metal/yolo_val/severstal_8f8104c9c.jpg,patch,train
data/splits_metal/yolo_train/severstal_4e7ba4854.jpg,scratch,train
data/splits_metal/yolo_train/severstal_2507ce3e3.jpg,scratch,train
data/splits_metal/ae_train/severstal_4593a29c9.jpg,no_defect,train
data/splits_metal/yolo_train/severstal_763871334.jpg,scratch,train
data/splits_metal/ae_train/severstal_4e8ead4b3.jpg,no_defect,train
data/splits_metal/ae_train/severstal_486274941.jpg,no_defect,train
data/splits_metal/yolo_train/severstal_9150a0950.jpg,scratch,train
data/splits_metal/yolo_train/severstal_a9e2530ed.jpg,scratch,train
data/splits_metal/yolo_train/severstal_f5d8b0c31.jpg,scratch,train
data/splits_metal/yolo_train/severstal_13ca110ae.jpg,pitting,train
data/splits_metal/yolo_train/severstal_e9e04715b.jpg,patch,train
data/splits_metal/yolo_train/severstal_33754aa9b.jpg,scratch,train
data/splits_metal/ae_train/severstal_52f9e7a9c.jpg,no_defect,train
data/splits_metal/yolo_train/severstal_b9517e2e2.jpg,scratch,train
data/splits_metal/ae_train/severstal_16585993c.jpg,no_defect,train
data/splits_metal/ae_train/severstal_bb6f86b58.jpg,no_defect,train
data/splits_metal/yolo_train/severstal_42d2a363d.jpg,pitting,train
data/splits_metal/ae_train/severstal_ba6e09636.jpg,no_defect,train
data/splits_metal/ae_train/severstal_4d8fac53d.jpg,no_defect,train
data/splits_metal/yolo_train/severstal_9c1c7f69c.jpg,scratch,train
data/splits_metal/ae_train/severstal_fc1e573df.jpg,no_defect,train
data/splits_metal/yolo_train/severstal_ce71311e1.jpg,scratch,train
data/splits_metal/yolo_train/severstal_ab1293c8f.jpg,scratch,train
data/splits_metal/ae_train/severstal_bd3e08bae.jpg,no_defect,train
data/splits_metal/yolo_train/severstal_3328c4bf9.jpg,scratch,train
data/splits_metal/yolo_train/severstal_b8be43898.jpg,scratch,train
data/splits_metal/ae_train/severstal_298329e69.jpg,no_defect,train
data/splits_metal/ae_train/severstal_b1ba60ced.jpg,no_defect,train
data/splits_metal/yolo_train/severstal_e131b10b3.jpg,scratch,train
data/splits_metal/ae_train/severstal_dd2f53d43.jpg,no_defect,train
data/splits_metal/yolo_train/severstal_26272c2a7.jpg,patch,train
data/splits_metal/ae_train/severstal_3683f2409.jpg,no_defect,train
data/splits_metal/ae_train/severstal_2c9060446.jpg,no_defect,train
data/splits_metal/ae_train/severstal_3b2c27c87.jpg,no_defect,train
data/splits_metal/yolo_val/severstal_7c6e58a02.jpg,scratch,train
data/splits_metal/yolo_train/severstal_e89c99064.jpg,scratch,train
data/splits_metal/yolo_train/severstal_156a74a49.jpg,inclusion,train
data/splits_metal/yolo_val/severstal_03faf7462.jpg,scratch,train
data/splits_metal/yolo_val/severstal_9d57d9095.jpg,scratch,train
data/splits_metal/yolo_train/severstal_9ca4a3d92.jpg,scratch,train
data/splits_metal/yolo_val/severstal_d1023fa39.jpg,scratch,train
data/splits_metal/yolo_train/severstal_d1ed49385.jpg,scratch,train
data/splits_metal/yolo_train/severstal_a33b2c662.jpg,patch,train
data/splits_metal/yolo_train/severstal_3ca2ba71b.jpg,patch,train
data/splits_metal/ae_train/severstal_2c2fa2f81.jpg,no_defect,train
data/splits_metal/ae_train/severstal_df501d7c9.jpg,no_defect,train
data/splits_metal/yolo_train/severstal_0739e9688.jpg,scratch,train
data/splits_metal/ae_train/severstal_625c1af1f.jpg,no_defect,train
data/splits_metal/yolo_train/severstal_78a084ce4.jpg,scratch,train
data/splits_metal/yolo_val/severstal_13c9921d2.jpg,scratch,train
data/splits_metal/yolo_train/severstal_ac0bec1fa.jpg,scratch,train
data/splits_metal/yolo_train/severstal_4a5beea32.jpg,scratch,train
data/splits_metal/ae_train/severstal_ded190c2b.jpg,no_defect,train
data/splits_metal/ae_train/severstal_5649454b6.jpg,no_defect,train
data/splits_metal/ae_train/severstal_0d3a308d6.jpg,no_defect,train
data/splits_metal/ae_train/severstal_ddc1ce35c.jpg,no_defect,train
data/splits_metal/yolo_train/severstal_bfc738650.jpg,patch,train
data/splits_metal/yolo_train/severstal_bc0a90164.jpg,patch,train
data/splits_metal/ae_train/severstal_c1b52c5f9.jpg,no_defect,train
data/splits_metal/ae_train/severstal_411da8f3b.jpg,no_defect,train
data/splits_metal/yolo_train/severstal_5227eaed2.jpg,scratch,train
data/splits_metal/yolo_val/severstal_b568146ec.jpg,scratch,train
data/splits_metal/yolo_val/severstal_f3c9fefb0.jpg,scratch,train
data/splits_metal/yolo_train/severstal_2dc3dd0a6.jpg,pitting,train
data/splits_metal/yolo_val/severstal_1717ef156.jpg,scratch,train
data/splits_metal/ae_train/severstal_57258d636.jpg,no_defect,train
data/splits_metal/ae_train/severstal_366248602.jpg,no_defect,train
data/splits_metal/yolo_train/severstal_07c8c77a3.jpg,scratch,train
data/splits_metal/yolo_train/severstal_1086196e1.jpg,scratch,train
data/splits_metal/ae_train/severstal_2c456d7e8.jpg,no_defect,train
data/splits_metal/ae_train/severstal_de3037e2a.jpg,no_defect,train
data/splits_metal/yolo_val/severstal_7404322b0.jpg,scratch,train
data/splits_metal/yolo_train/severstal_849d70baf.jpg,scratch,train
data/splits_metal/ae_train/severstal_e34486a68.jpg,no_defect,train
data/splits_metal/ae_train/severstal_44a9fd510.jpg,no_defect,train
data/splits_metal/yolo_train/severstal_67ffa0fc7.jpg,scratch,train
data/splits_metal/ae_train/severstal_fec666a05.jpg,no_defect,train
data/splits_metal/yolo_train/severstal_afb854388.jpg,scratch,train
data/splits_metal/yolo_train/severstal_1574cc730.jpg,scratch,train
data/splits_metal/yolo_train/severstal_f9d912044.jpg,scratch,train
data/splits_metal/yolo_train/severstal_1ee38e570.jpg,scratch,train
data/splits_metal/ae_train/severstal_90b8b3e82.jpg,no_defect,train
data/splits_metal/ae_train/severstal_d068f2cd9.jpg,no_defect,train
data/splits_metal/yolo_train/severstal_82bee96b8.jpg,patch,train
data/splits_metal/ae_train/severstal_e2793bad2.jpg,no_defect,train
data/splits_metal/ae_train/severstal_8c26ebe1f.jpg,no_defect,train
data/splits_metal/yolo_train/severstal_169bb9923.jpg,scratch,train
data/splits_metal/yolo_train/severstal_9c4c38dab.jpg,scratch,train
data/splits_metal/ae_train/severstal_9664c1477.jpg,no_defect,train
data/splits_metal/yolo_train/severstal_a8de477f0.jpg,scratch,train
data/splits_metal/ae_train/severstal_c4042c9f4.jpg,no_defect,train
data/splits_metal/ae_train/severstal_d8907a2aa.jpg,no_defect,train
data/splits_metal/ae_train/severstal_8f6f43755.jpg,no_defect,train
data/splits_metal/ae_train/severstal_5cd50ed32.jpg,no_defect,train
data/splits_metal/yolo_train/severstal_43fcd5c0b.jpg,scratch,train
data/splits_metal/yolo_train/severstal_56918910e.jpg,scratch,train
data/splits_metal/yolo_val/severstal_0d617d477.jpg,scratch,train
data/splits_metal/ae_train/severstal_fe6065792.jpg,no_defect,train
data/splits_metal/ae_train/severstal_be2442d87.jpg,no_defect,train
data/splits_metal/yolo_train/severstal_036c4e5d2.jpg,pitting,train
data/splits_metal/ae_train/severstal_1434e44e5.jpg,no_defect,train
data/splits_metal/yolo_train/severstal_fb6666769.jpg,scratch,train
data/splits_metal/ae_train/severstal_c2a4d7a03.jpg,no_defect,train
data/splits_metal/yolo_train/severstal_17f9f952a.jpg,pitting,train
data/splits_metal/ae_train/severstal_fff0295e1.jpg,no_defect,train
data/splits_metal/ae_train/severstal_774a5df0a.jpg,no_defect,train
data/splits_metal/yolo_val/severstal_5b1e974a2.jpg,scratch,train
data/splits_metal/ae_train/severstal_15ca7ce7c.jpg,no_defect,train
data/splits_metal/yolo_train/severstal_ac7e898e6.jpg,scratch,train
data/splits_metal/yolo_train/severstal_37acd89d2.jpg,scratch,train
data/splits_metal/ae_train/severstal_e00ad65a3.jpg,no_defect,train
data/splits_metal/ae_train/severstal_de1ca5185.jpg,no_defect,train
data/splits_metal/ae_train/severstal_351077c4c.jpg,no_defect,train
data/splits_metal/yolo_val/severstal_4f9b3eee7.jpg,scratch,train
data/splits_metal/ae_train/severstal_13e1de19b.jpg,no_defect,train
data/splits_metal/yolo_train/severstal_f46e63337.jpg,scratch,train
data/splits_metal/yolo_train/severstal_f99b7c8aa.jpg,scratch,train
data/splits_metal/yolo_train/severstal_3da8dae0b.jpg,scratch,train
data/splits_metal/yolo_train/severstal_45ba100f4.jpg,scratch,train
data/splits_metal/yolo_val/severstal_f482c3553.jpg,pitting,train
data/splits_metal/yolo_train/severstal_f2a7da76d.jpg,pitting,train
data/splits_metal/yolo_train/severstal_8ebd4074a.jpg,scratch,train
data/splits_metal/yolo_train/severstal_c63388081.jpg,patch,train
data/splits_metal/yolo_val/severstal_90b51d4f7.jpg,scratch,train
data/splits_metal/yolo_train/severstal_8355a5249.jpg,scratch,train
data/splits_metal/yolo_train/severstal_8e431ebe0.jpg,scratch,train
data/splits_metal/ae_train/severstal_c2514d9c0.jpg,no_defect,train
data/splits_metal/ae_train/severstal_9a5f7a855.jpg,no_defect,train
data/splits_metal/yolo_train/severstal_93febc91d.jpg,scratch,train
data/splits_metal/ae_train/severstal_bb646995d.jpg,no_defect,train
data/splits_metal/yolo_train/severstal_b12fc900b.jpg,scratch,train
data/splits_metal/yolo_train/severstal_b44cfa5ba.jpg,scratch,train
data/splits_metal/yolo_train/severstal_ce58cf8e1.jpg,scratch,train
data/splits_metal/ae_train/severstal_15a15f4c4.jpg,no_defect,train
data/splits_metal/yolo_train/severstal_dc636ab48.jpg,inclusion,train
data/splits_metal/ae_train/severstal_c71cc5004.jpg,no_defect,train
data/splits_metal/ae_train/severstal_d3034da7a.jpg,no_defect,train
data/splits_metal/ae_train/severstal_778f81d4a.jpg,no_defect,train
data/splits_metal/yolo_train/severstal_277b133dc.jpg,scratch,train
data/splits_metal/ae_train/severstal_e06ffc6cb.jpg,no_defect,train
data/splits_metal/yolo_train/severstal_1fcecb643.jpg,scratch,train
data/splits_metal/ae_train/severstal_a050e9412.jpg,no_defect,train
data/splits_metal/yolo_train/severstal_8aaf235ef.jpg,patch,train
data/splits_metal/yolo_train/severstal_976b8a242.jpg,scratch,train
data/splits_metal/yolo_train/severstal_2f8559032.jpg,patch,train
data/splits_metal/yolo_train/severstal_8016e642c.jpg,scratch,train
data/splits_metal/ae_train/severstal_d85d973bd.jpg,no_defect,train
data/splits_metal/yolo_train/severstal_5bbd809c4.jpg,scratch,train
data/splits_metal/ae_train/severstal_55341cd4e.jpg,no_defect,train
data/splits_metal/ae_train/severstal_1f249ed4c.jpg,no_defect,train
data/splits_metal/yolo_train/severstal_1849f8952.jpg,patch,train
data/splits_metal/yolo_val/severstal_7ee4ba925.jpg,scratch,train
data/splits_metal/ae_train/severstal_62b6e4d5d.jpg,no_defect,train
data/splits_metal/yolo_train/severstal_f4c5a6321.jpg,scratch,train
data/splits_metal/yolo_train/severstal_290e00273.jpg,patch,train
data/splits_metal/ae_train/severstal_6c218639f.jpg,no_defect,train
data/splits_metal/ae_train/severstal_cb4f01ce6.jpg,no_defect,train
data/splits_metal/ae_train/severstal_83eb528df.jpg,no_defect,train
data/splits_metal/yolo_val/severstal_3af904b99.jpg,scratch,train
data/splits_metal/ae_train/severstal_08cb2b899.jpg,no_defect,train
data/splits_metal/yolo_train/severstal_3c4cc1168.jpg,scratch,train
data/splits_metal/ae_train/severstal_c92192495.jpg,no_defect,train
data/splits_metal/ae_train/severstal_10dd730be.jpg,no_defect,train
data/splits_metal/ae_train/severstal_6dfc0dc98.jpg,no_defect,train
data/splits_metal/ae_train/severstal_5e5cce297.jpg,no_defect,train
data/splits_metal/ae_train/severstal_4f5d3e79d.jpg,no_defect,train
data/splits_metal/ae_train/severstal_4232b6b9a.jpg,no_defect,train
data/splits_metal/ae_train/severstal_e899be178.jpg,no_defect,train
data/splits_metal/ae_train/severstal_f26715715.jpg,no_defect,train
data/splits_metal/ae_train/severstal_be53ca411.jpg,no_defect,train
data/splits_metal/yolo_train/severstal_2bc3b7fce.jpg,scratch,train
data/splits_metal/ae_train/severstal_591f6444c.jpg,no_defect,train
data/splits_metal/ae_train/severstal_b712be0ba.jpg,no_defect,train
data/splits_metal/yolo_val/severstal_ea5c8ec19.jpg,scratch,train
data/splits_metal/yolo_val/severstal_64c16a1c2.jpg,scratch,train
data/splits_metal/ae_train/severstal_e65e78f68.jpg,no_defect,train
data/splits_metal/yolo_train/severstal_9c9ea5f57.jpg,scratch,train
data/splits_metal/yolo_train/severstal_55c30f544.jpg,scratch,train
data/splits_metal/yolo_train/severstal_60a5ee89e.jpg,scratch,train
data/splits_metal/ae_train/severstal_402ed4424.jpg,no_defect,train
data/splits_metal/ae_train/severstal_ea3af526f.jpg,no_defect,train
data/splits_metal/yolo_train/severstal_2decb23b0.jpg,scratch,train
data/splits_metal/yolo_train/severstal_f06fbd0e7.jpg,scratch,train
data/splits_metal/ae_train/severstal_26c4b5697.jpg,no_defect,train
data/splits_metal/ae_train/severstal_afffc67b7.jpg,no_defect,train
data/splits_metal/ae_train/severstal_0debf180d.jpg,no_defect,train
data/splits_metal/yolo_val/severstal_896f524b3.jpg,scratch,train
data/splits_metal/yolo_train/severstal_3d5066f6d.jpg,patch,train
data/splits_metal/ae_train/severstal_70db1a34b.jpg,no_defect,train
data/splits_metal/yolo_train/severstal_59b20349b.jpg,scratch,train
data/splits_metal/ae_train/severstal_7024daf09.jpg,no_defect,train
data/splits_metal/yolo_train/severstal_7dc8d94dc.jpg,scratch,train
data/splits_metal/yolo_train/severstal_756e03bd3.jpg,pitting,train
data/splits_metal/yolo_val/severstal_196d65e42.jpg,scratch,train
data/splits_metal/ae_train/severstal_824ad197d.jpg,no_defect,train
data/splits_metal/yolo_train/severstal_3fd678c06.jpg,scratch,train
data/splits_metal/yolo_train/severstal_7efadd1c6.jpg,scratch,train
data/splits_metal/yolo_train/severstal_419dc2472.jpg,scratch,train
data/splits_metal/yolo_val/severstal_d58a16a93.jpg,scratch,train
data/splits_metal/ae_train/severstal_597f1e2a5.jpg,no_defect,train
data/splits_metal/ae_train/severstal_3ef6709c7.jpg,no_defect,train
data/splits_metal/ae_train/severstal_33cc4c0df.jpg,no_defect,train
data/splits_metal/yolo_train/severstal_fa6567637.jpg,patch,train
data/splits_metal/yolo_train/severstal_3a4f825e7.jpg,scratch,train
data/splits_metal/ae_train/severstal_4962b3544.jpg,no_defect,train
data/splits_metal/ae_train/severstal_865286d6d.jpg,no_defect,train
data/splits_metal/yolo_train/severstal_cfe40128c.jpg,scratch,train
data/splits_metal/yolo_val/severstal_2a374ceaa.jpg,scratch,train
data/splits_metal/yolo_train/severstal_4dbadaa3e.jpg,scratch,train
data/splits_metal/yolo_train/severstal_097e28492.jpg,scratch,train
data/splits_metal/yolo_val/severstal_7c27b239d.jpg,scratch,train
data/splits_metal/yolo_train/severstal_dc4c76517.jpg,scratch,train
data/splits_metal/yolo_val/severstal_9846785ee.jpg,scratch,train
data/splits_metal/yolo_train/severstal_060964105.jpg,inclusion,train
data/splits_metal/ae_train/severstal_959c91306.jpg,no_defect,train
data/splits_metal/ae_train/severstal_ca3372f43.jpg,no_defect,train
data/splits_metal/ae_train/severstal_cbd81d5c5.jpg,no_defect,train
data/splits_metal/yolo_val/severstal_649822bd7.jpg,scratch,train
data/splits_metal/ae_train/severstal_9cf46dde4.jpg,no_defect,train
data/splits_metal/yolo_train/severstal_f37af29b7.jpg,scratch,train
data/splits_metal/yolo_train/severstal_dd8af6471.jpg,scratch,train
data/splits_metal/yolo_train/severstal_b949db636.jpg,scratch,train
data/splits_metal/ae_train/severstal_4613c44fe.jpg,no_defect,train
data/splits_metal/yolo_train/severstal_c579d8413.jpg,scratch,train
data/splits_metal/yolo_train/severstal_c49d3da1b.jpg,patch,train
data/splits_metal/ae_train/severstal_9c707885a.jpg,no_defect,train
data/splits_metal/ae_train/severstal_592e75073.jpg,no_defect,train
data/splits_metal/ae_train/severstal_39280f44b.jpg,no_defect,train
data/splits_metal/yolo_train/severstal_f383950e8.jpg,patch,train
data/splits_metal/yolo_train/severstal_0d224e852.jpg,scratch,train
data/splits_metal/yolo_train/severstal_9737361a7.jpg,patch,train
data/splits_metal/yolo_train/severstal_28adb8aeb.jpg,pitting,train
data/splits_metal/ae_train/severstal_1fdd142e9.jpg,no_defect,train
data/splits_metal/ae_train/severstal_9c5884cdd.jpg,no_defect,train
data/splits_metal/ae_train/severstal_4ce4fc0ef.jpg,no_defect,train
data/splits_metal/yolo_val/severstal_1e4cf3b70.jpg,scratch,train
data/splits_metal/yolo_train/severstal_795907727.jpg,scratch,train
data/splits_metal/yolo_val/severstal_132e8ca58.jpg,scratch,train
data/splits_metal/yolo_train/severstal_06eb2151d.jpg,scratch,train
data/splits_metal/ae_train/severstal_45f29ca63.jpg,no_defect,train
data/splits_metal/yolo_train/severstal_d5b2ba152.jpg,scratch,train
data/splits_metal/yolo_val/severstal_ba3fd31de.jpg,scratch,train
data/splits_metal/yolo_train/severstal_40aae2e57.jpg,scratch,train
data/splits_metal/ae_train/severstal_40fae5d9e.jpg,no_defect,train
data/splits_metal/yolo_train/severstal_2c8d08d8d.jpg,scratch,train
data/splits_metal/yolo_val/severstal_82f6ab6aa.jpg,pitting,train
data/splits_metal/yolo_train/severstal_bc72a7548.jpg,scratch,train
data/splits_metal/yolo_train/severstal_1d5eeb9bd.jpg,scratch,train
data/splits_metal/yolo_train/severstal_088a6bb94.jpg,scratch,train
data/splits_metal/ae_train/severstal_98605cc93.jpg,no_defect,train
data/splits_metal/ae_train/severstal_4281f5d71.jpg,no_defect,train
data/splits_metal/yolo_train/severstal_ac4ba5c1a.jpg,scratch,train
data/splits_metal/ae_train/severstal_629f417ee.jpg,no_defect,train
data/splits_metal/yolo_train/severstal_ff96dfa95.jpg,scratch,train
data/splits_metal/yolo_val/severstal_e2d7cf5a9.jpg,patch,train
data/splits_metal/yolo_train/severstal_262db4b7e.jpg,pitting,train
data/splits_metal/yolo_train/severstal_e851fc03a.jpg,pitting,train
data/splits_metal/ae_train/severstal_42c24518d.jpg,no_defect,train
data/splits_metal/yolo_train/severstal_af828b126.jpg,scratch,train
data/splits_metal/ae_train/severstal_64b0f37d7.jpg,no_defect,train
data/splits_metal/ae_train/severstal_3eff5782b.jpg,no_defect,train
data/splits_metal/yolo_train/severstal_a316898ca.jpg,pitting,train
data/splits_metal/ae_train/severstal_dd154baf9.jpg,no_defect,train
data/splits_metal/ae_train/severstal_a259c1a4d.jpg,no_defect,train
data/splits_metal/yolo_train/severstal_ae2c96c4e.jpg,scratch,train
data/splits_metal/yolo_train/severstal_12627251e.jpg,scratch,train
data/splits_metal/ae_train/severstal_99f9d2375.jpg,no_defect,train
data/splits_metal/ae_train/severstal_d25a9387d.jpg,no_defect,train
data/splits_metal/ae_train/severstal_4a00eaee7.jpg,no_defect,train
data/splits_metal/yolo_train/severstal_8c9286f4e.jpg,patch,train
data/splits_metal/ae_train/severstal_74f3e3145.jpg,no_defect,train
data/splits_metal/ae_train/severstal_cd914e3f8.jpg,no_defect,train
data/splits_metal/ae_train/severstal_6eaa0613b.jpg,no_defect,train
data/splits_metal/yolo_train/severstal_1ff3214db.jpg,scratch,train
data/splits_metal/yolo_train/severstal_a826d9481.jpg,scratch,train
data/splits_metal/yolo_train/severstal_ed22af554.jpg,scratch,train
data/splits_metal/yolo_train/severstal_16a1cf5b9.jpg,scratch,train
data/splits_metal/yolo_train/severstal_587e151b2.jpg,scratch,train
data/splits_metal/yolo_train/severstal_121d3818a.jpg,scratch,train
data/splits_metal/yolo_train/severstal_a886bfcfc.jpg,pitting,train
data/splits_metal/ae_train/severstal_bc29db83a.jpg,no_defect,train
data/splits_metal/yolo_train/severstal_2f81193e3.jpg,scratch,train
data/splits_metal/ae_train/severstal_2b49fe17d.jpg,no_defect,train
data/splits_metal/yolo_val/severstal_0adc17f1d.jpg,patch,train
data/splits_metal/yolo_train/severstal_e4911993d.jpg,scratch,train
data/splits_metal/yolo_train/severstal_6e6f1adb8.jpg,scratch,train
data/splits_metal/yolo_train/severstal_6d3f92952.jpg,scratch,train
data/splits_metal/ae_train/severstal_a7f29f0b3.jpg,no_defect,train
data/splits_metal/ae_train/severstal_4959ec2e7.jpg,no_defect,train
data/splits_metal/ae_train/severstal_6da09ded5.jpg,no_defect,train
data/splits_metal/ae_train/severstal_89a7db911.jpg,no_defect,train
data/splits_metal/yolo_train/severstal_de1983d54.jpg,scratch,train
data/splits_metal/yolo_train/severstal_26c156283.jpg,pitting,train
data/splits_metal/yolo_train/severstal_3a7d9b5c1.jpg,inclusion,train
data/splits_metal/yolo_train/severstal_3932751f1.jpg,patch,train
data/splits_metal/yolo_train/severstal_24fce7ae0.jpg,scratch,train
data/splits_metal/yolo_train/severstal_6ce9bf7f7.jpg,scratch,train
data/splits_metal/ae_train/severstal_bdf3ca236.jpg,no_defect,train
data/splits_metal/yolo_train/severstal_f5e981623.jpg,scratch,train
data/splits_metal/ae_train/severstal_7db3010d1.jpg,no_defect,train
data/splits_metal/yolo_train/severstal_4ee32c458.jpg,scratch,train
data/splits_metal/ae_train/severstal_1dae4f59b.jpg,no_defect,train
data/splits_metal/yolo_train/severstal_e6f8789d6.jpg,scratch,train
data/splits_metal/ae_train/severstal_879faadd1.jpg,no_defect,train
data/splits_metal/ae_train/severstal_f6a144845.jpg,no_defect,train
data/splits_metal/ae_train/severstal_729ff5766.jpg,no_defect,train
data/splits_metal/ae_train/severstal_9519a2ec8.jpg,no_defect,train
data/splits_metal/yolo_train/severstal_428ebe246.jpg,scratch,train
data/splits_metal/ae_train/severstal_ae691a007.jpg,no_defect,train
data/splits_metal/ae_train/severstal_ac6d3cefd.jpg,no_defect,train
data/splits_metal/yolo_train/severstal_816a3d605.jpg,scratch,train
data/splits_metal/ae_train/severstal_aa1c7c9cd.jpg,no_defect,train
data/splits_metal/yolo_train/severstal_dff14f87b.jpg,patch,train
data/splits_metal/ae_train/severstal_4c3e41efe.jpg,no_defect,train
data/splits_metal/yolo_train/severstal_acd295ec3.jpg,scratch,train
data/splits_metal/ae_train/severstal_c1e29d626.jpg,no_defect,train
data/splits_metal/ae_train/severstal_f1691b37f.jpg,no_defect,train
data/splits_metal/ae_train/severstal_a3fc0bdd6.jpg,no_defect,train
data/splits_metal/yolo_train/severstal_6aa1495af.jpg,scratch,train
data/splits_metal/yolo_train/severstal_80d241bc5.jpg,pitting,train
data/splits_metal/yolo_train/severstal_bc67d17de.jpg,scratch,train
data/splits_metal/ae_train/severstal_77dcba76f.jpg,no_defect,train
data/splits_metal/ae_train/severstal_1453b2506.jpg,no_defect,train
data/splits_metal/ae_train/severstal_0bac0ef65.jpg,no_defect,train
data/splits_metal/yolo_train/severstal_0f0c71c3e.jpg,scratch,train
data/splits_metal/yolo_train/severstal_9fab4894b.jpg,scratch,train
data/splits_metal/yolo_train/severstal_a53891ed0.jpg,pitting,train
data/splits_metal/ae_train/severstal_e097b9586.jpg,no_defect,train
data/splits_metal/yolo_train/severstal_c45da738a.jpg,scratch,train
data/splits_metal/ae_train/severstal_f675eb92e.jpg,no_defect,train
data/splits_metal/ae_train/severstal_610a6d546.jpg,no_defect,train
data/splits_metal/ae_train/severstal_5aadb38a5.jpg,no_defect,train
data/splits_metal/ae_train/severstal_2b5d93909.jpg,no_defect,train
data/splits_metal/yolo_train/severstal_af5c06a20.jpg,pitting,train
data/splits_metal/yolo_train/severstal_47111332b.jpg,scratch,train
data/splits_metal/yolo_train/severstal_8c64a3681.jpg,scratch,train
data/splits_metal/ae_train/severstal_ee37864ff.jpg,no_defect,train
data/splits_metal/ae_train/severstal_9b7f10d4b.jpg,no_defect,train
data/splits_metal/yolo_train/severstal_c8216657a.jpg,scratch,train
data/splits_metal/ae_train/severstal_303f1cb4c.jpg,no_defect,train
data/splits_metal/yolo_train/severstal_c9f73af1b.jpg,scratch,train
data/splits_metal/ae_train/severstal_fa4fe42af.jpg,no_defect,train
data/splits_metal/ae_train/severstal_bb78033f6.jpg,no_defect,train
data/splits_metal/ae_train/severstal_7045dfb19.jpg,no_defect,train
data/splits_metal/ae_train/severstal_bdc5e666b.jpg,no_defect,train
data/splits_metal/yolo_val/severstal_6ff8d1e9c.jpg,scratch,train
data/splits_metal/yolo_train/severstal_bbafbaab3.jpg,scratch,train
data/splits_metal/yolo_train/severstal_385f6dc61.jpg,scratch,train
data/splits_metal/ae_train/severstal_901b85944.jpg,no_defect,train
data/splits_metal/ae_train/severstal_0a5a82b86.jpg,no_defect,train
data/splits_metal/ae_train/severstal_346542b68.jpg,no_defect,train
data/splits_metal/yolo_train/severstal_786980ab9.jpg,scratch,train
data/splits_metal/ae_train/severstal_b04ebe834.jpg,no_defect,train
data/splits_metal/yolo_train/severstal_8540353ea.jpg,scratch,train
data/splits_metal/yolo_train/severstal_489bc785a.jpg,scratch,train
data/splits_metal/yolo_train/severstal_ae4555b5b.jpg,patch,train
data/splits_metal/yolo_train/severstal_f5ee0e95a.jpg,scratch,train
data/splits_metal/yolo_val/severstal_d2945fc9f.jpg,patch,train
data/splits_metal/yolo_train/severstal_735d9afc3.jpg,scratch,train
data/splits_metal/yolo_train/severstal_0e106d482.jpg,inclusion,train
data/splits_metal/ae_train/severstal_1f663a670.jpg,no_defect,train
data/splits_metal/ae_train/severstal_04a5d5763.jpg,no_defect,train
data/splits_metal/yolo_train/severstal_b3920826e.jpg,scratch,train
data/splits_metal/yolo_train/severstal_0c21c4b46.jpg,scratch,train
data/splits_metal/ae_train/severstal_e430d4f76.jpg,no_defect,train
data/splits_metal/ae_train/severstal_19f3fd5f9.jpg,no_defect,train
data/splits_metal/ae_train/severstal_8507771d9.jpg,no_defect,train
data/splits_metal/yolo_train/severstal_adf93f9bf.jpg,scratch,train
data/splits_metal/yolo_train/severstal_87ebb9d4f.jpg,scratch,train
data/splits_metal/yolo_val/severstal_7a2908c51.jpg,scratch,train
data/splits_metal/ae_train/severstal_61f1a5464.jpg,no_defect,train
data/splits_metal/ae_train/severstal_8b1fd00ed.jpg,no_defect,train
data/splits_metal/ae_train/severstal_1cf5ea893.jpg,no_defect,train
data/splits_metal/ae_train/severstal_52a357188.jpg,no_defect,train
data/splits_metal/ae_train/severstal_7c75958df.jpg,no_defect,train
data/splits_metal/ae_train/severstal_164ed8257.jpg,no_defect,train
data/splits_metal/yolo_val/severstal_6b173c7cd.jpg,pitting,train
data/splits_metal/yolo_train/severstal_7626234a2.jpg,scratch,train
data/splits_metal/yolo_train/severstal_a6980dd61.jpg,scratch,train
data/splits_metal/yolo_val/severstal_e7eebb438.jpg,pitting,train
data/splits_metal/ae_train/severstal_b93a72d17.jpg,no_defect,train
data/splits_metal/ae_train/severstal_0a122ef42.jpg,no_defect,train
data/splits_metal/yolo_train/severstal_0095cd374.jpg,scratch,train
data/splits_metal/yolo_train/severstal_d11f3fd35.jpg,scratch,train
data/splits_metal/yolo_train/severstal_9c1b65eb2.jpg,scratch,train
data/splits_metal/ae_train/severstal_4421ca253.jpg,no_defect,train
data/splits_metal/yolo_train/severstal_0bee4edeb.jpg,scratch,train
data/splits_metal/yolo_val/severstal_241cd2982.jpg,scratch,train
data/splits_metal/ae_train/severstal_ed60642e0.jpg,no_defect,train
data/splits_metal/yolo_train/severstal_8f82d86db.jpg,pitting,train
data/splits_metal/ae_train/severstal_7e427f34b.jpg,no_defect,train
data/splits_metal/yolo_train/severstal_627b98bc7.jpg,scratch,train
data/splits_metal/yolo_train/severstal_cd64c39a7.jpg,pitting,train
data/splits_metal/yolo_train/severstal_db4867ee8.jpg,pitting,train
data/splits_metal/ae_train/severstal_63066e3a7.jpg,no_defect,train
data/splits_metal/ae_train/severstal_672af20b5.jpg,no_defect,train
data/splits_metal/yolo_train/severstal_6a248797a.jpg,pitting,train
data/splits_metal/yolo_train/severstal_9efbf2ac6.jpg,scratch,train
data/splits_metal/ae_train/severstal_65e2c4248.jpg,no_defect,train
data/splits_metal/ae_train/severstal_a3513946d.jpg,no_defect,train
data/splits_metal/ae_train/severstal_0c4c73167.jpg,no_defect,train
data/splits_metal/ae_train/severstal_e74522431.jpg,no_defect,train
data/splits_metal/ae_train/severstal_dd4364aa4.jpg,no_defect,train
data/splits_metal/ae_train/severstal_96e0e97b8.jpg,no_defect,train
data/splits_metal/ae_train/severstal_35c9a3bfc.jpg,no_defect,train
data/splits_metal/yolo_val/severstal_c30efa47d.jpg,scratch,train
data/splits_metal/yolo_train/severstal_b69aaf096.jpg,scratch,train
data/splits_metal/ae_train/severstal_a8a543129.jpg,no_defect,train
data/splits_metal/ae_train/severstal_082ad405c.jpg,no_defect,train
data/splits_metal/ae_train/severstal_8d5ca7f3a.jpg,no_defect,train
data/splits_metal/yolo_train/severstal_2c24736d5.jpg,scratch,train
data/splits_metal/yolo_train/severstal_bec64003f.jpg,scratch,train
data/splits_metal/yolo_train/severstal_1d7f05244.jpg,scratch,train
data/splits_metal/ae_train/severstal_4729288ed.jpg,no_defect,train
data/splits_metal/yolo_train/severstal_fb208afce.jpg,scratch,train
data/splits_metal/yolo_train/severstal_1524a6e4f.jpg,scratch,train
data/splits_metal/yolo_train/severstal_da8ace073.jpg,scratch,train
data/splits_metal/ae_train/severstal_766303a03.jpg,no_defect,train
data/splits_metal/ae_train/severstal_1aa7e1c47.jpg,no_defect,train
data/splits_metal/yolo_val/severstal_b3d88bde6.jpg,scratch,train
data/splits_metal/ae_train/severstal_3622e19a4.jpg,no_defect,train
data/splits_metal/ae_train/severstal_29c9d8e14.jpg,no_defect,train
data/splits_metal/yolo_train/severstal_875d01c22.jpg,scratch,train
data/splits_metal/yolo_train/severstal_6becce2bf.jpg,scratch,train
data/splits_metal/yolo_train/severstal_51c35e519.jpg,scratch,train
data/splits_metal/ae_train/severstal_4bbf28a86.jpg,no_defect,train
data/splits_metal/yolo_val/severstal_933675d91.jpg,inclusion,train
data/splits_metal/yolo_train/severstal_ff6bfada2.jpg,patch,train
data/splits_metal/ae_train/severstal_6160e3483.jpg,no_defect,train
data/splits_metal/ae_train/severstal_713df9d95.jpg,no_defect,train
data/splits_metal/yolo_train/severstal_0aa4399a4.jpg,scratch,train
data/splits_metal/yolo_val/severstal_64b571a9a.jpg,scratch,train
data/splits_metal/yolo_train/severstal_8b4bb1228.jpg,patch,train
data/splits_metal/ae_train/severstal_d8e11064e.jpg,no_defect,train
data/splits_metal/ae_train/severstal_46355008b.jpg,no_defect,train
data/splits_metal/yolo_val/severstal_d9ce68f4f.jpg,scratch,train
data/splits_metal/ae_train/severstal_d96bf6404.jpg,no_defect,train
data/splits_metal/yolo_train/severstal_ebffb5d31.jpg,scratch,train
data/splits_metal/yolo_val/severstal_59f0c09bb.jpg,patch,train
data/splits_metal/yolo_val/severstal_f44229f4b.jpg,scratch,train
data/splits_metal/ae_train/severstal_ab94695e2.jpg,no_defect,train
data/splits_metal/ae_train/severstal_5228ec6b5.jpg,no_defect,train
data/splits_metal/ae_train/severstal_96d2d702d.jpg,no_defect,train
data/splits_metal/yolo_val/severstal_3f92145f5.jpg,scratch,train
data/splits_metal/ae_train/severstal_0d26bb9b3.jpg,no_defect,train
data/splits_metal/yolo_train/severstal_094fd70ea.jpg,scratch,train
data/splits_metal/yolo_train/severstal_6f490117c.jpg,scratch,train
data/splits_metal/ae_train/severstal_a8f9c8c03.jpg,no_defect,train
data/splits_metal/yolo_train/severstal_a0155346d.jpg,scratch,train
data/splits_metal/ae_train/severstal_5d126dc5a.jpg,no_defect,train
data/splits_metal/ae_train/severstal_aae9a3452.jpg,no_defect,train
data/splits_metal/ae_train/severstal_b309c82de.jpg,no_defect,train
data/splits_metal/ae_train/severstal_d0f88f6d2.jpg,no_defect,train
data/splits_metal/ae_train/severstal_cba8dc603.jpg,no_defect,train
data/splits_metal/yolo_train/severstal_a8146bce3.jpg,scratch,train
data/splits_metal/ae_train/severstal_362513350.jpg,no_defect,train
data/splits_metal/ae_train/severstal_2be7b0fb4.jpg,no_defect,train
data/splits_metal/yolo_train/severstal_846788254.jpg,pitting,train
data/splits_metal/yolo_train/severstal_7eacbdb66.jpg,scratch,train
data/splits_metal/yolo_train/severstal_11bf761dc.jpg,scratch,train
data/splits_metal/ae_train/severstal_9fb6cec57.jpg,no_defect,train
data/splits_metal/ae_train/severstal_d452dff24.jpg,no_defect,train
data/splits_metal/yolo_val/severstal_ae6b5adc2.jpg,scratch,train
data/splits_metal/ae_train/severstal_81effb9b8.jpg,no_defect,train
data/splits_metal/ae_train/severstal_219cd030a.jpg,no_defect,train
data/splits_metal/ae_train/severstal_76355b7ed.jpg,no_defect,train
data/splits_metal/ae_train/severstal_77670e4c6.jpg,no_defect,train
data/splits_metal/yolo_val/severstal_d70e75dca.jpg,pitting,train
data/splits_metal/yolo_val/severstal_a135808ff.jpg,scratch,train
data/splits_metal/yolo_train/severstal_0986996f0.jpg,scratch,train
data/splits_metal/yolo_train/severstal_5238bc100.jpg,inclusion,train
data/splits_metal/ae_train/severstal_5facf38ab.jpg,no_defect,train
data/splits_metal/yolo_train/severstal_1699951da.jpg,pitting,train
data/splits_metal/yolo_val/severstal_eb7ec1f85.jpg,scratch,train
data/splits_metal/ae_train/severstal_c2956fc84.jpg,no_defect,train
data/splits_metal/ae_train/severstal_effb2ffd3.jpg,no_defect,train
data/splits_metal/ae_train/severstal_60bed88a7.jpg,no_defect,train
data/splits_metal/yolo_train/severstal_cd7d4933e.jpg,patch,train
data/splits_metal/ae_train/severstal_ec4b5010d.jpg,no_defect,train
data/splits_metal/ae_train/severstal_40a915a4b.jpg,no_defect,train
data/splits_metal/yolo_train/severstal_94caf2212.jpg,scratch,train
data/splits_metal/ae_train/severstal_3e7d00bf4.jpg,no_defect,train
data/splits_metal/yolo_train/severstal_6b7e04658.jpg,scratch,train
data/splits_metal/yolo_val/severstal_bdd1c7fa8.jpg,scratch,train
data/splits_metal/ae_train/severstal_d66219b6a.jpg,no_defect,train
data/splits_metal/ae_train/severstal_f6ede545c.jpg,no_defect,train
data/splits_metal/ae_train/severstal_c43fb168b.jpg,no_defect,train
data/splits_metal/ae_train/severstal_295e39efa.jpg,no_defect,train
data/splits_metal/yolo_train/severstal_139b7e692.jpg,patch,train
data/splits_metal/ae_train/severstal_c48774b2c.jpg,no_defect,train
data/splits_metal/yolo_train/severstal_85adaa491.jpg,pitting,train
data/splits_metal/ae_train/severstal_1875c660c.jpg,no_defect,train
data/splits_metal/yolo_val/severstal_a81d409c6.jpg,scratch,train
data/splits_metal/yolo_train/severstal_ed8678cea.jpg,pitting,train
data/splits_metal/ae_train/severstal_e9d556855.jpg,no_defect,train
data/splits_metal/ae_train/severstal_28146d20d.jpg,no_defect,train
data/splits_metal/ae_train/severstal_a50c4eeba.jpg,no_defect,train
data/splits_metal/ae_train/severstal_3f4274dfc.jpg,no_defect,train
data/splits_metal/ae_train/severstal_475f45f13.jpg,no_defect,train
data/splits_metal/ae_train/severstal_c25e6b179.jpg,no_defect,train
data/splits_metal/yolo_train/severstal_50ac97479.jpg,scratch,train
data/splits_metal/yolo_train/severstal_bf5e1ed13.jpg,inclusion,train
data/splits_metal/ae_train/severstal_d5133ffca.jpg,no_defect,train
data/splits_metal/ae_train/severstal_6c06b7dc0.jpg,no_defect,train
data/splits_metal/ae_train/severstal_2c213b074.jpg,no_defect,train
data/splits_metal/ae_train/severstal_f83d95885.jpg,no_defect,train
data/splits_metal/yolo_val/severstal_9beece43e.jpg,pitting,train
data/splits_metal/yolo_train/severstal_f74f33985.jpg,scratch,train
data/splits_metal/yolo_train/severstal_d67f4b258.jpg,scratch,train
data/splits_metal/ae_train/severstal_db6f3871b.jpg,no_defect,train
data/splits_metal/yolo_train/severstal_a9cee6edb.jpg,scratch,train
data/splits_metal/yolo_val/severstal_08193cfc8.jpg,inclusion,train
data/splits_metal/yolo_train/severstal_206c8bb0c.jpg,inclusion,train
data/splits_metal/yolo_val/severstal_0534f1b45.jpg,scratch,train
data/splits_metal/ae_train/severstal_1901655b3.jpg,no_defect,train
data/splits_metal/ae_train/severstal_4a3d33d97.jpg,no_defect,train
data/splits_metal/yolo_train/severstal_3f3b0ba51.jpg,patch,train
data/splits_metal/yolo_train/severstal_f5b46c3c1.jpg,scratch,train
data/splits_metal/ae_train/severstal_f710ff0a1.jpg,no_defect,train
data/splits_metal/ae_train/severstal_a14c30405.jpg,no_defect,train
data/splits_metal/ae_train/severstal_481ddca2b.jpg,no_defect,train
data/splits_metal/yolo_train/severstal_12471d0d5.jpg,pitting,train
data/splits_metal/yolo_train/severstal_1e75373b2.jpg,pitting,train
data/splits_metal/ae_train/severstal_9d3bed2a3.jpg,no_defect,train
data/splits_metal/ae_train/severstal_155d2590e.jpg,no_defect,train
data/splits_metal/yolo_train/severstal_d1cea465b.jpg,pitting,train
data/splits_metal/yolo_val/severstal_b448498eb.jpg,inclusion,train
data/splits_metal/ae_train/severstal_1a750bfc8.jpg,no_defect,train
data/splits_metal/ae_train/severstal_bc4dd700c.jpg,no_defect,train
data/splits_metal/yolo_train/severstal_b29f4c4ed.jpg,scratch,train
data/splits_metal/yolo_train/severstal_aa8b6ebcf.jpg,scratch,train
data/splits_metal/yolo_train/severstal_caf1289d0.jpg,scratch,train
data/splits_metal/ae_train/severstal_070f0733c.jpg,no_defect,train
data/splits_metal/yolo_train/severstal_6812ce51c.jpg,scratch,train
data/splits_metal/yolo_train/severstal_09d87038e.jpg,scratch,train
data/splits_metal/yolo_train/severstal_b868c43ca.jpg,scratch,train
data/splits_metal/yolo_train/severstal_757aa3828.jpg,scratch,train
data/splits_metal/yolo_train/severstal_42353cc21.jpg,scratch,train
data/splits_metal/ae_train/severstal_6e598cb86.jpg,no_defect,train
data/splits_metal/yolo_train/severstal_616646b4d.jpg,scratch,train
data/splits_metal/yolo_train/severstal_6fcfab295.jpg,scratch,train
data/splits_metal/ae_train/severstal_3a33a149c.jpg,no_defect,train
data/splits_metal/yolo_train/severstal_963e616e0.jpg,scratch,train
data/splits_metal/yolo_train/severstal_d2670190d.jpg,scratch,train
data/splits_metal/ae_train/severstal_cd4a71d17.jpg,no_defect,train
data/splits_metal/ae_train/severstal_d6322390f.jpg,no_defect,train
data/splits_metal/yolo_train/severstal_68a2a6fa7.jpg,scratch,train
data/splits_metal/yolo_train/severstal_23e4a530a.jpg,inclusion,train
data/splits_metal/ae_train/severstal_aacd660b3.jpg,no_defect,train
data/splits_metal/ae_train/severstal_a42c54240.jpg,no_defect,train
data/splits_metal/yolo_train/severstal_2fcfb108a.jpg,patch,train
data/splits_metal/yolo_val/severstal_825a8ea8f.jpg,scratch,train
data/splits_metal/ae_train/severstal_1b2d85fa8.jpg,no_defect,train
data/splits_metal/yolo_train/severstal_bbea91022.jpg,scratch,train
data/splits_metal/yolo_train/severstal_d57873aaa.jpg,patch,train
data/splits_metal/ae_train/severstal_bbfd791f8.jpg,no_defect,train
data/splits_metal/yolo_train/severstal_75c6af69c.jpg,scratch,train
data/splits_metal/yolo_train/severstal_f4077b312.jpg,scratch,train
data/splits_metal/yolo_train/severstal_74048991c.jpg,scratch,train
data/splits_metal/yolo_train/severstal_fdb5ae9d4.jpg,scratch,train
data/splits_metal/ae_train/severstal_941d45a28.jpg,no_defect,train
data/splits_metal/yolo_train/severstal_037fca267.jpg,scratch,train
data/splits_metal/yolo_train/severstal_0db448eb7.jpg,scratch,train
data/splits_metal/yolo_train/severstal_75070e973.jpg,patch,train
data/splits_metal/yolo_train/severstal_f40bb2e24.jpg,scratch,train
data/splits_metal/yolo_train/severstal_3b3df8749.jpg,scratch,train
data/splits_metal/yolo_train/severstal_c2759d94e.jpg,pitting,train
data/splits_metal/yolo_train/severstal_d1cd969d5.jpg,scratch,train
data/splits_metal/yolo_train/severstal_7fd3d58a5.jpg,scratch,train
data/splits_metal/yolo_train/severstal_bacfd8fc8.jpg,scratch,train
data/splits_metal/yolo_train/severstal_eb4c89edf.jpg,scratch,train
data/splits_metal/ae_train/severstal_f046dc5fa.jpg,no_defect,train
data/splits_metal/ae_train/severstal_53b19bb9e.jpg,no_defect,train
data/splits_metal/ae_train/severstal_ed3942a81.jpg,no_defect,train
data/splits_metal/yolo_val/severstal_cbcd45716.jpg,scratch,train
data/splits_metal/ae_train/severstal_a0383c60d.jpg,no_defect,train
data/splits_metal/yolo_train/severstal_7827a1157.jpg,scratch,train
data/splits_metal/ae_train/severstal_2538237d0.jpg,no_defect,train
data/splits_metal/yolo_train/severstal_2b1d39d53.jpg,scratch,train
data/splits_metal/ae_train/severstal_6a318ff73.jpg,no_defect,train
data/splits_metal/yolo_train/severstal_db7670e3e.jpg,scratch,train
data/splits_metal/yolo_val/severstal_e0eefb4a2.jpg,patch,train
data/splits_metal/ae_train/severstal_c4ec74d18.jpg,no_defect,train
data/splits_metal/yolo_train/severstal_8c1fe4329.jpg,pitting,train
data/splits_metal/ae_train/severstal_2cf9289c4.jpg,no_defect,train
data/splits_metal/yolo_val/severstal_3eae81bc8.jpg,scratch,train
data/splits_metal/ae_train/severstal_fc921f66a.jpg,no_defect,train
data/splits_metal/ae_train/severstal_e4c674de4.jpg,no_defect,train
data/splits_metal/ae_train/severstal_f60cdbdcf.jpg,no_defect,train
data/splits_metal/yolo_train/severstal_4f89dd316.jpg,scratch,train
data/splits_metal/yolo_train/severstal_fc8cb11db.jpg,pitting,train
data/splits_metal/ae_train/severstal_881fb9f64.jpg,no_defect,train
data/splits_metal/ae_train/severstal_99eee45f5.jpg,no_defect,train
data/splits_metal/yolo_val/severstal_b483a0a1a.jpg,scratch,train
data/splits_metal/yolo_train/severstal_311f6c34f.jpg,scratch,train
data/splits_metal/yolo_train/severstal_7c83d2da1.jpg,patch,train
data/splits_metal/ae_train/severstal_5be411059.jpg,no_defect,train
data/splits_metal/ae_train/severstal_98876c103.jpg,no_defect,train
data/splits_metal/yolo_train/severstal_df70a7e07.jpg,pitting,train
data/splits_metal/ae_train/severstal_164df9af8.jpg,no_defect,train
data/splits_metal/yolo_train/severstal_4b1d2a283.jpg,scratch,train
data/splits_metal/ae_train/severstal_d439bb2ad.jpg,no_defect,train
data/splits_metal/ae_train/severstal_da515d6df.jpg,no_defect,train
data/splits_metal/yolo_train/severstal_07b627cb9.jpg,scratch,train
data/splits_metal/ae_train/severstal_07edcfc26.jpg,no_defect,train
data/splits_metal/yolo_train/severstal_fea3da755.jpg,scratch,train
data/splits_metal/yolo_train/severstal_9087518f1.jpg,patch,train
data/splits_metal/ae_train/severstal_10fd19005.jpg,no_defect,train
data/splits_metal/yolo_train/severstal_fbdde63d5.jpg,pitting,train
data/splits_metal/ae_train/severstal_20a1cd67a.jpg,no_defect,train
data/splits_metal/ae_train/severstal_001d3d093.jpg,no_defect,train
data/splits_metal/yolo_val/severstal_dccd32def.jpg,patch,train
data/splits_metal/yolo_train/severstal_9341d848d.jpg,scratch,train
data/splits_metal/yolo_train/severstal_61a0d669a.jpg,scratch,train
data/splits_metal/yolo_val/severstal_ced4439da.jpg,scratch,train
data/splits_metal/ae_train/severstal_fa0a430a6.jpg,no_defect,train
data/splits_metal/yolo_train/severstal_d5bdfa378.jpg,scratch,train
data/splits_metal/ae_train/severstal_d3478f166.jpg,no_defect,train
data/splits_metal/ae_train/severstal_ec80b6b6d.jpg,no_defect,train
data/splits_metal/yolo_train/severstal_9e2d7ad80.jpg,scratch,train
data/splits_metal/yolo_train/severstal_36a689ebf.jpg,scratch,train
data/splits_metal/yolo_train/severstal_6c1118c1b.jpg,scratch,train
data/splits_metal/yolo_val/severstal_4857d0687.jpg,scratch,train
data/splits_metal/yolo_train/severstal_18c141479.jpg,scratch,train
data/splits_metal/yolo_val/severstal_11192bc94.jpg,scratch,train
data/splits_metal/yolo_train/severstal_34561de46.jpg,scratch,train
data/splits_metal/yolo_train/severstal_4e5b28887.jpg,scratch,train
data/splits_metal/ae_train/severstal_9bf80f2fd.jpg,no_defect,train
data/splits_metal/yolo_val/severstal_6ccde604d.jpg,scratch,train
data/splits_metal/yolo_train/severstal_25e74a78a.jpg,scratch,train
data/splits_metal/ae_train/severstal_b08f17760.jpg,no_defect,train
data/splits_metal/ae_train/severstal_a3fe8d17b.jpg,no_defect,train
data/splits_metal/ae_train/severstal_6560f3c7e.jpg,no_defect,train
data/splits_metal/yolo_val/severstal_ffb48ee43.jpg,scratch,train
data/splits_metal/yolo_val/severstal_59a2887fd.jpg,scratch,train
data/splits_metal/yolo_val/severstal_766438a3b.jpg,scratch,train
data/splits_metal/ae_train/severstal_66e2fee14.jpg,no_defect,train
data/splits_metal/yolo_train/severstal_09757b84e.jpg,scratch,train
data/splits_metal/ae_train/severstal_af3414f93.jpg,no_defect,train
data/splits_metal/yolo_train/severstal_b3bf49ca1.jpg,scratch,train
data/splits_metal/ae_train/severstal_bdafa8bf2.jpg,no_defect,train
data/splits_metal/ae_train/severstal_baa040ac6.jpg,no_defect,train
data/splits_metal/yolo_train/severstal_0ae4f8a60.jpg,scratch,train
data/splits_metal/ae_train/severstal_e2cc5ba4f.jpg,no_defect,train
data/splits_metal/ae_train/severstal_62a4c01b4.jpg,no_defect,train
data/splits_metal/ae_train/severstal_5edcbfc69.jpg,no_defect,train
data/splits_metal/ae_train/severstal_d51288846.jpg,no_defect,train
data/splits_metal/ae_train/severstal_4bbbd8112.jpg,no_defect,train
data/splits_metal/yolo_val/severstal_c1422b149.jpg,scratch,train
data/splits_metal/ae_train/severstal_43f517e5c.jpg,no_defect,train
data/splits_metal/ae_train/severstal_2797387f0.jpg,no_defect,train
data/splits_metal/yolo_train/severstal_4e9055d9e.jpg,pitting,train
data/splits_metal/ae_train/severstal_385295005.jpg,no_defect,train
data/splits_metal/yolo_train/severstal_ab6530468.jpg,scratch,train
data/splits_metal/yolo_train/severstal_7fc8b1ce5.jpg,scratch,train
data/splits_metal/yolo_train/severstal_09e15218c.jpg,scratch,train
data/splits_metal/ae_train/severstal_3a98df6da.jpg,no_defect,train
data/splits_metal/yolo_train/severstal_d614b65db.jpg,scratch,train
data/splits_metal/ae_train/severstal_4d9bb7560.jpg,no_defect,train
data/splits_metal/yolo_train/severstal_342a65f7b.jpg,scratch,train
data/splits_metal/ae_train/severstal_cda956cd7.jpg,no_defect,train
data/splits_metal/ae_train/severstal_0dfc5aa21.jpg,no_defect,train
data/splits_metal/ae_train/severstal_446b81b06.jpg,no_defect,train
data/splits_metal/ae_train/severstal_d9285f64c.jpg,no_defect,train
data/splits_metal/yolo_train/severstal_b3f7ae992.jpg,scratch,train
data/splits_metal/ae_train/severstal_2fbe62c04.jpg,no_defect,train
data/splits_metal/ae_train/severstal_fc23f981b.jpg,no_defect,train
data/splits_metal/yolo_train/severstal_bf740c1e2.jpg,scratch,train
data/splits_metal/yolo_train/severstal_c543e902b.jpg,scratch,train
data/splits_metal/ae_train/severstal_1e4530fc7.jpg,no_defect,train
data/splits_metal/ae_train/severstal_6057309ad.jpg,no_defect,train
data/splits_metal/ae_train/severstal_bcbdbf3ac.jpg,no_defect,train
data/splits_metal/yolo_train/severstal_a79e9a769.jpg,scratch,train
data/splits_metal/ae_train/severstal_689a96bbe.jpg,no_defect,train
data/splits_metal/ae_train/severstal_c6d849ce2.jpg,no_defect,train
data/splits_metal/ae_train/severstal_1dd56a824.jpg,no_defect,train
data/splits_metal/ae_train/severstal_af1cd15ef.jpg,no_defect,train
data/splits_metal/ae_train/severstal_7ed009073.jpg,no_defect,train
data/splits_metal/ae_train/severstal_2b09e0923.jpg,no_defect,train
data/splits_metal/ae_train/severstal_3ff6971a7.jpg,no_defect,train
data/splits_metal/yolo_train/severstal_2c4b101db.jpg,patch,train
data/splits_metal/ae_train/severstal_6b6497cef.jpg,no_defect,train
data/splits_metal/yolo_train/severstal_24d46a3f8.jpg,scratch,train
data/splits_metal/yolo_train/severstal_aa4b29d91.jpg,scratch,train
data/splits_metal/yolo_val/severstal_4ad6e9c90.jpg,scratch,train
data/splits_metal/yolo_train/severstal_941e9a9d6.jpg,pitting,train
data/splits_metal/ae_train/severstal_9825b8905.jpg,no_defect,train
data/splits_metal/yolo_train/severstal_d802b10c5.jpg,scratch,train
data/splits_metal/ae_train/severstal_bb177c530.jpg,no_defect,train
data/splits_metal/yolo_val/severstal_cd4cd2c97.jpg,scratch,train
data/splits_metal/ae_train/severstal_3c9ce987e.jpg,no_defect,train
data/splits_metal/yolo_train/severstal_3e22efa89.jpg,scratch,train
data/splits_metal/ae_train/severstal_ea7752e39.jpg,no_defect,train
data/splits_metal/yolo_train/severstal_d8a8fed32.jpg,scratch,train
data/splits_metal/ae_train/severstal_136d519e9.jpg,no_defect,train
data/splits_metal/ae_train/severstal_b54ede08d.jpg,no_defect,train
data/splits_metal/yolo_val/severstal_6825de090.jpg,scratch,train
data/splits_metal/yolo_train/severstal_df8e56f94.jpg,scratch,train
data/splits_metal/ae_train/severstal_00b989e78.jpg,no_defect,train
data/splits_metal/yolo_train/severstal_aad06b99e.jpg,scratch,train
data/splits_metal/yolo_train/severstal_c204673e4.jpg,scratch,train
data/splits_metal/yolo_train/severstal_889c66e18.jpg,patch,train
data/splits_metal/yolo_train/severstal_c038c0588.jpg,scratch,train
data/splits_metal/yolo_train/severstal_c4c5b8e2a.jpg,scratch,train
data/splits_metal/yolo_val/severstal_cb4d72e56.jpg,scratch,train
data/splits_metal/ae_train/severstal_42547e84d.jpg,no_defect,train
data/splits_metal/ae_train/severstal_9e61ce866.jpg,no_defect,train
data/splits_metal/yolo_train/severstal_89f119c0a.jpg,pitting,train
data/splits_metal/yolo_train/severstal_382b517ee.jpg,scratch,train
data/splits_metal/yolo_train/severstal_2dcff4a4e.jpg,scratch,train
data/splits_metal/yolo_train/severstal_0712fbd90.jpg,scratch,train
data/splits_metal/ae_train/severstal_b69d73277.jpg,no_defect,train
data/splits_metal/ae_train/severstal_bb0f9bfcf.jpg,no_defect,train
data/splits_metal/yolo_train/severstal_c56baaa61.jpg,scratch,train
data/splits_metal/yolo_train/severstal_48f69ea12.jpg,pitting,train
data/splits_metal/yolo_train/severstal_99743b154.jpg,scratch,train
data/splits_metal/yolo_train/severstal_961333d4e.jpg,scratch,train
data/splits_metal/ae_train/severstal_2648c3348.jpg,no_defect,train
data/splits_metal/yolo_val/severstal_1bed9264f.jpg,inclusion,train
data/splits_metal/yolo_train/severstal_83298d267.jpg,patch,train
data/splits_metal/yolo_val/severstal_ace59105f.jpg,scratch,train
data/splits_metal/yolo_train/severstal_11b37e4d7.jpg,scratch,train
data/splits_metal/ae_train/severstal_15e25d808.jpg,no_defect,train
data/splits_metal/ae_train/severstal_bdac05a8c.jpg,no_defect,train
data/splits_metal/yolo_train/severstal_78d2258f2.jpg,scratch,train
data/splits_metal/yolo_train/severstal_a9d3b0f3e.jpg,scratch,train
data/splits_metal/yolo_train/severstal_ecca5b079.jpg,scratch,train
data/splits_metal/ae_train/severstal_e490e1b5b.jpg,no_defect,train
data/splits_metal/yolo_train/severstal_19b8972c7.jpg,scratch,train
data/splits_metal/ae_train/severstal_7a92ccc07.jpg,no_defect,train
data/splits_metal/ae_train/severstal_69053f274.jpg,no_defect,train
data/splits_metal/ae_train/severstal_97eef7fca.jpg,no_defect,train
data/splits_metal/yolo_val/severstal_5a3db6845.jpg,scratch,train
data/splits_metal/ae_train/severstal_39b234809.jpg,no_defect,train
data/splits_metal/yolo_train/severstal_d9a63b372.jpg,patch,train
data/splits_metal/yolo_train/severstal_eb1195bcc.jpg,patch,train
data/splits_metal/ae_train/severstal_5892bea2e.jpg,no_defect,train
data/splits_metal/yolo_train/severstal_5727d7f96.jpg,scratch,train
data/splits_metal/ae_train/severstal_9b7aa28e9.jpg,no_defect,train
data/splits_metal/ae_train/severstal_f4d41a007.jpg,no_defect,train
data/splits_metal/ae_train/severstal_5663a9e34.jpg,no_defect,train
data/splits_metal/yolo_train/severstal_2cfa58247.jpg,patch,train
data/splits_metal/ae_train/severstal_98dd5b46e.jpg,no_defect,train
data/splits_metal/yolo_val/severstal_86654180d.jpg,scratch,train
data/splits_metal/ae_train/severstal_2907229bf.jpg,no_defect,train
data/splits_metal/ae_train/severstal_09ef816bf.jpg,no_defect,train
data/splits_metal/ae_train/severstal_ef25cc709.jpg,no_defect,train
data/splits_metal/yolo_val/severstal_86e81413a.jpg,scratch,train
data/splits_metal/ae_train/severstal_7471614be.jpg,no_defect,train
data/splits_metal/yolo_train/severstal_3a0f17afd.jpg,pitting,train
data/splits_metal/ae_train/severstal_a48712720.jpg,no_defect,train
data/splits_metal/ae_train/severstal_100de36e9.jpg,no_defect,train
data/splits_metal/yolo_train/severstal_15e512a0f.jpg,scratch,train
data/splits_metal/yolo_train/severstal_3c4d16b17.jpg,scratch,train
data/splits_metal/ae_train/severstal_e7c3d93b7.jpg,no_defect,train
data/splits_metal/ae_train/severstal_6dd3b812d.jpg,no_defect,train
data/splits_metal/ae_train/severstal_d6f8c31a2.jpg,no_defect,train
data/splits_metal/ae_train/severstal_329153502.jpg,no_defect,train
data/splits_metal/yolo_val/severstal_778e817a9.jpg,scratch,train
data/splits_metal/ae_train/severstal_c3c47c1c4.jpg,no_defect,train
data/splits_metal/yolo_val/severstal_8ce8ed455.jpg,scratch,train
data/splits_metal/yolo_train/severstal_0088260da.jpg,scratch,train
data/splits_metal/ae_train/severstal_f950b713a.jpg,no_defect,train
data/splits_metal/ae_train/severstal_76ccb6d58.jpg,no_defect,train
data/splits_metal/ae_train/severstal_29334d3ea.jpg,no_defect,train
data/splits_metal/ae_train/severstal_9c45e55ca.jpg,no_defect,train
data/splits_metal/yolo_train/severstal_875612422.jpg,scratch,train
data/splits_metal/yolo_val/severstal_dae3c563a.jpg,scratch,train
data/splits_metal/yolo_val/severstal_21a5d2ddb.jpg,patch,train
data/splits_metal/yolo_train/severstal_d9a5c3aae.jpg,scratch,train
data/splits_metal/ae_train/severstal_cd7186a59.jpg,no_defect,train
data/splits_metal/ae_train/severstal_5b9c9191b.jpg,no_defect,train
data/splits_metal/yolo_train/severstal_162de780e.jpg,scratch,train
data/splits_metal/ae_train/severstal_c42cd4f38.jpg,no_defect,train
data/splits_metal/ae_train/severstal_1f93c38d7.jpg,no_defect,train
data/splits_metal/ae_train/severstal_f3b2ffe61.jpg,no_defect,train
data/splits_metal/yolo_train/severstal_87106dfdb.jpg,scratch,train
data/splits_metal/yolo_train/severstal_1cdbad7d2.jpg,scratch,train
data/splits_metal/ae_train/severstal_f50ff910b.jpg,no_defect,train
data/splits_metal/ae_train/severstal_76b0945b4.jpg,no_defect,train
data/splits_metal/ae_train/severstal_0d61cb826.jpg,no_defect,train
data/splits_metal/yolo_train/severstal_ca82d646f.jpg,scratch,train
data/splits_metal/ae_train/severstal_f63112dc2.jpg,no_defect,train
data/splits_metal/ae_train/severstal_bd51cf4b6.jpg,no_defect,train
data/splits_metal/ae_train/severstal_b1d63b897.jpg,no_defect,train
data/splits_metal/yolo_train/severstal_8d909a69d.jpg,scratch,train
data/splits_metal/ae_train/severstal_44eaa8416.jpg,no_defect,train
data/splits_metal/yolo_train/severstal_21af0ec58.jpg,scratch,train
data/splits_metal/yolo_train/severstal_caf49d870.jpg,pitting,train
data/splits_metal/ae_train/severstal_3615f1d69.jpg,no_defect,train
data/splits_metal/ae_train/severstal_90047b73a.jpg,no_defect,train
data/splits_metal/ae_train/severstal_4da66ae64.jpg,no_defect,train
data/splits_metal/yolo_train/severstal_724dd91a0.jpg,inclusion,train
data/splits_metal/ae_train/severstal_1e351863b.jpg,no_defect,train
data/splits_metal/yolo_train/severstal_aa1645714.jpg,scratch,train
data/splits_metal/yolo_train/severstal_20a894ca5.jpg,scratch,train
data/splits_metal/yolo_train/severstal_ba54b162d.jpg,scratch,train
data/splits_metal/yolo_train/severstal_15ce9e5cf.jpg,scratch,train
data/splits_metal/yolo_val/severstal_ad8744ba7.jpg,scratch,train
data/splits_metal/yolo_train/severstal_2e12e1c6a.jpg,scratch,train
data/splits_metal/ae_train/severstal_d6577ddc1.jpg,no_defect,train
data/splits_metal/yolo_train/severstal_101bc8aa5.jpg,scratch,train
data/splits_metal/ae_train/severstal_0fb0a9555.jpg,no_defect,train
data/splits_metal/ae_train/severstal_94a3786cb.jpg,no_defect,train
data/splits_metal/yolo_val/severstal_ea9f9985a.jpg,patch,train
data/splits_metal/ae_train/severstal_e4acd9063.jpg,no_defect,train
data/splits_metal/ae_train/severstal_095c6bcdc.jpg,no_defect,train
data/splits_metal/yolo_train/severstal_23db57033.jpg,scratch,train
data/splits_metal/yolo_train/severstal_6c209695d.jpg,patch,train
data/splits_metal/yolo_train/severstal_6fb878fef.jpg,pitting,train
data/splits_metal/yolo_train/severstal_3a4edbde9.jpg,pitting,train
data/splits_metal/ae_train/severstal_636139dbf.jpg,no_defect,train
data/splits_metal/ae_train/severstal_b5d029fdf.jpg,no_defect,train
data/splits_metal/ae_train/severstal_16730239e.jpg,no_defect,train
data/splits_metal/ae_train/severstal_302a94862.jpg,no_defect,train
data/splits_metal/ae_train/severstal_964a6b415.jpg,no_defect,train
data/splits_metal/ae_train/severstal_13f563a54.jpg,no_defect,train
data/splits_metal/yolo_train/severstal_bd6298d4f.jpg,scratch,train
data/splits_metal/ae_train/severstal_b833028fe.jpg,no_defect,train
data/splits_metal/yolo_train/severstal_16b8b50af.jpg,scratch,train
data/splits_metal/yolo_train/severstal_0e86dea5b.jpg,pitting,train
data/splits_metal/yolo_train/severstal_1c75c4ebd.jpg,scratch,train
data/splits_metal/yolo_train/severstal_062167783.jpg,scratch,train
data/splits_metal/ae_train/severstal_6b463443e.jpg,no_defect,train
data/splits_metal/yolo_train/severstal_6d7bc57d2.jpg,pitting,train
data/splits_metal/ae_train/severstal_8612b1c18.jpg,no_defect,train
data/splits_metal/ae_train/severstal_b2bc836da.jpg,no_defect,train
data/splits_metal/ae_train/severstal_420472e7e.jpg,no_defect,train
data/splits_metal/ae_train/severstal_b8c07feb2.jpg,no_defect,train
data/splits_metal/yolo_train/severstal_dee367c77.jpg,scratch,train
data/splits_metal/yolo_val/severstal_ce13a3739.jpg,pitting,train
data/splits_metal/yolo_val/severstal_a732b1b72.jpg,pitting,train
data/splits_metal/yolo_train/severstal_0999e53af.jpg,pitting,train
data/splits_metal/ae_train/severstal_eb529d1e2.jpg,no_defect,train
data/splits_metal/yolo_train/severstal_85b8f9d06.jpg,scratch,train
data/splits_metal/ae_train/severstal_4cf93f820.jpg,no_defect,train
data/splits_metal/yolo_train/severstal_7b3566fb9.jpg,pitting,train
data/splits_metal/ae_train/severstal_d90687600.jpg,no_defect,train
data/splits_metal/yolo_train/severstal_06ae96c30.jpg,scratch,train
data/splits_metal/yolo_train/severstal_4ef65d75b.jpg,scratch,train
data/splits_metal/ae_train/severstal_a10c2a8dd.jpg,no_defect,train
data/splits_metal/ae_train/severstal_f613991f1.jpg,no_defect,train
data/splits_metal/yolo_train/severstal_aee116071.jpg,scratch,train
data/splits_metal/yolo_train/severstal_6e7bace88.jpg,scratch,train
data/splits_metal/yolo_train/severstal_9a1f7c238.jpg,scratch,train
data/splits_metal/ae_train/severstal_b9b3aaaea.jpg,no_defect,train
data/splits_metal/yolo_train/severstal_5ff533576.jpg,scratch,train
data/splits_metal/ae_train/severstal_086739d4f.jpg,no_defect,train
data/splits_metal/ae_train/severstal_e3134b6c1.jpg,no_defect,train
data/splits_metal/yolo_train/severstal_a9840c747.jpg,pitting,train
data/splits_metal/yolo_val/severstal_199dc89de.jpg,scratch,train
data/splits_metal/ae_train/severstal_0a058fcb6.jpg,no_defect,train
data/splits_metal/yolo_train/severstal_7620c36fb.jpg,scratch,train
data/splits_metal/yolo_train/severstal_759b68ebd.jpg,scratch,train
data/splits_metal/yolo_train/severstal_89dcbb574.jpg,scratch,train
data/splits_metal/ae_train/severstal_096701230.jpg,no_defect,train
data/splits_metal/yolo_train/severstal_32578d3e5.jpg,scratch,train
data/splits_metal/yolo_train/severstal_0002cc93b.jpg,pitting,train
data/splits_metal/yolo_val/severstal_54c3ce6f0.jpg,scratch,train
data/splits_metal/ae_train/severstal_858307610.jpg,no_defect,train
data/splits_metal/ae_train/severstal_000418bfc.jpg,no_defect,train
data/splits_metal/ae_train/severstal_0b89f99d7.jpg,no_defect,train
data/splits_metal/yolo_val/severstal_1755b86e4.jpg,scratch,train
data/splits_metal/ae_train/severstal_99a3eb6a2.jpg,no_defect,train
data/splits_metal/yolo_train/severstal_84e51db1c.jpg,patch,train
data/splits_metal/yolo_train/severstal_e63aa9aaa.jpg,scratch,train
data/splits_metal/yolo_train/severstal_ab1dda536.jpg,scratch,train
data/splits_metal/yolo_train/severstal_e7c915edc.jpg,scratch,train
data/splits_metal/yolo_train/severstal_b35ab5606.jpg,scratch,train
data/splits_metal/ae_train/severstal_5698c0878.jpg,no_defect,train
data/splits_metal/ae_train/severstal_df233f70a.jpg,no_defect,train
data/splits_metal/yolo_val/severstal_af09a0336.jpg,patch,train
data/splits_metal/yolo_train/severstal_1d4a5181e.jpg,scratch,train
data/splits_metal/yolo_train/severstal_32efbaf94.jpg,scratch,train
data/splits_metal/yolo_train/severstal_423caf51d.jpg,scratch,train
data/splits_metal/yolo_val/severstal_e6c89d5fd.jpg,scratch,train
data/splits_metal/ae_train/severstal_adaa22413.jpg,no_defect,train
data/splits_metal/ae_train/severstal_847c643da.jpg,no_defect,train
data/splits_metal/yolo_train/severstal_36c07efbe.jpg,scratch,train
data/splits_metal/yolo_train/severstal_a0d19387f.jpg,pitting,train
data/splits_metal/yolo_train/severstal_c12842f5e.jpg,scratch,train
data/splits_metal/yolo_train/severstal_b54038841.jpg,scratch,train
data/splits_metal/yolo_val/severstal_3e185a3fe.jpg,scratch,train
data/splits_metal/yolo_train/severstal_e036add44.jpg,scratch,train
data/splits_metal/ae_train/severstal_210e0e803.jpg,no_defect,train
data/splits_metal/ae_train/severstal_1bad143b0.jpg,no_defect,train
data/splits_metal/ae_train/severstal_a7a723242.jpg,no_defect,train
data/splits_metal/ae_train/severstal_8040474f4.jpg,no_defect,train
data/splits_metal/ae_train/severstal_7b50d24bd.jpg,no_defect,train
data/splits_metal/yolo_train/severstal_6bedba903.jpg,scratch,train
data/splits_metal/yolo_train/severstal_2ea4ad171.jpg,pitting,train
data/splits_metal/ae_train/severstal_f3f049f32.jpg,no_defect,train
data/splits_metal/ae_train/severstal_e112722b3.jpg,no_defect,train
data/splits_metal/yolo_train/severstal_f4413e172.jpg,scratch,train
data/splits_metal/yolo_train/severstal_4353697d9.jpg,scratch,train
data/splits_metal/ae_train/severstal_51ff1aef9.jpg,no_defect,train
data/splits_metal/ae_train/severstal_9932d3827.jpg,no_defect,train
data/splits_metal/yolo_train/severstal_2e10357c2.jpg,pitting,train
data/splits_metal/ae_train/severstal_653125e34.jpg,no_defect,train
data/splits_metal/ae_train/severstal_50d92eec1.jpg,no_defect,train
data/splits_metal/yolo_val/severstal_063571c5c.jpg,scratch,train
data/splits_metal/ae_train/severstal_19e96b746.jpg,no_defect,train
data/splits_metal/ae_train/severstal_343bec579.jpg,no_defect,train
data/splits_metal/yolo_val/severstal_17e7cd5c6.jpg,scratch,train
data/splits_metal/ae_train/severstal_3d41a0034.jpg,no_defect,train
data/splits_metal/ae_train/severstal_5d4462d67.jpg,no_defect,train
data/splits_metal/ae_train/severstal_6408573ce.jpg,no_defect,train
data/splits_metal/yolo_train/severstal_b46dafae2.jpg,scratch,train
data/splits_metal/ae_train/severstal_a4082ae09.jpg,no_defect,train
data/splits_metal/ae_train/severstal_cf78b36e0.jpg,no_defect,train
data/splits_metal/yolo_train/severstal_4c36590af.jpg,patch,train
data/splits_metal/ae_train/severstal_f789ae3cc.jpg,no_defect,train
data/splits_metal/ae_train/severstal_e66f146bd.jpg,no_defect,train
data/splits_metal/ae_train/severstal_799a31455.jpg,no_defect,train
data/splits_metal/ae_train/severstal_17260504d.jpg,no_defect,train
data/splits_metal/ae_train/severstal_b43e2c4d6.jpg,no_defect,train
data/splits_metal/ae_train/severstal_a481be5cc.jpg,no_defect,train
data/splits_metal/yolo_train/severstal_1e963d7f6.jpg,scratch,train
data/splits_metal/yolo_train/severstal_5b4e446d3.jpg,scratch,train
data/splits_metal/yolo_train/severstal_5a913dda0.jpg,scratch,train
data/splits_metal/yolo_train/severstal_127a4a097.jpg,scratch,train
data/splits_metal/yolo_train/severstal_f0df48da0.jpg,pitting,train
data/splits_metal/yolo_train/severstal_fe01b0ce0.jpg,scratch,train
data/splits_metal/yolo_val/severstal_ef5c1b08e.jpg,pitting,train
data/splits_metal/yolo_val/severstal_b2ec9ed47.jpg,pitting,train
data/splits_metal/yolo_train/severstal_0ec69ca92.jpg,scratch,train
data/splits_metal/yolo_train/severstal_cd4bd2cca.jpg,scratch,train
data/splits_metal/ae_train/severstal_dfefd11c4.jpg,no_defect,train
data/splits_metal/yolo_train/severstal_a541e2eb6.jpg,scratch,train
data/splits_metal/ae_train/severstal_9fe98d5d2.jpg,no_defect,train
data/splits_metal/ae_train/severstal_4cf035406.jpg,no_defect,train
data/splits_metal/ae_train/severstal_44e94ec25.jpg,no_defect,train
data/splits_metal/yolo_val/severstal_738850f07.jpg,scratch,train
data/splits_metal/yolo_train/severstal_06aed81ba.jpg,scratch,train
data/splits_metal/yolo_train/severstal_cede14189.jpg,scratch,train
data/splits_metal/ae_train/severstal_a4aa453df.jpg,no_defect,train
data/splits_metal/ae_train/severstal_8e91750fb.jpg,no_defect,train
data/splits_metal/yolo_val/severstal_b4d309794.jpg,scratch,train
data/splits_metal/yolo_val/severstal_527d11e5a.jpg,pitting,train
data/splits_metal/yolo_train/severstal_bf5502c1c.jpg,scratch,train
data/splits_metal/ae_train/severstal_4c13a35f4.jpg,no_defect,train
data/splits_metal/yolo_train/severstal_dc46bd374.jpg,scratch,train
data/splits_metal/yolo_val/severstal_241abf136.jpg,scratch,train
data/splits_metal/yolo_train/severstal_4e265c94c.jpg,scratch,train
data/splits_metal/yolo_train/severstal_9028ff68e.jpg,scratch,train
data/splits_metal/yolo_train/severstal_4ecf05db6.jpg,scratch,train
data/splits_metal/yolo_train/severstal_d89d52e53.jpg,pitting,train
data/splits_metal/ae_train/severstal_ab3065e7f.jpg,no_defect,train
data/splits_metal/ae_train/severstal_c3fc438be.jpg,no_defect,train
data/splits_metal/yolo_train/severstal_e4d2933d9.jpg,scratch,train
data/splits_metal/ae_train/severstal_7637fe781.jpg,no_defect,train
data/splits_metal/yolo_train/severstal_c04ac576d.jpg,scratch,train
data/splits_metal/ae_train/severstal_144fa75bf.jpg,no_defect,train
data/splits_metal/yolo_val/severstal_3463eedaf.jpg,scratch,train
data/splits_metal/yolo_train/severstal_410194f0a.jpg,patch,train
data/splits_metal/yolo_train/severstal_d98664198.jpg,scratch,train
data/splits_metal/yolo_train/severstal_f7f2e339e.jpg,scratch,train
data/splits_metal/yolo_val/severstal_af7c08f36.jpg,pitting,train
data/splits_metal/yolo_train/severstal_503d78c6f.jpg,scratch,train
data/splits_metal/yolo_train/severstal_1dc8a43ce.jpg,scratch,train
data/splits_metal/yolo_train/severstal_a2337ccb3.jpg,patch,train
data/splits_metal/yolo_train/severstal_36a39e435.jpg,patch,train
data/splits_metal/ae_train/severstal_fa52d8ecd.jpg,no_defect,train
data/splits_metal/ae_train/severstal_d4bd2a591.jpg,no_defect,train
data/splits_metal/ae_train/severstal_39fe944cc.jpg,no_defect,train
data/splits_metal/ae_train/severstal_a130c38e0.jpg,no_defect,train
data/splits_metal/ae_train/severstal_60b79ec56.jpg,no_defect,train
data/splits_metal/yolo_train/severstal_ed9f33dc2.jpg,scratch,train
data/splits_metal/ae_train/severstal_2ec4f0fa4.jpg,no_defect,train
data/splits_metal/ae_train/severstal_f6efc793c.jpg,no_defect,train
data/splits_metal/yolo_train/severstal_c9fb9abd9.jpg,scratch,train
data/splits_metal/yolo_train/severstal_19d5d25a6.jpg,scratch,train
data/splits_metal/yolo_train/severstal_a5cb0256f.jpg,patch,train
data/splits_metal/yolo_val/severstal_242894fc4.jpg,patch,train
data/splits_metal/ae_train/severstal_83886dd5d.jpg,no_defect,train
data/splits_metal/yolo_train/severstal_df0430717.jpg,scratch,train
data/splits_metal/yolo_train/severstal_ed4db5cf7.jpg,scratch,train
data/splits_metal/ae_train/severstal_ad43f6c96.jpg,no_defect,train
data/splits_metal/yolo_train/severstal_b8b5ed4d0.jpg,patch,train
data/splits_metal/yolo_train/severstal_d0a0b9951.jpg,scratch,train
data/splits_metal/yolo_train/severstal_8ac4ba80d.jpg,patch,train
data/splits_metal/ae_train/severstal_8fd5f880e.jpg,no_defect,train
data/splits_metal/ae_train/severstal_c13a6a141.jpg,no_defect,train
data/splits_metal/yolo_train/severstal_421c3f368.jpg,scratch,train
data/splits_metal/yolo_train/severstal_316f0cc50.jpg,scratch,train
data/splits_metal/ae_train/severstal_e78a524d2.jpg,no_defect,train
data/splits_metal/yolo_train/severstal_896d1ac05.jpg,pitting,train
data/splits_metal/ae_train/severstal_617b8af67.jpg,no_defect,train
data/splits_metal/ae_train/severstal_e047325fc.jpg,no_defect,train
data/splits_metal/ae_train/severstal_803789913.jpg,no_defect,train
data/splits_metal/ae_train/severstal_b03643b7c.jpg,no_defect,train
data/splits_metal/yolo_train/severstal_887e72cb4.jpg,scratch,train
data/splits_metal/yolo_val/severstal_9202ebeb6.jpg,pitting,train
data/splits_metal/yolo_train/severstal_ce42693fb.jpg,scratch,train
data/splits_metal/yolo_train/severstal_6e6f0e760.jpg,scratch,train
data/splits_metal/yolo_val/severstal_0f010cc60.jpg,scratch,train
data/splits_metal/yolo_val/severstal_0f2f4c90e.jpg,scratch,train
data/splits_metal/ae_train/severstal_cf5a6b951.jpg,no_defect,train
data/splits_metal/yolo_train/severstal_15f8fd390.jpg,scratch,train
data/splits_metal/yolo_train/severstal_631774933.jpg,scratch,train
data/splits_metal/ae_train/severstal_b4482a765.jpg,no_defect,train
data/splits_metal/yolo_train/severstal_c6faa8c55.jpg,scratch,train
data/splits_metal/yolo_train/severstal_4d586677e.jpg,scratch,train
data/splits_metal/yolo_train/severstal_ff5c7f868.jpg,scratch,train
data/splits_metal/yolo_train/severstal_e2d64c010.jpg,pitting,train
data/splits_metal/ae_train/severstal_e91e8cf28.jpg,no_defect,train
data/splits_metal/yolo_val/severstal_892582cf9.jpg,pitting,train
data/splits_metal/ae_train/severstal_b724e0d0e.jpg,no_defect,train
data/splits_metal/yolo_val/severstal_deaa30604.jpg,pitting,train
data/splits_metal/yolo_train/severstal_760bc3180.jpg,scratch,train
data/splits_metal/yolo_train/severstal_0cb3064bd.jpg,scratch,train
data/splits_metal/ae_train/severstal_62390e1f1.jpg,no_defect,train
data/splits_metal/yolo_train/severstal_d5425f5f5.jpg,scratch,train
data/splits_metal/yolo_train/severstal_94bf15000.jpg,patch,train
data/splits_metal/ae_train/severstal_0ce9fcb62.jpg,no_defect,train
data/splits_metal/ae_train/severstal_096e9d26a.jpg,no_defect,train
data/splits_metal/yolo_val/severstal_86f4141ce.jpg,scratch,train
data/splits_metal/yolo_train/severstal_284f0aee6.jpg,scratch,train
data/splits_metal/yolo_val/severstal_f98ddb64d.jpg,patch,train
data/splits_metal/ae_train/severstal_75173c73a.jpg,no_defect,train
data/splits_metal/yolo_train/severstal_d6d71b8ec.jpg,scratch,train
data/splits_metal/ae_train/severstal_ab93fca16.jpg,no_defect,train
data/splits_metal/yolo_train/severstal_a831d2806.jpg,scratch,train
data/splits_metal/yolo_train/severstal_3de8f5d88.jpg,scratch,train
data/splits_metal/yolo_train/severstal_d9145f0fb.jpg,scratch,train
data/splits_metal/ae_train/severstal_1ecfcc78b.jpg,no_defect,train
data/splits_metal/yolo_train/severstal_ec1ffc4eb.jpg,scratch,train
data/splits_metal/yolo_train/severstal_00bf8497a.jpg,scratch,train
data/splits_metal/yolo_train/severstal_308f2e562.jpg,patch,train
data/splits_metal/ae_train/severstal_34dbb5229.jpg,no_defect,train
data/splits_metal/ae_train/severstal_7d4269eeb.jpg,no_defect,train
data/splits_metal/ae_train/severstal_da5d7e692.jpg,no_defect,train
data/splits_metal/yolo_train/severstal_bb01e08e4.jpg,scratch,train
data/splits_metal/yolo_train/severstal_0fd63823c.jpg,pitting,train
data/splits_metal/yolo_train/severstal_80842d229.jpg,patch,train
data/splits_metal/ae_train/severstal_b31b54a50.jpg,no_defect,train
data/splits_metal/yolo_train/severstal_ca850ca04.jpg,scratch,train
data/splits_metal/yolo_train/severstal_4f77c0179.jpg,pitting,train
data/splits_metal/yolo_train/severstal_11f34f40d.jpg,scratch,train
data/splits_metal/yolo_train/severstal_aa9a7363b.jpg,scratch,train
data/splits_metal/yolo_val/severstal_b8d2805f9.jpg,scratch,train
data/splits_metal/yolo_val/severstal_48626da29.jpg,patch,train
data/splits_metal/ae_train/severstal_2933c4fbc.jpg,no_defect,train
data/splits_metal/yolo_train/severstal_9b57cbc21.jpg,inclusion,train
data/splits_metal/yolo_train/severstal_9fda4f231.jpg,scratch,train
data/splits_metal/ae_train/severstal_4c312324d.jpg,no_defect,train
data/splits_metal/ae_train/severstal_7497d8113.jpg,no_defect,train
data/splits_metal/ae_train/severstal_6850e8c5c.jpg,no_defect,train
data/splits_metal/ae_train/severstal_99ead2c8b.jpg,no_defect,train
data/splits_metal/yolo_train/severstal_2b1f20578.jpg,scratch,train
data/splits_metal/ae_train/severstal_f6082de16.jpg,no_defect,train
data/splits_metal/ae_train/severstal_c7b4afcee.jpg,no_defect,train
data/splits_metal/ae_train/severstal_e0c12a442.jpg,no_defect,train
data/splits_metal/yolo_train/severstal_f297f6838.jpg,inclusion,train
data/splits_metal/yolo_train/severstal_5fccf97d8.jpg,pitting,train
data/splits_metal/ae_train/severstal_edb00bf08.jpg,no_defect,train
data/splits_metal/ae_train/severstal_e6bf1f9ef.jpg,no_defect,train
data/splits_metal/ae_train/severstal_c4aa31fcb.jpg,no_defect,train
data/splits_metal/yolo_train/severstal_7a1251b77.jpg,scratch,train
data/splits_metal/ae_train/severstal_bb5b38c31.jpg,no_defect,train
data/splits_metal/ae_train/severstal_b312bf98c.jpg,no_defect,train
data/splits_metal/yolo_train/severstal_e4da37c1e.jpg,pitting,train
data/splits_metal/ae_train/severstal_d784bd04b.jpg,no_defect,train
data/splits_metal/yolo_val/severstal_5b13aedd6.jpg,scratch,train
data/splits_metal/yolo_train/severstal_8e7477968.jpg,scratch,train
data/splits_metal/yolo_val/severstal_73cdb1d89.jpg,scratch,train
data/splits_metal/ae_train/severstal_af17634f8.jpg,no_defect,train
data/splits_metal/ae_train/severstal_49aa956ea.jpg,no_defect,train
data/splits_metal/yolo_train/severstal_f3a5aa94c.jpg,scratch,train
data/splits_metal/yolo_train/severstal_4fd6b1521.jpg,scratch,train
data/splits_metal/ae_train/severstal_5a0e45b78.jpg,no_defect,train
data/splits_metal/yolo_train/severstal_fa9a5da40.jpg,pitting,train
data/splits_metal/ae_train/severstal_f480125b7.jpg,no_defect,train
data/splits_metal/yolo_train/severstal_0b5018316.jpg,inclusion,train
data/splits_metal/ae_train/severstal_0a740fe74.jpg,no_defect,train
data/splits_metal/yolo_val/severstal_bc0071fd2.jpg,patch,train
data/splits_metal/yolo_val/severstal_36025df84.jpg,patch,train
data/splits_metal/yolo_train/severstal_1e0980950.jpg,scratch,train
data/splits_metal/yolo_train/severstal_6d6280d5e.jpg,scratch,train
data/splits_metal/ae_train/severstal_e1a1a00a7.jpg,no_defect,train
data/splits_metal/ae_train/severstal_d8f40c205.jpg,no_defect,train
data/splits_metal/yolo_val/severstal_3da46ef9a.jpg,scratch,train
data/splits_metal/ae_train/severstal_40da1d1ad.jpg,no_defect,train
data/splits_metal/ae_train/severstal_fe44d3c92.jpg,no_defect,train
data/splits_metal/ae_train/severstal_70f08f956.jpg,no_defect,train
data/splits_metal/yolo_train/severstal_b8a7c74b3.jpg,scratch,train
data/splits_metal/ae_train/severstal_1ab97ff12.jpg,no_defect,train
data/splits_metal/yolo_train/severstal_9e4147d6b.jpg,scratch,train
data/splits_metal/yolo_train/severstal_a65d823b7.jpg,scratch,train
data/splits_metal/yolo_train/severstal_e4d9efbaa.jpg,scratch,train
data/splits_metal/ae_train/severstal_ef96ba685.jpg,no_defect,train
data/splits_metal/yolo_train/severstal_da522f333.jpg,scratch,train
data/splits_metal/yolo_train/severstal_bf3d21ec7.jpg,scratch,train
data/splits_metal/yolo_train/severstal_02bf279c9.jpg,scratch,train
data/splits_metal/ae_train/severstal_f634eed36.jpg,no_defect,train
data/splits_metal/ae_train/severstal_fe2136368.jpg,no_defect,train
data/splits_metal/yolo_train/severstal_2bed8342d.jpg,patch,train
data/splits_metal/ae_train/severstal_717754baf.jpg,no_defect,train
data/splits_metal/yolo_val/severstal_c5fa2923b.jpg,scratch,train
data/splits_metal/yolo_train/severstal_0fb56c62d.jpg,pitting,train
data/splits_metal/yolo_val/severstal_2bad2deac.jpg,scratch,train
data/splits_metal/ae_train/severstal_45988b743.jpg,no_defect,train
data/splits_metal/ae_train/severstal_6842d4cd3.jpg,no_defect,train
data/splits_metal/yolo_train/severstal_cfed66579.jpg,scratch,train
data/splits_metal/yolo_val/severstal_b0348d794.jpg,scratch,train
data/splits_metal/ae_train/severstal_abcbb4a74.jpg,no_defect,train
data/splits_metal/yolo_train/severstal_defcae4cc.jpg,pitting,train
data/splits_metal/ae_train/severstal_054fad516.jpg,no_defect,train
data/splits_metal/yolo_train/severstal_9a70057c0.jpg,scratch,train
data/splits_metal/yolo_train/severstal_902ba9941.jpg,scratch,train
data/splits_metal/ae_train/severstal_bf541d182.jpg,no_defect,train
data/splits_metal/ae_train/severstal_de7529941.jpg,no_defect,train
data/splits_metal/yolo_train/severstal_ab710a287.jpg,pitting,train
data/splits_metal/yolo_val/severstal_cac001c04.jpg,scratch,train
data/splits_metal/yolo_train/severstal_6eb2c9a9a.jpg,scratch,train
data/splits_metal/yolo_val/severstal_4216b133c.jpg,pitting,train
data/splits_metal/ae_train/severstal_578ba56db.jpg,no_defect,train
data/splits_metal/ae_train/severstal_421e48d36.jpg,no_defect,train
data/splits_metal/ae_train/severstal_1028475d0.jpg,no_defect,train
data/splits_metal/yolo_train/severstal_31433d3b4.jpg,patch,train
data/splits_metal/ae_train/severstal_c5452c0c8.jpg,no_defect,train
data/splits_metal/yolo_train/severstal_db5dd1ed3.jpg,patch,train
data/splits_metal/yolo_val/severstal_07cb6d544.jpg,scratch,train
data/splits_metal/yolo_train/severstal_9d1e2defb.jpg,scratch,train
data/splits_metal/yolo_train/severstal_76165cccc.jpg,scratch,train
data/splits_metal/yolo_train/severstal_8fd88a0c1.jpg,pitting,train
data/splits_metal/ae_train/severstal_53d16f700.jpg,no_defect,train
data/splits_metal/ae_train/severstal_9b3ef82c7.jpg,no_defect,train
data/splits_metal/ae_train/severstal_003ac9d2a.jpg,no_defect,train
data/splits_metal/ae_train/severstal_eafa8d983.jpg,no_defect,train
data/splits_metal/yolo_train/severstal_08d5bd03d.jpg,scratch,train
data/splits_metal/ae_train/severstal_22255a58e.jpg,no_defect,train
data/splits_metal/ae_train/severstal_a687ef75e.jpg,no_defect,train
data/splits_metal/ae_train/severstal_e336d67b7.jpg,no_defect,train
data/splits_metal/yolo_train/severstal_9699f82fe.jpg,patch,train
data/splits_metal/yolo_train/severstal_a61636c13.jpg,scratch,train
data/splits_metal/ae_train/severstal_1f9442c13.jpg,no_defect,train
data/splits_metal/ae_train/severstal_bfb1c6139.jpg,no_defect,train
data/splits_metal/yolo_train/severstal_0f9f79a88.jpg,pitting,train
data/splits_metal/yolo_train/severstal_71b1e90a5.jpg,patch,train
data/splits_metal/ae_train/severstal_c6af59abe.jpg,no_defect,train
data/splits_metal/ae_train/severstal_0ba4c4183.jpg,no_defect,train
data/splits_metal/yolo_val/severstal_9a064450d.jpg,scratch,train
data/splits_metal/yolo_train/severstal_22ee0a368.jpg,scratch,train
data/splits_metal/ae_train/severstal_ac077ad0e.jpg,no_defect,train
data/splits_metal/ae_train/severstal_374a718ca.jpg,no_defect,train
data/splits_metal/yolo_train/severstal_ea8e93bb5.jpg,pitting,train
data/splits_metal/yolo_train/severstal_8d2e8b456.jpg,patch,train
data/splits_metal/yolo_train/severstal_4340e1e42.jpg,scratch,train
data/splits_metal/yolo_val/severstal_2db969d6b.jpg,scratch,train
data/splits_metal/ae_train/severstal_246b05513.jpg,no_defect,train
data/splits_metal/ae_train/severstal_4d9fadf79.jpg,no_defect,train
data/splits_metal/yolo_val/severstal_3035a46b7.jpg,scratch,train
data/splits_metal/ae_train/severstal_da2ee0937.jpg,no_defect,train
data/splits_metal/yolo_val/severstal_16b7dc417.jpg,pitting,train
data/splits_metal/ae_train/severstal_3d64d8da1.jpg,no_defect,train
data/splits_metal/ae_train/severstal_54e19ae6a.jpg,no_defect,train
data/splits_metal/yolo_train/severstal_9e009a678.jpg,scratch,train
data/splits_metal/yolo_val/severstal_a6ba6acf0.jpg,scratch,train
data/splits_metal/ae_train/severstal_8f080792b.jpg,no_defect,train
data/splits_metal/ae_train/severstal_5843cdaf1.jpg,no_defect,train
data/splits_metal/ae_train/severstal_063b5dcbe.jpg,no_defect,train
data/splits_metal/yolo_val/severstal_4f6a3b984.jpg,scratch,train
data/splits_metal/ae_train/severstal_9e9c6cd05.jpg,no_defect,train
data/splits_metal/ae_train/severstal_32854e5bf.jpg,no_defect,train
data/splits_metal/yolo_val/severstal_ce4d5f713.jpg,scratch,train
data/splits_metal/yolo_train/severstal_9725a81d1.jpg,scratch,train
data/splits_metal/yolo_train/severstal_82aafd015.jpg,scratch,train
data/splits_metal/ae_train/severstal_d3d281132.jpg,no_defect,train
data/splits_metal/ae_train/severstal_61defe67d.jpg,no_defect,train
data/splits_metal/ae_train/severstal_9fbd05c12.jpg,no_defect,train
data/splits_metal/yolo_val/severstal_5462fa711.jpg,scratch,train
data/splits_metal/ae_train/severstal_e18358461.jpg,no_defect,train
data/splits_metal/ae_train/severstal_73bbc91f1.jpg,no_defect,train
data/splits_metal/ae_train/severstal_87a76ce56.jpg,no_defect,train
data/splits_metal/yolo_train/severstal_df656b199.jpg,scratch,train
data/splits_metal/yolo_train/severstal_89737dc96.jpg,scratch,train
data/splits_metal/yolo_val/severstal_ee57ddb83.jpg,scratch,train
data/splits_metal/ae_train/severstal_f98ac3ca8.jpg,no_defect,train
data/splits_metal/yolo_train/severstal_a01bc9da8.jpg,scratch,train
data/splits_metal/yolo_train/severstal_2a4e81982.jpg,scratch,train
data/splits_metal/ae_train/severstal_af27e8276.jpg,no_defect,train
data/splits_metal/yolo_train/severstal_8d67593de.jpg,scratch,train
data/splits_metal/yolo_train/severstal_ecbab23d0.jpg,scratch,train
data/splits_metal/ae_train/severstal_c8a11db96.jpg,no_defect,train
data/splits_metal/yolo_train/severstal_60aca03e2.jpg,scratch,train
data/splits_metal/yolo_train/severstal_d59b4476a.jpg,pitting,train
data/splits_metal/yolo_train/severstal_0a405b396.jpg,scratch,train
data/splits_metal/yolo_train/severstal_ae79304b2.jpg,scratch,train
data/splits_metal/yolo_train/severstal_c7a7f24d9.jpg,patch,train
data/splits_metal/yolo_train/severstal_837645cf1.jpg,pitting,train
data/splits_metal/ae_train/severstal_f96b502c6.jpg,no_defect,train
data/splits_metal/yolo_val/severstal_681af7b91.jpg,scratch,train
data/splits_metal/ae_train/severstal_98914c1c2.jpg,no_defect,train
data/splits_metal/ae_train/severstal_684f614fb.jpg,no_defect,train
data/splits_metal/yolo_train/severstal_2eb50a13e.jpg,scratch,train
data/splits_metal/yolo_train/severstal_fea8e46ad.jpg,scratch,train
data/splits_metal/yolo_train/severstal_5b077082b.jpg,scratch,train
data/splits_metal/ae_train/severstal_ca1ba152c.jpg,no_defect,train
data/splits_metal/yolo_train/severstal_ec5abc2f0.jpg,scratch,train
data/splits_metal/ae_train/severstal_08658acdf.jpg,no_defect,train
data/splits_metal/yolo_train/severstal_2930b4f52.jpg,patch,train
data/splits_metal/ae_train/severstal_72754d67c.jpg,no_defect,train
data/splits_metal/yolo_train/severstal_b24d691a6.jpg,patch,train
data/splits_metal/ae_train/severstal_08630f05d.jpg,no_defect,train
data/splits_metal/ae_train/severstal_06a86ee90.jpg,no_defect,train
data/splits_metal/ae_train/severstal_ba1500f6f.jpg,no_defect,train
data/splits_metal/ae_train/severstal_fe3c40c86.jpg,no_defect,train
data/splits_metal/yolo_train/severstal_c3cae8972.jpg,scratch,train
data/splits_metal/yolo_val/severstal_a0de93374.jpg,pitting,train
data/splits_metal/ae_train/severstal_519e8199f.jpg,no_defect,train
data/splits_metal/ae_train/severstal_e4329f291.jpg,no_defect,train
data/splits_metal/yolo_train/severstal_8ebc9cadc.jpg,scratch,train
data/splits_metal/ae_train/severstal_fa7c44dbf.jpg,no_defect,train
data/splits_metal/yolo_train/severstal_112942aed.jpg,inclusion,train
data/splits_metal/yolo_train/severstal_0d9d2aa59.jpg,scratch,train
data/splits_metal/ae_train/severstal_5f5a2e357.jpg,no_defect,train
data/splits_metal/yolo_train/severstal_889454305.jpg,scratch,train
data/splits_metal/yolo_train/severstal_4b628b398.jpg,scratch,train
data/splits_metal/yolo_train/severstal_89b4f62f1.jpg,scratch,train
data/splits_metal/ae_train/severstal_e122028b3.jpg,no_defect,train
data/splits_metal/yolo_train/severstal_de964f1e4.jpg,scratch,train
data/splits_metal/yolo_train/severstal_1c8802c08.jpg,patch,train
data/splits_metal/ae_train/severstal_2ab6eed56.jpg,no_defect,train
data/splits_metal/yolo_train/severstal_c9c7d9ddb.jpg,scratch,train
data/splits_metal/yolo_train/severstal_9c936d05f.jpg,scratch,train
data/splits_metal/yolo_train/severstal_063fa1630.jpg,patch,train
data/splits_metal/yolo_train/severstal_b1bbea81b.jpg,scratch,train
data/splits_metal/ae_train/severstal_00fe04c98.jpg,no_defect,train
data/splits_metal/yolo_train/severstal_c970d2407.jpg,patch,train
data/splits_metal/ae_train/severstal_7f6b93274.jpg,no_defect,train
data/splits_metal/yolo_val/severstal_88365b4b0.jpg,scratch,train
data/splits_metal/ae_train/severstal_5a9da43e1.jpg,no_defect,train
data/splits_metal/ae_train/severstal_7235f9760.jpg,no_defect,train
data/splits_metal/yolo_train/severstal_c9091a2ef.jpg,scratch,train
data/splits_metal/yolo_train/severstal_712f7df78.jpg,patch,train
data/splits_metal/ae_train/severstal_25bc3a693.jpg,no_defect,train
data/splits_metal/yolo_val/severstal_8e1fb6f5a.jpg,scratch,train
data/splits_metal/ae_train/severstal_ae09481ab.jpg,no_defect,train
data/splits_metal/ae_train/severstal_5e18e1844.jpg,no_defect,train
data/splits_metal/ae_train/severstal_9385c4719.jpg,no_defect,train
data/splits_metal/yolo_val/severstal_bc23335bc.jpg,scratch,train
data/splits_metal/yolo_val/severstal_bc136ed5c.jpg,scratch,train
data/splits_metal/yolo_train/severstal_81847fd11.jpg,patch,train
data/splits_metal/ae_train/severstal_c71975362.jpg,no_defect,train
data/splits_metal/ae_train/severstal_112624ebb.jpg,no_defect,train
data/splits_metal/ae_train/severstal_69ed700cd.jpg,no_defect,train
data/splits_metal/ae_train/severstal_813be2643.jpg,no_defect,train
data/splits_metal/yolo_train/severstal_63d8f0be1.jpg,scratch,train
data/splits_metal/yolo_train/severstal_4b09a3911.jpg,scratch,train
data/splits_metal/ae_train/severstal_e18453e79.jpg,no_defect,train
data/splits_metal/ae_train/severstal_42378d868.jpg,no_defect,train
data/splits_metal/yolo_val/severstal_e5dd1ea97.jpg,scratch,train
data/splits_metal/yolo_train/severstal_00e0398ad.jpg,scratch,train
data/splits_metal/ae_train/severstal_a4c928e9d.jpg,no_defect,train
data/splits_metal/yolo_val/severstal_7998298c2.jpg,pitting,train
data/splits_metal/yolo_train/severstal_bb9bfedfd.jpg,patch,train
data/splits_metal/ae_train/severstal_b24896622.jpg,no_defect,train
data/splits_metal/ae_train/severstal_8bf8b9c33.jpg,no_defect,train
data/splits_metal/yolo_train/severstal_3a43adb32.jpg,scratch,train
data/splits_metal/ae_train/severstal_d81c1025c.jpg,no_defect,train
data/splits_metal/ae_train/severstal_a76da9e56.jpg,no_defect,train
data/splits_metal/yolo_val/severstal_ebedf35c7.jpg,scratch,train
data/splits_metal/yolo_train/severstal_226e7fd6c.jpg,scratch,train
data/splits_metal/yolo_val/severstal_684c99351.jpg,scratch,train
data/splits_metal/ae_train/severstal_d5a746371.jpg,no_defect,train
data/splits_metal/ae_train/severstal_53508a608.jpg,no_defect,train
data/splits_metal/yolo_train/severstal_1deada184.jpg,pitting,train
data/splits_metal/yolo_train/severstal_c7fe435c0.jpg,inclusion,train
data/splits_metal/yolo_train/severstal_cb2dee2dd.jpg,scratch,train
data/splits_metal/yolo_val/severstal_69a826bd5.jpg,patch,train
data/splits_metal/ae_train/severstal_b044d761a.jpg,no_defect,train
data/splits_metal/ae_train/severstal_feababedf.jpg,no_defect,train
data/splits_metal/ae_train/severstal_a3a0e9991.jpg,no_defect,train
data/splits_metal/ae_train/severstal_35f1de28e.jpg,no_defect,train
data/splits_metal/ae_train/severstal_909f679d2.jpg,no_defect,train
data/splits_metal/ae_train/severstal_260928695.jpg,no_defect,train
data/splits_metal/yolo_train/severstal_24154161c.jpg,patch,train
data/splits_metal/ae_train/severstal_83e2d9e33.jpg,no_defect,train
data/splits_metal/ae_train/severstal_9ef6d3730.jpg,no_defect,train
data/splits_metal/ae_train/severstal_7ca4a7520.jpg,no_defect,train
data/splits_metal/ae_train/severstal_2a5181987.jpg,no_defect,train
data/splits_metal/ae_train/severstal_efda1f523.jpg,no_defect,train
data/splits_metal/ae_train/severstal_16c01355c.jpg,no_defect,train
data/splits_metal/yolo_train/severstal_defee8509.jpg,scratch,train
data/splits_metal/ae_train/severstal_9efb4b561.jpg,no_defect,train
data/splits_metal/ae_train/severstal_cfc00dc7f.jpg,no_defect,train
data/splits_metal/yolo_train/severstal_8c2a5c8f7.jpg,scratch,train
data/splits_metal/yolo_train/severstal_9db392648.jpg,scratch,train
data/splits_metal/yolo_train/severstal_282425786.jpg,scratch,train
data/splits_metal/ae_train/severstal_6e469f738.jpg,no_defect,train
data/splits_metal/yolo_train/severstal_ebcfa79fd.jpg,scratch,train
data/splits_metal/yolo_train/severstal_98c634937.jpg,scratch,train
data/splits_metal/ae_train/severstal_e1fd49274.jpg,no_defect,train
data/splits_metal/ae_train/severstal_7311b8f91.jpg,no_defect,train
data/splits_metal/yolo_val/severstal_86a54a0e9.jpg,scratch,train
data/splits_metal/ae_train/severstal_9b3ad1da3.jpg,no_defect,train
data/splits_metal/ae_train/severstal_b708523c7.jpg,no_defect,train
data/splits_metal/ae_train/severstal_9444656a8.jpg,no_defect,train
data/splits_metal/ae_train/severstal_d0c84eccb.jpg,no_defect,train
data/splits_metal/yolo_train/severstal_f6d99d582.jpg,pitting,train
data/splits_metal/yolo_train/severstal_08b40a161.jpg,patch,train
data/splits_metal/ae_train/severstal_4ab570f98.jpg,no_defect,train
data/splits_metal/ae_train/severstal_e1aec490e.jpg,no_defect,train
data/splits_metal/ae_train/severstal_a314405e3.jpg,no_defect,train
data/splits_metal/yolo_val/severstal_b6d6d52ac.jpg,scratch,train
data/splits_metal/ae_train/severstal_885ca98f3.jpg,no_defect,train
data/splits_metal/yolo_train/severstal_d5353adfc.jpg,scratch,train
data/splits_metal/ae_train/severstal_07edd4209.jpg,no_defect,train
data/splits_metal/yolo_val/severstal_447d8ce19.jpg,scratch,train
data/splits_metal/yolo_train/severstal_3405695b6.jpg,scratch,train
data/splits_metal/yolo_train/severstal_3bea66fac.jpg,scratch,train
data/splits_metal/yolo_train/severstal_34f8faf6d.jpg,scratch,train
data/splits_metal/yolo_train/severstal_08c2fc120.jpg,scratch,train
data/splits_metal/yolo_train/severstal_13fa1d70d.jpg,patch,train
data/splits_metal/ae_train/severstal_db749e5a8.jpg,no_defect,train
data/splits_metal/yolo_train/severstal_b3b8f0c9e.jpg,scratch,train
data/splits_metal/ae_train/severstal_f789a780c.jpg,no_defect,train
data/splits_metal/yolo_val/severstal_76c165a4f.jpg,patch,train
data/splits_metal/ae_train/severstal_4ba9def27.jpg,no_defect,train
data/splits_metal/yolo_train/severstal_918c32419.jpg,scratch,train
data/splits_metal/yolo_train/severstal_836ccf3b0.jpg,scratch,train
data/splits_metal/yolo_train/severstal_cf1152c44.jpg,scratch,train
data/splits_metal/ae_train/severstal_aaa145a7e.jpg,no_defect,train
data/splits_metal/yolo_train/severstal_8b6c404ac.jpg,inclusion,train
data/splits_metal/yolo_train/severstal_cdef07364.jpg,pitting,train
data/splits_metal/yolo_train/severstal_8e08d9cd6.jpg,pitting,train
data/splits_metal/yolo_train/severstal_3933a5fcc.jpg,patch,train
data/splits_metal/ae_train/severstal_64945c8c0.jpg,no_defect,train
data/splits_metal/yolo_train/severstal_74abdf1ef.jpg,scratch,train
data/splits_metal/ae_train/severstal_26d12b1c1.jpg,no_defect,train
data/splits_metal/ae_train/severstal_2d3c47b87.jpg,no_defect,train
data/splits_metal/yolo_train/severstal_2776642e1.jpg,scratch,train
data/splits_metal/yolo_train/severstal_1c18acd30.jpg,scratch,train
data/splits_metal/yolo_train/severstal_841c1f67e.jpg,scratch,train
data/splits_metal/yolo_val/severstal_3f3ddfea8.jpg,scratch,train
data/splits_metal/yolo_train/severstal_2757df221.jpg,patch,train
data/splits_metal/ae_train/severstal_cb9f5e3fc.jpg,no_defect,train
data/splits_metal/ae_train/severstal_29c3aaed7.jpg,no_defect,train
data/splits_metal/ae_train/severstal_e5dc1f3a9.jpg,no_defect,train
data/splits_metal/yolo_val/severstal_427085ef4.jpg,scratch,train
data/splits_metal/yolo_train/severstal_aa53582ee.jpg,pitting,train
data/splits_metal/ae_train/severstal_3bff9e63a.jpg,no_defect,train
data/splits_metal/ae_train/severstal_e3382c0b9.jpg,no_defect,train
data/splits_metal/yolo_val/severstal_9f15729ba.jpg,scratch,train
data/splits_metal/ae_train/severstal_d7bd3c79c.jpg,no_defect,train
data/splits_metal/ae_train/severstal_2763c7f16.jpg,no_defect,train
data/splits_metal/yolo_train/severstal_0da1c044f.jpg,scratch,train
data/splits_metal/yolo_val/severstal_ecc0bf094.jpg,scratch,train
data/splits_metal/ae_train/severstal_9017797fd.jpg,no_defect,train
data/splits_metal/ae_train/severstal_af940d1ae.jpg,no_defect,train
data/splits_metal/ae_train/severstal_9ce68f8a1.jpg,no_defect,train
data/splits_metal/yolo_train/severstal_be2216e98.jpg,scratch,train
data/splits_metal/ae_train/severstal_89cc0aae0.jpg,no_defect,train
data/splits_metal/yolo_val/severstal_b9fc6b359.jpg,patch,train
data/splits_metal/ae_train/severstal_a3432d804.jpg,no_defect,train
data/splits_metal/ae_train/severstal_ea7a4f8ca.jpg,no_defect,train
data/splits_metal/ae_train/severstal_0b95d9ca5.jpg,no_defect,train
data/splits_metal/yolo_val/severstal_4c2198026.jpg,scratch,train
data/splits_metal/yolo_train/severstal_9412c0cf6.jpg,scratch,train
data/splits_metal/yolo_val/severstal_6267f94de.jpg,scratch,train
data/splits_metal/ae_train/severstal_57a2e6c5f.jpg,no_defect,train
data/splits_metal/yolo_train/severstal_6143631ab.jpg,scratch,train
data/splits_metal/yolo_train/severstal_ce3818dfd.jpg,scratch,train
data/splits_metal/yolo_train/severstal_0bc0d715e.jpg,scratch,train
data/splits_metal/ae_train/severstal_82cf996ff.jpg,no_defect,train
data/splits_metal/yolo_train/severstal_b08d40600.jpg,pitting,train
data/splits_metal/ae_train/severstal_dbb8a1051.jpg,no_defect,train
data/splits_metal/yolo_train/severstal_2fa4df2ed.jpg,scratch,train
data/splits_metal/yolo_train/severstal_8d25eb2c7.jpg,scratch,train
data/splits_metal/ae_train/severstal_921096816.jpg,no_defect,train
data/splits_metal/yolo_train/severstal_0ce6ef153.jpg,scratch,train
data/splits_metal/yolo_train/severstal_fd88ec534.jpg,patch,train
data/splits_metal/yolo_train/severstal_aeb94b95f.jpg,inclusion,train
data/splits_metal/yolo_train/severstal_a22639daa.jpg,pitting,train
data/splits_metal/ae_train/severstal_22d94f944.jpg,no_defect,train
data/splits_metal/ae_train/severstal_d19e7a3c2.jpg,no_defect,train
data/splits_metal/yolo_val/severstal_708c66026.jpg,scratch,train
data/splits_metal/ae_train/severstal_1dd219a5c.jpg,no_defect,train
data/splits_metal/yolo_train/severstal_b5804f43f.jpg,scratch,train
data/splits_metal/ae_train/severstal_13432fa74.jpg,no_defect,train
data/splits_metal/ae_train/severstal_48bfce24a.jpg,no_defect,train
data/splits_metal/ae_train/severstal_4a206315f.jpg,no_defect,train
data/splits_metal/yolo_train/severstal_2de22f59f.jpg,pitting,train
data/splits_metal/ae_train/severstal_c191c77e1.jpg,no_defect,train
data/splits_metal/yolo_train/severstal_adf5fdfe2.jpg,patch,train
data/splits_metal/ae_train/severstal_8984056a5.jpg,no_defect,train
data/splits_metal/yolo_train/severstal_e816d6d9a.jpg,pitting,train
data/splits_metal/ae_train/severstal_4f8bb34b3.jpg,no_defect,train
data/splits_metal/ae_train/severstal_ac30b2306.jpg,no_defect,train
data/splits_metal/ae_train/severstal_6a4425d33.jpg,no_defect,train
data/splits_metal/yolo_train/severstal_4fcacdb3a.jpg,scratch,train
data/splits_metal/yolo_train/severstal_f8507e526.jpg,scratch,train
data/splits_metal/yolo_train/severstal_cdb3a875b.jpg,scratch,train
data/splits_metal/yolo_train/severstal_377ff90ad.jpg,scratch,train
data/splits_metal/yolo_train/severstal_e2d02393b.jpg,scratch,train
data/splits_metal/yolo_train/severstal_961c828de.jpg,scratch,train
data/splits_metal/yolo_train/severstal_251ed373d.jpg,scratch,train
data/splits_metal/ae_train/severstal_834a537f4.jpg,no_defect,train
data/splits_metal/yolo_val/severstal_c135aedee.jpg,scratch,train
data/splits_metal/yolo_val/severstal_0e7a45695.jpg,pitting,train
data/splits_metal/yolo_train/severstal_f6091ef22.jpg,scratch,train
data/splits_metal/ae_train/severstal_d9e856cff.jpg,no_defect,train
data/splits_metal/ae_train/severstal_f2aaef344.jpg,no_defect,train
data/splits_metal/yolo_train/severstal_8399a4300.jpg,scratch,train
data/splits_metal/ae_train/severstal_05b847b1f.jpg,no_defect,train
data/splits_metal/ae_train/severstal_a5a30d7e6.jpg,no_defect,train
data/splits_metal/yolo_train/severstal_63cf275e8.jpg,scratch,train
data/splits_metal/yolo_train/severstal_de6c85c29.jpg,scratch,train
data/splits_metal/yolo_val/severstal_3158e73b2.jpg,scratch,train
data/splits_metal/ae_train/severstal_96c46e1c9.jpg,no_defect,train
data/splits_metal/yolo_train/severstal_81137ae8b.jpg,scratch,train
data/splits_metal/yolo_train/severstal_7a32eba62.jpg,scratch,train
data/splits_metal/yolo_train/severstal_8ed87432c.jpg,scratch,train
data/splits_metal/yolo_train/severstal_9fac588ab.jpg,scratch,train
data/splits_metal/yolo_val/severstal_ac0682b30.jpg,scratch,train
data/splits_metal/ae_train/severstal_bde16c127.jpg,no_defect,train
data/splits_metal/ae_train/severstal_43513da40.jpg,no_defect,train
data/splits_metal/yolo_train/severstal_1eb697fe5.jpg,pitting,train
data/splits_metal/ae_train/severstal_619e14fc9.jpg,no_defect,train
data/splits_metal/ae_train/severstal_e668e4735.jpg,no_defect,train
data/splits_metal/ae_train/severstal_7d075d3e8.jpg,no_defect,train
data/splits_metal/yolo_train/severstal_f81b617ec.jpg,scratch,train
data/splits_metal/yolo_val/severstal_37333b84a.jpg,scratch,train
data/splits_metal/yolo_train/severstal_45740ac20.jpg,scratch,train
data/splits_metal/ae_train/severstal_c27abfe11.jpg,no_defect,train
data/splits_metal/ae_train/severstal_5fd8e2c76.jpg,no_defect,train
data/splits_metal/ae_train/severstal_f6b7fc8e4.jpg,no_defect,train
data/splits_metal/ae_train/severstal_409dc8edf.jpg,no_defect,train
data/splits_metal/yolo_val/severstal_23e5dd080.jpg,pitting,train
data/splits_metal/ae_train/severstal_46866c984.jpg,no_defect,train
data/splits_metal/yolo_train/severstal_d238605c1.jpg,inclusion,train
data/splits_metal/yolo_train/severstal_09323504a.jpg,scratch,train
data/splits_metal/yolo_train/severstal_28a3f7928.jpg,inclusion,train
data/splits_metal/ae_train/severstal_34e9dd3fd.jpg,no_defect,train
data/splits_metal/ae_train/severstal_b197ca6e6.jpg,no_defect,train
data/splits_metal/ae_train/severstal_6f7e69e8b.jpg,no_defect,train
data/splits_metal/ae_train/severstal_bee1352f9.jpg,no_defect,train
data/splits_metal/ae_train/severstal_f88cdab63.jpg,no_defect,train
data/splits_metal/ae_train/severstal_d930342a1.jpg,no_defect,train
data/splits_metal/ae_train/severstal_b44b62755.jpg,no_defect,train
data/splits_metal/ae_train/severstal_9edf820d2.jpg,no_defect,train
data/splits_metal/ae_val/severstal/severstal_8bdd32ed8.jpg,no_defect,val
data/splits_metal/ae_val/severstal/severstal_4e643b0e3.jpg,no_defect,val
data/splits_metal/yolo_train/severstal_5cc47b140.jpg,scratch,val
data/splits_metal/ae_val/severstal/severstal_a7b1e00e6.jpg,no_defect,val
data/splits_metal/ae_val/severstal/severstal_fbf0bf047.jpg,no_defect,val
data/splits_metal/yolo_train/severstal_d169e1b81.jpg,patch,val
data/splits_metal/yolo_val/severstal_1f9863963.jpg,patch,val
data/splits_metal/ae_val/severstal/severstal_b4d0843ed.jpg,no_defect,val
data/splits_metal/ae_val/severstal/severstal_1ee9359c6.jpg,no_defect,val
data/splits_metal/yolo_train/severstal_e56c928ee.jpg,scratch,val
data/splits_metal/yolo_train/severstal_fe8e137c0.jpg,pitting,val
data/splits_metal/ae_val/severstal/severstal_a494826be.jpg,no_defect,val
data/splits_metal/yolo_train/severstal_55edf098d.jpg,pitting,val
data/splits_metal/yolo_train/severstal_44ad9ef30.jpg,scratch,val
data/splits_metal/yolo_train/severstal_6336c7ef4.jpg,scratch,val
data/splits_metal/ae_val/severstal/severstal_c148b01b4.jpg,no_defect,val
data/splits_metal/ae_val/severstal/severstal_5bd81b380.jpg,no_defect,val
data/splits_metal/ae_val/severstal/severstal_d03cc713b.jpg,no_defect,val
data/splits_metal/ae_val/severstal/severstal_5e6c70479.jpg,no_defect,val
data/splits_metal/ae_val/severstal/severstal_85d2a92f3.jpg,no_defect,val
data/splits_metal/yolo_train/severstal_9438d5eef.jpg,scratch,val
data/splits_metal/ae_val/severstal/severstal_4bff64460.jpg,no_defect,val
data/splits_metal/ae_val/severstal/severstal_f5547eecf.jpg,no_defect,val
data/splits_metal/yolo_train/severstal_be447691b.jpg,scratch,val
data/splits_metal/ae_val/severstal/severstal_98b373b67.jpg,no_defect,val
data/splits_metal/ae_val/severstal/severstal_868ec37d5.jpg,no_defect,val
data/splits_metal/ae_val/severstal/severstal_0a65bd8d4.jpg,no_defect,val
data/splits_metal/yolo_train/severstal_9d9020e1d.jpg,scratch,val
data/splits_metal/yolo_train/severstal_1298b6dbb.jpg,scratch,val
data/splits_metal/ae_val/severstal/severstal_1dfd53dbb.jpg,no_defect,val
data/splits_metal/yolo_train/severstal_582f0666f.jpg,scratch,val
data/splits_metal/yolo_val/severstal_f80b4e4e4.jpg,scratch,val
data/splits_metal/ae_val/severstal/severstal_123a05e48.jpg,no_defect,val
data/splits_metal/yolo_train/severstal_9b72243dc.jpg,scratch,val
data/splits_metal/ae_val/severstal/severstal_6bec17ffd.jpg,no_defect,val
data/splits_metal/yolo_val/severstal_09552b326.jpg,scratch,val
data/splits_metal/ae_val/severstal/severstal_3dd12eaf0.jpg,no_defect,val
data/splits_metal/yolo_train/severstal_a3eac30dc.jpg,scratch,val
data/splits_metal/ae_val/severstal/severstal_394852be1.jpg,no_defect,val
data/splits_metal/ae_val/severstal/severstal_14ef456c0.jpg,no_defect,val
data/splits_metal/ae_val/severstal/severstal_d525bc38a.jpg,no_defect,val
data/splits_metal/ae_val/severstal/severstal_9a6ac5406.jpg,no_defect,val
data/splits_metal/yolo_val/severstal_52be91fda.jpg,scratch,val
data/splits_metal/ae_val/severstal/severstal_6f02a72d3.jpg,no_defect,val
data/splits_metal/yolo_train/severstal_3adb7c36d.jpg,scratch,val
data/splits_metal/yolo_train/severstal_b110ca8c2.jpg,scratch,val
data/splits_metal/yolo_train/severstal_7de37a671.jpg,scratch,val
data/splits_metal/yolo_train/severstal_8821b2e2c.jpg,scratch,val
data/splits_metal/ae_val/severstal/severstal_8726568e0.jpg,no_defect,val
data/splits_metal/yolo_train/severstal_092145f0c.jpg,scratch,val
data/splits_metal/ae_val/severstal/severstal_d47e33408.jpg,no_defect,val
data/splits_metal/ae_val/severstal/severstal_c1ee793b9.jpg,no_defect,val
data/splits_metal/yolo_train/severstal_c5af9872c.jpg,scratch,val
data/splits_metal/yolo_train/severstal_f5c8f7766.jpg,patch,val
data/splits_metal/yolo_train/severstal_2969217e8.jpg,pitting,val
data/splits_metal/yolo_train/severstal_b04e7875c.jpg,scratch,val
data/splits_metal/ae_val/severstal/severstal_ea0cac9af.jpg,no_defect,val
data/splits_metal/yolo_val/severstal_875dd2561.jpg,scratch,val
data/splits_metal/ae_val/severstal/severstal_05172e316.jpg,no_defect,val
data/splits_metal/yolo_train/severstal_650ae9b05.jpg,scratch,val
data/splits_metal/ae_val/severstal/severstal_5267fdd89.jpg,no_defect,val
data/splits_metal/yolo_train/severstal_7d0ee3cd7.jpg,scratch,val
data/splits_metal/yolo_val/severstal_23783382d.jpg,scratch,val
data/splits_metal/ae_val/severstal/severstal_9ea0fe458.jpg,no_defect,val
data/splits_metal/yolo_train/severstal_6f5080dd7.jpg,scratch,val
data/splits_metal/yolo_train/severstal_10909b4bb.jpg,scratch,val
data/splits_metal/yolo_train/severstal_1e2bd7ad0.jpg,pitting,val
data/splits_metal/yolo_val/severstal_31deb6516.jpg,pitting,val
data/splits_metal/ae_val/severstal/severstal_93ad48645.jpg,no_defect,val
data/splits_metal/ae_val/severstal/severstal_b56726dee.jpg,no_defect,val
data/splits_metal/yolo_train/severstal_631c2334a.jpg,patch,val
data/splits_metal/ae_val/severstal/severstal_bc746015b.jpg,no_defect,val
data/splits_metal/ae_val/severstal/severstal_2a0876a27.jpg,no_defect,val
data/splits_metal/yolo_train/severstal_3124b1e5c.jpg,scratch,val
data/splits_metal/ae_val/severstal/severstal_442e75bf9.jpg,no_defect,val
data/splits_metal/ae_val/severstal/severstal_7c781ce34.jpg,no_defect,val
data/splits_metal/yolo_train/severstal_bff6cdfad.jpg,inclusion,val
data/splits_metal/yolo_train/severstal_24debd5d7.jpg,scratch,val
data/splits_metal/ae_val/severstal/severstal_8d96c4c5c.jpg,no_defect,val
data/splits_metal/yolo_train/severstal_d44db82d2.jpg,scratch,val
data/splits_metal/ae_val/severstal/severstal_e67d2a5b6.jpg,no_defect,val
data/splits_metal/ae_val/severstal/severstal_aba32046d.jpg,no_defect,val
data/splits_metal/ae_val/severstal/severstal_a8a6276cc.jpg,no_defect,val
data/splits_metal/ae_val/severstal/severstal_4d68a7a1a.jpg,no_defect,val
data/splits_metal/yolo_train/severstal_0eae06feb.jpg,scratch,val
data/splits_metal/yolo_train/severstal_44668f045.jpg,scratch,val
data/splits_metal/yolo_train/severstal_fb352c185.jpg,pitting,val
data/splits_metal/yolo_train/severstal_eba817e8d.jpg,scratch,val
data/splits_metal/ae_val/severstal/severstal_20a0d5ea9.jpg,no_defect,val
data/splits_metal/ae_val/severstal/severstal_0eb93b1a5.jpg,no_defect,val
data/splits_metal/yolo_train/severstal_c59b8a59a.jpg,patch,val
data/splits_metal/ae_val/severstal/severstal_d2649178a.jpg,no_defect,val
data/splits_metal/yolo_train/severstal_b86c963d6.jpg,scratch,val
data/splits_metal/yolo_train/severstal_5a752f8cd.jpg,scratch,val
data/splits_metal/yolo_train/severstal_7c764812d.jpg,pitting,val
data/splits_metal/ae_val/severstal/severstal_5bf66cfa5.jpg,no_defect,val
data/splits_metal/yolo_train/severstal_07ac7620c.jpg,pitting,val
data/splits_metal/yolo_train/severstal_5f459aeb3.jpg,patch,val
data/splits_metal/yolo_train/severstal_6caa89d4e.jpg,pitting,val
data/splits_metal/ae_val/severstal/severstal_c6b37cf7a.jpg,no_defect,val
data/splits_metal/yolo_train/severstal_f4f73481c.jpg,scratch,val
data/splits_metal/yolo_train/severstal_14a77cc6f.jpg,scratch,val
data/splits_metal/ae_val/severstal/severstal_87bf31f93.jpg,no_defect,val
data/splits_metal/ae_val/severstal/severstal_aa6a2b3e5.jpg,no_defect,val
data/splits_metal/ae_val/severstal/severstal_c70599c3a.jpg,no_defect,val
data/splits_metal/yolo_train/severstal_89f3cc3f1.jpg,scratch,val
data/splits_metal/yolo_train/severstal_d5ff65cd6.jpg,pitting,val
data/splits_metal/ae_val/severstal/severstal_ebb794625.jpg,no_defect,val
data/splits_metal/yolo_train/severstal_d4af6d206.jpg,scratch,val
data/splits_metal/yolo_train/severstal_ef8ba30c0.jpg,patch,val
data/splits_metal/yolo_train/severstal_26f6f4c72.jpg,scratch,val
data/splits_metal/ae_val/severstal/severstal_3f2610dfe.jpg,no_defect,val
data/splits_metal/ae_val/severstal/severstal_f8cdb7672.jpg,no_defect,val
data/splits_metal/yolo_train/severstal_93126606c.jpg,patch,val
data/splits_metal/ae_val/severstal/severstal_62631fed1.jpg,no_defect,val
data/splits_metal/ae_val/severstal/severstal_55475eb9b.jpg,no_defect,val
data/splits_metal/ae_val/severstal/severstal_a89b353af.jpg,no_defect,val
data/splits_metal/ae_val/severstal/severstal_c9a28779c.jpg,no_defect,val
data/splits_metal/yolo_train/severstal_132511b8b.jpg,patch,val
data/splits_metal/yolo_train/severstal_62a9535b1.jpg,pitting,val
data/splits_metal/yolo_val/severstal_8dbe6a9d8.jpg,scratch,val
data/splits_metal/yolo_train/severstal_42b398dcf.jpg,pitting,val
data/splits_metal/ae_val/severstal/severstal_cac7e2298.jpg,no_defect,val
data/splits_metal/yolo_train/severstal_be1e1cb10.jpg,pitting,val
data/splits_metal/yolo_train/severstal_c94bd179c.jpg,scratch,val
data/splits_metal/yolo_train/severstal_e0eade7b1.jpg,patch,val
data/splits_metal/ae_val/severstal/severstal_436ab2c1e.jpg,no_defect,val
data/splits_metal/yolo_train/severstal_7cb5bd6f1.jpg,patch,val
data/splits_metal/ae_val/severstal/severstal_fbab82e58.jpg,no_defect,val
data/splits_metal/ae_val/severstal/severstal_24c3b9e78.jpg,no_defect,val
data/splits_metal/yolo_train/severstal_1ea40df0e.jpg,scratch,val
data/splits_metal/ae_val/severstal/severstal_243685594.jpg,no_defect,val
data/splits_metal/yolo_train/severstal_97bf2a97c.jpg,pitting,val
data/splits_metal/yolo_train/severstal_8611deb61.jpg,scratch,val
data/splits_metal/ae_val/severstal/severstal_1b58aab8e.jpg,no_defect,val
data/splits_metal/ae_val/severstal/severstal_e2c3eb1ff.jpg,no_defect,val
data/splits_metal/yolo_train/severstal_0d4eae8de.jpg,patch,val
data/splits_metal/ae_val/severstal/severstal_203935b70.jpg,no_defect,val
data/splits_metal/ae_val/severstal/severstal_36bf3ef01.jpg,no_defect,val
data/splits_metal/ae_val/severstal/severstal_7610946c0.jpg,no_defect,val
data/splits_metal/ae_val/severstal/severstal_14423e60c.jpg,no_defect,val
data/splits_metal/ae_val/severstal/severstal_7e6994853.jpg,no_defect,val
data/splits_metal/yolo_train/severstal_50ff24e6e.jpg,scratch,val
data/splits_metal/ae_val/severstal/severstal_a3a47b0f8.jpg,no_defect,val
data/splits_metal/yolo_train/severstal_e941885fb.jpg,pitting,val
data/splits_metal/yolo_train/severstal_5c238e376.jpg,scratch,val
data/splits_metal/ae_val/severstal/severstal_cefae46dd.jpg,no_defect,val
data/splits_metal/yolo_val/severstal_80f2eef6e.jpg,scratch,val
data/splits_metal/yolo_val/severstal_2efdba8cd.jpg,scratch,val
data/splits_metal/yolo_val/severstal_cdbc4d8ec.jpg,scratch,val
data/splits_metal/ae_val/severstal/severstal_22a1c5ea1.jpg,no_defect,val
data/splits_metal/yolo_train/severstal_c8a9ae149.jpg,scratch,val
data/splits_metal/ae_val/severstal/severstal_3a619ce77.jpg,no_defect,val
data/splits_metal/yolo_train/severstal_12dd3899c.jpg,scratch,val
data/splits_metal/yolo_train/severstal_2cd524ca5.jpg,scratch,val
data/splits_metal/yolo_train/severstal_9f2b5e50a.jpg,scratch,val
data/splits_metal/yolo_train/severstal_46e0f0f9c.jpg,scratch,val
data/splits_metal/ae_val/severstal/severstal_f56a760ba.jpg,no_defect,val
data/splits_metal/yolo_train/severstal_c85ed5c64.jpg,scratch,val
data/splits_metal/ae_val/severstal/severstal_6d7b400d0.jpg,no_defect,val
data/splits_metal/ae_val/severstal/severstal_1a23e4531.jpg,no_defect,val
data/splits_metal/yolo_train/severstal_488922ac2.jpg,inclusion,val
data/splits_metal/ae_val/severstal/severstal_b4c7a5a60.jpg,no_defect,val
data/splits_metal/yolo_train/severstal_0498abd18.jpg,scratch,val
data/splits_metal/yolo_train/severstal_7a0d758f8.jpg,patch,val
data/splits_metal/ae_val/severstal/severstal_933f29b10.jpg,no_defect,val
data/splits_metal/ae_val/severstal/severstal_e8a8676e0.jpg,no_defect,val
data/splits_metal/yolo_train/severstal_e6123fb08.jpg,pitting,val
data/splits_metal/ae_val/severstal/severstal_adb7a2b1a.jpg,no_defect,val
data/splits_metal/ae_val/severstal/severstal_c9a8a25c4.jpg,no_defect,val
data/splits_metal/yolo_train/severstal_f5a4016bb.jpg,scratch,val
data/splits_metal/yolo_train/severstal_b8ba151b1.jpg,scratch,val
data/splits_metal/yolo_val/severstal_8c81bbce4.jpg,scratch,val
data/splits_metal/ae_val/severstal/severstal_30f5a0fae.jpg,no_defect,val
data/splits_metal/yolo_train/severstal_66e43edf6.jpg,pitting,val
data/splits_metal/ae_val/severstal/severstal_6006371fc.jpg,no_defect,val
data/splits_metal/ae_val/severstal/severstal_2bc7c992b.jpg,no_defect,val
data/splits_metal/yolo_train/severstal_e29a708e0.jpg,pitting,val
data/splits_metal/yolo_train/severstal_fd184c14c.jpg,scratch,val
data/splits_metal/yolo_train/severstal_8a485f766.jpg,scratch,val
data/splits_metal/yolo_val/severstal_b2d4a1767.jpg,scratch,val
data/splits_metal/ae_val/severstal/severstal_8bf955276.jpg,no_defect,val
data/splits_metal/yolo_train/severstal_bb3421ee8.jpg,inclusion,val
data/splits_metal/yolo_train/severstal_25fc987a1.jpg,scratch,val
data/splits_metal/yolo_train/severstal_eb3f5c9c8.jpg,scratch,val
data/splits_metal/yolo_train/severstal_fb565bc91.jpg,scratch,val
data/splits_metal/ae_val/severstal/severstal_0519989b3.jpg,no_defect,val
data/splits_metal/ae_val/severstal/severstal_ada4050a4.jpg,no_defect,val
data/splits_metal/yolo_val/severstal_a2e083f69.jpg,scratch,val
data/splits_metal/ae_val/severstal/severstal_7d3f9dfa1.jpg,no_defect,val
data/splits_metal/yolo_train/severstal_454d794dc.jpg,patch,val
data/splits_metal/ae_val/severstal/severstal_61cd2a4f4.jpg,no_defect,val
data/splits_metal/yolo_train/severstal_eeffa4c49.jpg,pitting,val
data/splits_metal/yolo_train/severstal_cff20dde9.jpg,scratch,val
data/splits_metal/yolo_train/severstal_4598f8be0.jpg,scratch,val
data/splits_metal/ae_val/severstal/severstal_0920a07c6.jpg,no_defect,val
data/splits_metal/ae_val/severstal/severstal_d243bd0ac.jpg,no_defect,val
data/splits_metal/ae_val/severstal/severstal_5a68d86b2.jpg,no_defect,val
data/splits_metal/yolo_train/severstal_8f0dcad21.jpg,scratch,val
data/splits_metal/ae_val/severstal/severstal_37926dcdc.jpg,no_defect,val
data/splits_metal/ae_val/severstal/severstal_c5c88f5ee.jpg,no_defect,val
data/splits_metal/yolo_train/severstal_a57369d47.jpg,scratch,val
data/splits_metal/yolo_train/severstal_3520eaa6d.jpg,scratch,val
data/splits_metal/yolo_train/severstal_9cfa9539e.jpg,scratch,val
data/splits_metal/ae_val/severstal/severstal_3223ad6e6.jpg,no_defect,val
data/splits_metal/ae_val/severstal/severstal_c609cbe50.jpg,no_defect,val
data/splits_metal/yolo_train/severstal_b69d1ed6a.jpg,scratch,val
data/splits_metal/yolo_train/severstal_163ff3547.jpg,inclusion,val
data/splits_metal/yolo_train/severstal_29a023a11.jpg,scratch,val
data/splits_metal/ae_val/severstal/severstal_2d778a4c9.jpg,no_defect,val
data/splits_metal/yolo_train/severstal_e4b3b7491.jpg,scratch,val
data/splits_metal/yolo_train/severstal_8aacab1a1.jpg,scratch,val
data/splits_metal/ae_val/severstal/severstal_f4829742c.jpg,no_defect,val
data/splits_metal/ae_val/severstal/severstal_e48411a83.jpg,no_defect,val
data/splits_metal/ae_val/severstal/severstal_4fe40fc03.jpg,no_defect,val
data/splits_metal/yolo_train/severstal_693f88388.jpg,patch,val
data/splits_metal/yolo_train/severstal_e96249f5a.jpg,scratch,val
data/splits_metal/ae_val/severstal/severstal_f6aebe83b.jpg,no_defect,val
data/splits_metal/yolo_train/severstal_933a9dc8b.jpg,pitting,val
data/splits_metal/yolo_val/severstal_a053e52ca.jpg,scratch,val
data/splits_metal/yolo_train/severstal_55979505e.jpg,scratch,val
data/splits_metal/yolo_val/severstal_00c88fed0.jpg,inclusion,val
data/splits_metal/ae_val/severstal/severstal_e215c6958.jpg,no_defect,val
data/splits_metal/ae_val/severstal/severstal_a705ed228.jpg,no_defect,val
data/splits_metal/ae_val/severstal/severstal_533261093.jpg,no_defect,val
data/splits_metal/ae_val/severstal/severstal_39233a360.jpg,no_defect,val
data/splits_metal/ae_val/severstal/severstal_0821136d7.jpg,no_defect,val
data/splits_metal/ae_val/severstal/severstal_11e51739f.jpg,no_defect,val
data/splits_metal/ae_val/severstal/severstal_738990878.jpg,no_defect,val
data/splits_metal/yolo_val/severstal_1c61eaea9.jpg,scratch,val
data/splits_metal/yolo_train/severstal_fea4c4feb.jpg,pitting,val
data/splits_metal/yolo_train/severstal_4dd35625f.jpg,scratch,val
data/splits_metal/ae_val/severstal/severstal_1296079c8.jpg,no_defect,val
data/splits_metal/yolo_train/severstal_ceccb1eef.jpg,pitting,val
data/splits_metal/yolo_val/severstal_86217c4ba.jpg,patch,val
data/splits_metal/ae_val/severstal/severstal_18c97da58.jpg,no_defect,val
data/splits_metal/yolo_train/severstal_06e7b157a.jpg,scratch,val
data/splits_metal/yolo_train/severstal_ded5c87e8.jpg,scratch,val
data/splits_metal/ae_val/severstal/severstal_ae2fd4efe.jpg,no_defect,val
data/splits_metal/yolo_train/severstal_058a1e3b8.jpg,scratch,val
data/splits_metal/ae_val/severstal/severstal_7bc5a99d5.jpg,no_defect,val
data/splits_metal/ae_val/severstal/severstal_c93d081ca.jpg,no_defect,val
data/splits_metal/ae_val/severstal/severstal_cbf28f40f.jpg,no_defect,val
data/splits_metal/ae_val/severstal/severstal_333f7b0e6.jpg,no_defect,val
data/splits_metal/ae_val/severstal/severstal_04e15fdc1.jpg,no_defect,val
data/splits_metal/yolo_train/severstal_d94082fe6.jpg,scratch,val
data/splits_metal/yolo_train/severstal_be65d7bb7.jpg,scratch,val
data/splits_metal/yolo_train/severstal_69403726e.jpg,scratch,val
data/splits_metal/yolo_train/severstal_79b0f1510.jpg,pitting,val
data/splits_metal/yolo_train/severstal_1fed233e0.jpg,pitting,val
data/splits_metal/ae_val/severstal/severstal_bedff6112.jpg,no_defect,val
data/splits_metal/yolo_train/severstal_ef21b3e57.jpg,scratch,val
data/splits_metal/yolo_train/severstal_a3714aefc.jpg,scratch,val
data/splits_metal/ae_val/severstal/severstal_17d084dae.jpg,no_defect,val
data/splits_metal/ae_val/severstal/severstal_3e3aa2898.jpg,no_defect,val
data/splits_metal/ae_val/severstal/severstal_7e56364ce.jpg,no_defect,val
data/splits_metal/yolo_train/severstal_d1e9e969f.jpg,scratch,val
data/splits_metal/yolo_train/severstal_b1e9c469c.jpg,scratch,val
data/splits_metal/yolo_train/severstal_8f7032bd2.jpg,scratch,val
data/splits_metal/ae_val/severstal/severstal_8f050a70e.jpg,no_defect,val
data/splits_metal/yolo_train/severstal_64c97319b.jpg,scratch,val
data/splits_metal/ae_val/severstal/severstal_0c9425441.jpg,no_defect,val
data/splits_metal/yolo_train/severstal_46160f1f5.jpg,scratch,val
data/splits_metal/ae_val/severstal/severstal_85f750ca7.jpg,no_defect,val
data/splits_metal/yolo_train/severstal_209e34a89.jpg,scratch,val
data/splits_metal/yolo_train/severstal_5ca2ccd75.jpg,scratch,val
data/splits_metal/ae_val/severstal/severstal_45f4acb24.jpg,no_defect,val
data/splits_metal/yolo_train/severstal_eebcc0af3.jpg,pitting,val
data/splits_metal/ae_val/severstal/severstal_8b4a58055.jpg,no_defect,val
data/splits_metal/yolo_train/severstal_43a450e62.jpg,scratch,val
data/splits_metal/ae_val/severstal/severstal_c81628edc.jpg,no_defect,val
data/splits_metal/yolo_train/severstal_7365300fe.jpg,scratch,val
data/splits_metal/ae_val/severstal/severstal_56cf9fe0e.jpg,no_defect,val
data/splits_metal/ae_val/severstal/severstal_5009ae5f7.jpg,no_defect,val
data/splits_metal/yolo_train/severstal_135a4b191.jpg,scratch,val
data/splits_metal/yolo_train/severstal_e0593f542.jpg,scratch,val
data/splits_metal/yolo_train/severstal_9622959c1.jpg,scratch,val
data/splits_metal/yolo_train/severstal_ba027ff62.jpg,scratch,val
data/splits_metal/yolo_train/severstal_3b4c484d0.jpg,scratch,val
data/splits_metal/ae_val/severstal/severstal_356a85fab.jpg,no_defect,val
data/splits_metal/yolo_val/severstal_579796d67.jpg,scratch,val
data/splits_metal/yolo_train/severstal_d6102d7d2.jpg,scratch,val
data/splits_metal/yolo_train/severstal_2f6b7235e.jpg,scratch,val
data/splits_metal/ae_val/severstal/severstal_66d9ba8db.jpg,no_defect,val
data/splits_metal/yolo_val/severstal_e6feea803.jpg,pitting,val
data/splits_metal/yolo_train/severstal_f4a98f891.jpg,scratch,val
data/splits_metal/yolo_val/severstal_60d7ee261.jpg,scratch,val
data/splits_metal/ae_val/severstal/severstal_5c3ececea.jpg,no_defect,val
data/splits_metal/yolo_train/severstal_8b4e90080.jpg,scratch,val
data/splits_metal/yolo_train/severstal_8ceba5ea5.jpg,scratch,val
data/splits_metal/ae_val/severstal/severstal_05b8ed770.jpg,no_defect,val
data/splits_metal/yolo_train/severstal_7581cba15.jpg,patch,val
data/splits_metal/ae_val/severstal/severstal_5cf1e588e.jpg,no_defect,val
data/splits_metal/ae_val/severstal/severstal_fb8a8c8be.jpg,no_defect,val
data/splits_metal/yolo_train/severstal_41716714b.jpg,scratch,val
data/splits_metal/ae_val/severstal/severstal_213ba76ed.jpg,no_defect,val
data/splits_metal/ae_val/severstal/severstal_e5875ecbd.jpg,no_defect,val
data/splits_metal/yolo_train/severstal_07ba16aba.jpg,scratch,val
data/splits_metal/yolo_train/severstal_32fa68bed.jpg,scratch,val
data/splits_metal/yolo_train/severstal_23120f506.jpg,scratch,val
data/splits_metal/ae_val/severstal/severstal_78c3a77c2.jpg,no_defect,val
data/splits_metal/yolo_train/severstal_ecb50399d.jpg,patch,val
data/splits_metal/ae_val/severstal/severstal_48b41f49d.jpg,no_defect,val
data/splits_metal/ae_val/severstal/severstal_fc1ee52dc.jpg,no_defect,val
data/splits_metal/ae_val/severstal/severstal_37e464678.jpg,no_defect,val
data/splits_metal/yolo_train/severstal_9347e65bb.jpg,scratch,val
data/splits_metal/yolo_train/severstal_bbebbd412.jpg,scratch,val
data/splits_metal/ae_val/severstal/severstal_dde1f8ad2.jpg,no_defect,val
data/splits_metal/yolo_train/severstal_f276116b0.jpg,pitting,val
data/splits_metal/ae_val/severstal/severstal_d7fc606cd.jpg,no_defect,val
data/splits_metal/ae_val/severstal/severstal_5dbe61887.jpg,no_defect,val
data/splits_metal/yolo_train/severstal_c3d7412a0.jpg,scratch,val
data/splits_metal/ae_val/severstal/severstal_698fdc957.jpg,no_defect,val
data/splits_metal/ae_val/severstal/severstal_65ddaa254.jpg,no_defect,val
data/splits_metal/ae_val/severstal/severstal_6a039865f.jpg,no_defect,val
data/splits_metal/ae_val/severstal/severstal_ccef0f068.jpg,no_defect,val
data/splits_metal/yolo_train/severstal_676de457e.jpg,patch,val
data/splits_metal/yolo_train/severstal_0888e6a84.jpg,patch,val
data/splits_metal/ae_val/severstal/severstal_8ab0bf58c.jpg,no_defect,val
data/splits_metal/yolo_train/severstal_3a222ca8a.jpg,scratch,val
data/splits_metal/ae_val/severstal/severstal_558bffe73.jpg,no_defect,val
data/splits_metal/yolo_train/severstal_80d60d687.jpg,scratch,val
data/splits_metal/ae_val/severstal/severstal_f8952d06e.jpg,no_defect,val
data/splits_metal/yolo_train/severstal_1d0521214.jpg,scratch,val
data/splits_metal/ae_val/severstal/severstal_8d3f582fb.jpg,no_defect,val
data/splits_metal/ae_val/severstal/severstal_26103f6a4.jpg,no_defect,val
data/splits_metal/yolo_val/severstal_ce43bdd06.jpg,scratch,val
data/splits_metal/yolo_train/severstal_0ff13bf69.jpg,scratch,val
data/splits_metal/yolo_train/severstal_9b63ed48c.jpg,pitting,val
data/splits_metal/ae_val/severstal/severstal_00762aa3b.jpg,no_defect,val
data/splits_metal/ae_val/severstal/severstal_85be23fbf.jpg,no_defect,val
data/splits_metal/ae_val/severstal/severstal_e279406f9.jpg,no_defect,val
data/splits_metal/ae_val/severstal/severstal_27623931a.jpg,no_defect,val
data/splits_metal/yolo_train/severstal_528112571.jpg,scratch,val
data/splits_metal/ae_val/severstal/severstal_e9309d54e.jpg,no_defect,val
data/splits_metal/yolo_train/severstal_35c80b6f0.jpg,scratch,val
data/splits_metal/yolo_val/severstal_c30805f9e.jpg,scratch,val
data/splits_metal/yolo_val/severstal_bf83e7037.jpg,scratch,val
data/splits_metal/ae_val/severstal/severstal_017d75655.jpg,no_defect,val
data/splits_metal/yolo_train/severstal_bfe025097.jpg,scratch,val
data/splits_metal/yolo_train/severstal_cd465dc7d.jpg,scratch,val
data/splits_metal/yolo_val/severstal_5952d06e5.jpg,patch,val
data/splits_metal/ae_val/severstal/severstal_ba3358802.jpg,no_defect,val
data/splits_metal/yolo_val/severstal_0984c380f.jpg,scratch,val
data/splits_metal/yolo_train/severstal_17ac2163c.jpg,inclusion,val
data/splits_metal/yolo_val/severstal_fc4ef4356.jpg,scratch,val
data/splits_metal/yolo_train/severstal_76adc6361.jpg,pitting,val
data/splits_metal/yolo_val/severstal_0d661ca68.jpg,scratch,val
data/splits_metal/ae_val/severstal/severstal_d1ec80102.jpg,no_defect,val
data/splits_metal/ae_val/severstal/severstal_690f160a5.jpg,no_defect,val
data/splits_metal/yolo_train/severstal_36ea9270d.jpg,scratch,val
data/splits_metal/yolo_train/severstal_9e450923e.jpg,patch,val
data/splits_metal/yolo_train/severstal_e93bfa412.jpg,patch,val
data/splits_metal/yolo_train/severstal_af1debfe3.jpg,scratch,val
data/splits_metal/ae_val/severstal/severstal_c42e40dd9.jpg,no_defect,val
data/splits_metal/yolo_train/severstal_6d9559d13.jpg,scratch,val
data/splits_metal/yolo_train/severstal_f83aa5759.jpg,scratch,val
data/splits_metal/yolo_train/severstal_968701cce.jpg,scratch,val
data/splits_metal/ae_val/severstal/severstal_4913bc8ce.jpg,no_defect,val
data/splits_metal/yolo_train/severstal_289d03d64.jpg,scratch,val
data/splits_metal/ae_val/severstal/severstal_1c2b72b46.jpg,no_defect,val
data/splits_metal/yolo_train/severstal_dbac90dc5.jpg,inclusion,val
data/splits_metal/ae_val/severstal/severstal_a3fa62a41.jpg,no_defect,val
data/splits_metal/yolo_train/severstal_34d73f3ad.jpg,pitting,val
data/splits_metal/yolo_train/severstal_70be92f18.jpg,patch,val
data/splits_metal/yolo_train/severstal_9ead58088.jpg,scratch,val
data/splits_metal/yolo_train/severstal_a2b2c9e3e.jpg,scratch,val
data/splits_metal/ae_val/severstal/severstal_9599f1ea1.jpg,no_defect,val
data/splits_metal/yolo_train/severstal_90fbefd8c.jpg,scratch,val
data/splits_metal/yolo_train/severstal_db3ce9c95.jpg,patch,val
data/splits_metal/ae_val/severstal/severstal_6c0433718.jpg,no_defect,val
data/splits_metal/yolo_train/severstal_1f9b8e2e6.jpg,scratch,val
data/splits_metal/ae_val/severstal/severstal_6241f88fd.jpg,no_defect,val
data/splits_metal/ae_val/severstal/severstal_4fcc02177.jpg,no_defect,val
data/splits_metal/ae_val/severstal/severstal_c860271b4.jpg,no_defect,val
data/splits_metal/yolo_val/severstal_d5a8b7ba4.jpg,patch,val
data/splits_metal/ae_val/severstal/severstal_73ebf6bfd.jpg,no_defect,val
data/splits_metal/ae_val/severstal/severstal_496656148.jpg,no_defect,val
data/splits_metal/yolo_train/severstal_eadff74bc.jpg,scratch,val
data/splits_metal/yolo_train/severstal_2720732e7.jpg,scratch,val
data/splits_metal/yolo_train/severstal_d8978ca15.jpg,scratch,val
data/splits_metal/yolo_train/severstal_ce7b7ac0b.jpg,inclusion,val
data/splits_metal/ae_val/severstal/severstal_5c2495c58.jpg,no_defect,val
data/splits_metal/yolo_val/severstal_eb8fe7e47.jpg,scratch,val
data/splits_metal/yolo_train/severstal_1e7893a11.jpg,scratch,val
data/splits_metal/yolo_train/severstal_2e8489244.jpg,scratch,val
data/splits_metal/ae_val/severstal/severstal_5d31c6ec3.jpg,no_defect,val
data/splits_metal/ae_val/severstal/severstal_d8e9d10b6.jpg,no_defect,val
data/splits_metal/yolo_val/severstal_9ad1ad629.jpg,scratch,val
data/splits_metal/yolo_train/severstal_60bc48f6b.jpg,scratch,val
data/splits_metal/ae_val/severstal/severstal_809f27321.jpg,no_defect,val
data/splits_metal/yolo_train/severstal_79f669380.jpg,scratch,val
data/splits_metal/ae_val/severstal/severstal_1233290d1.jpg,no_defect,val
data/splits_metal/yolo_train/severstal_03db6bbc3.jpg,patch,val
data/splits_metal/yolo_train/severstal_911d78b0a.jpg,scratch,val
data/splits_metal/yolo_train/severstal_40b68e3bb.jpg,scratch,val
data/splits_metal/ae_val/severstal/severstal_953052b34.jpg,no_defect,val
data/splits_metal/ae_val/severstal/severstal_1a2b7acb7.jpg,no_defect,val
data/splits_metal/yolo_train/severstal_08f5c0997.jpg,scratch,val
data/splits_metal/yolo_train/severstal_10c05e806.jpg,scratch,val
data/splits_metal/ae_val/severstal/severstal_344054b93.jpg,no_defect,val
data/splits_metal/ae_val/severstal/severstal_c2d93de82.jpg,no_defect,val
data/splits_metal/ae_val/severstal/severstal_50308589f.jpg,no_defect,val
data/splits_metal/yolo_train/severstal_57f9b3eae.jpg,scratch,val
data/splits_metal/yolo_train/severstal_6353833df.jpg,scratch,val
data/splits_metal/yolo_train/severstal_9dfb319cc.jpg,scratch,val
data/splits_metal/yolo_train/severstal_2f8cf11d3.jpg,scratch,val
data/splits_metal/ae_val/severstal/severstal_3186f3882.jpg,no_defect,val
data/splits_metal/yolo_train/severstal_03ca4d04c.jpg,scratch,val
data/splits_metal/ae_val/severstal/severstal_5294d00dc.jpg,no_defect,val
data/splits_metal/ae_val/severstal/severstal_02d3ca489.jpg,no_defect,val
data/splits_metal/ae_val/severstal/severstal_84b6bfc9a.jpg,no_defect,val
data/splits_metal/ae_val/severstal/severstal_c5fccc67c.jpg,no_defect,val
data/splits_metal/ae_val/severstal/severstal_f72f8467b.jpg,no_defect,val
data/splits_metal/ae_val/severstal/severstal_ebb8247c6.jpg,no_defect,val
data/splits_metal/ae_val/severstal/severstal_254f1326a.jpg,no_defect,val
data/splits_metal/yolo_train/severstal_6e34351b6.jpg,scratch,val
data/splits_metal/yolo_train/severstal_005f19695.jpg,scratch,val
data/splits_metal/yolo_train/severstal_4c03cad47.jpg,scratch,val
data/splits_metal/yolo_train/severstal_b9b07c892.jpg,patch,val
data/splits_metal/yolo_train/severstal_a189ded53.jpg,pitting,val
data/splits_metal/ae_val/severstal/severstal_82ac8152a.jpg,no_defect,val
data/splits_metal/yolo_val/severstal_2a7f8bab0.jpg,inclusion,val
data/splits_metal/yolo_train/severstal_6ad48f01b.jpg,patch,val
data/splits_metal/yolo_train/severstal_59b3bbeaf.jpg,scratch,val
data/splits_metal/ae_val/severstal/severstal_eebc69ef5.jpg,no_defect,val
data/splits_metal/yolo_train/severstal_398ecb719.jpg,scratch,val
data/splits_metal/ae_val/severstal/severstal_ef6f50a86.jpg,no_defect,val
data/splits_metal/yolo_train/severstal_8baffdc70.jpg,scratch,val
data/splits_metal/yolo_train/severstal_8de366fb3.jpg,scratch,val
data/splits_metal/ae_val/severstal/severstal_be3f5118b.jpg,no_defect,val
data/splits_metal/yolo_train/severstal_d20bb7f7b.jpg,scratch,val
data/splits_metal/ae_val/severstal/severstal_4a585e4e9.jpg,no_defect,val
data/splits_metal/ae_val/severstal/severstal_271f3eb1f.jpg,no_defect,val
data/splits_metal/ae_val/severstal/severstal_2f03dc294.jpg,no_defect,val
data/splits_metal/ae_val/severstal/severstal_b18964e8a.jpg,no_defect,val
data/splits_metal/yolo_train/severstal_b5cdb72ff.jpg,scratch,val
data/splits_metal/ae_val/severstal/severstal_65829e956.jpg,no_defect,val
data/splits_metal/ae_val/severstal/severstal_a9b30f4b1.jpg,no_defect,val
data/splits_metal/yolo_train/severstal_77a545147.jpg,scratch,val
data/splits_metal/yolo_train/severstal_5377dbac1.jpg,scratch,val
data/splits_metal/ae_val/severstal/severstal_45ebf8adb.jpg,no_defect,val
data/splits_metal/ae_val/severstal/severstal_bc486ffb1.jpg,no_defect,val
data/splits_metal/ae_val/severstal/severstal_c61d682a4.jpg,no_defect,val
data/splits_metal/ae_val/severstal/severstal_4c10454f2.jpg,no_defect,val
data/splits_metal/ae_val/severstal/severstal_773d61c10.jpg,no_defect,val
data/splits_metal/yolo_train/severstal_b2c9fde17.jpg,scratch,val
data/splits_metal/yolo_train/severstal_df55b085a.jpg,patch,val
data/splits_metal/ae_val/severstal/severstal_027b280f4.jpg,no_defect,val
data/splits_metal/ae_val/severstal/severstal_6be9e1667.jpg,no_defect,val
data/splits_metal/ae_val/severstal/severstal_7172dbf47.jpg,no_defect,val
data/splits_metal/yolo_train/severstal_c10467a1f.jpg,scratch,val
data/splits_metal/ae_val/severstal/severstal_f33f47596.jpg,no_defect,val
data/splits_metal/ae_val/severstal/severstal_ff09babee.jpg,no_defect,val
data/splits_metal/ae_val/severstal/severstal_263e60865.jpg,no_defect,val
data/splits_metal/ae_val/severstal/severstal_87aef6fe4.jpg,no_defect,val
data/splits_metal/ae_val/severstal/severstal_918ed7e9f.jpg,no_defect,val
data/splits_metal/yolo_train/severstal_20edbd1a8.jpg,patch,val
data/splits_metal/ae_val/severstal/severstal_ac6b3e4bc.jpg,no_defect,val
data/splits_metal/ae_val/severstal/severstal_2feb3983d.jpg,no_defect,val
data/splits_metal/yolo_train/severstal_d9d9f2b25.jpg,scratch,val
data/splits_metal/yolo_train/severstal_603bb9003.jpg,pitting,val
data/splits_metal/ae_val/severstal/severstal_f62f6fd17.jpg,no_defect,val
data/splits_metal/ae_val/severstal/severstal_0b202a5ad.jpg,no_defect,val
data/splits_metal/ae_val/severstal/severstal_204ad9b3b.jpg,no_defect,val
data/splits_metal/ae_val/severstal/severstal_f0d32ba71.jpg,no_defect,val
data/splits_metal/yolo_train/severstal_167ae556b.jpg,scratch,val
data/splits_metal/yolo_train/severstal_71b815a2d.jpg,scratch,val
data/splits_metal/yolo_train/severstal_7155ea2e8.jpg,scratch,val
data/splits_metal/yolo_train/severstal_fcded3d29.jpg,scratch,val
data/splits_metal/ae_val/severstal/severstal_cc979e0ef.jpg,no_defect,val
data/splits_metal/yolo_train/severstal_db2d6da08.jpg,scratch,val
data/splits_metal/ae_val/severstal/severstal_2e224953f.jpg,no_defect,val
data/splits_metal/yolo_train/severstal_8a3de2473.jpg,scratch,val
data/splits_metal/ae_val/severstal/severstal_cda8f98cb.jpg,no_defect,val
data/splits_metal/ae_val/severstal/severstal_23e517b52.jpg,no_defect,val
data/splits_metal/ae_val/severstal/severstal_65cb0add2.jpg,no_defect,val
data/splits_metal/yolo_train/severstal_61f93524d.jpg,scratch,val
data/splits_metal/ae_val/severstal/severstal_c21aeed3b.jpg,no_defect,val
data/splits_metal/ae_val/severstal/severstal_73dd215d7.jpg,no_defect,val
data/splits_metal/ae_val/severstal/severstal_1dafc568c.jpg,no_defect,val
data/splits_metal/ae_val/severstal/severstal_ffe93442c.jpg,no_defect,val
data/splits_metal/ae_val/severstal/severstal_1695e6e06.jpg,no_defect,val
data/splits_metal/ae_val/severstal/severstal_c9893033f.jpg,no_defect,val
data/splits_metal/yolo_train/severstal_5c55d1bbf.jpg,scratch,val
data/splits_metal/yolo_train/severstal_5b334d4db.jpg,scratch,val
data/splits_metal/yolo_train/severstal_9b3d6aa5f.jpg,scratch,val
data/splits_metal/ae_val/severstal/severstal_8edf2ed7d.jpg,no_defect,val
data/splits_metal/yolo_train/severstal_2b0d476d6.jpg,inclusion,val
data/splits_metal/yolo_train/severstal_48532e006.jpg,scratch,val
data/splits_metal/ae_val/severstal/severstal_7ecb2f19b.jpg,no_defect,val
data/splits_metal/ae_val/severstal/severstal_54c0e2d84.jpg,no_defect,val
data/splits_metal/yolo_train/severstal_c44784905.jpg,patch,val
data/splits_metal/yolo_train/severstal_677ec10b9.jpg,scratch,val
data/splits_metal/yolo_train/severstal_0bb304645.jpg,pitting,val
data/splits_metal/yolo_train/severstal_36a804181.jpg,scratch,val
data/splits_metal/yolo_train/severstal_3b8d1d356.jpg,scratch,val
data/splits_metal/ae_val/severstal/severstal_97fe33051.jpg,no_defect,val
data/splits_metal/yolo_train/severstal_8aaebf6ec.jpg,scratch,val
data/splits_metal/yolo_train/severstal_5b202c6f5.jpg,patch,val
data/splits_metal/ae_val/severstal/severstal_9e33829a0.jpg,no_defect,val
data/splits_metal/yolo_train/severstal_db17f3e99.jpg,scratch,val
data/splits_metal/ae_val/severstal/severstal_37ced4e1d.jpg,no_defect,val
data/splits_metal/ae_val/severstal/severstal_c05e59fa6.jpg,no_defect,val
data/splits_metal/yolo_train/severstal_ec10e45db.jpg,patch,val
data/splits_metal/ae_val/severstal/severstal_023353d24.jpg,no_defect,val
data/splits_metal/yolo_train/severstal_1e0220d5c.jpg,scratch,val
data/splits_metal/yolo_train/severstal_100cf75d9.jpg,scratch,val
data/splits_metal/ae_val/severstal/severstal_a4f276f9a.jpg,no_defect,val
data/splits_metal/yolo_train/severstal_bc9e35c07.jpg,scratch,val
data/splits_metal/ae_val/severstal/severstal_bfc7f2dfa.jpg,no_defect,val
data/splits_metal/ae_val/severstal/severstal_b046e320f.jpg,no_defect,val
data/splits_metal/ae_val/severstal/severstal_14d55eb94.jpg,no_defect,val
data/splits_metal/ae_val/severstal/severstal_4e69c98cf.jpg,no_defect,val
data/splits_metal/ae_val/severstal/severstal_bbd5080f6.jpg,no_defect,val
data/splits_metal/yolo_val/severstal_219621d5d.jpg,scratch,val
data/splits_metal/yolo_train/severstal_711069458.jpg,scratch,val
data/splits_metal/ae_val/severstal/severstal_8bba1760b.jpg,no_defect,val
data/splits_metal/yolo_train/severstal_e869118bb.jpg,scratch,val
data/splits_metal/ae_val/severstal/severstal_211f39c22.jpg,no_defect,val
data/splits_metal/ae_val/severstal/severstal_7f08f1369.jpg,no_defect,val
data/splits_metal/yolo_train/severstal_461f83c57.jpg,pitting,val
data/splits_metal/ae_val/severstal/severstal_e1727840b.jpg,no_defect,val
data/splits_metal/yolo_train/severstal_1bf49d46e.jpg,scratch,val
data/splits_metal/yolo_train/severstal_8f5e37d0a.jpg,scratch,val
data/splits_metal/ae_val/severstal/severstal_88d3a711a.jpg,no_defect,val
data/splits_metal/yolo_train/severstal_3ae2aba5e.jpg,scratch,val
data/splits_metal/ae_val/severstal/severstal_703de742d.jpg,no_defect,val
data/splits_metal/yolo_val/severstal_bae2c9821.jpg,scratch,val
data/splits_metal/yolo_train/severstal_82602cb06.jpg,patch,val
data/splits_metal/yolo_val/severstal_50cfeaca4.jpg,scratch,val
data/splits_metal/ae_val/severstal/severstal_49acef8b0.jpg,no_defect,val
data/splits_metal/ae_val/severstal/severstal_b859b9175.jpg,no_defect,val
data/splits_metal/ae_val/severstal/severstal_aba64bfab.jpg,no_defect,val
data/splits_metal/ae_val/severstal/severstal_38e697d3f.jpg,no_defect,val
data/splits_metal/yolo_train/severstal_2511b27f5.jpg,scratch,val
data/splits_metal/yolo_train/severstal_9424f9664.jpg,scratch,val
data/splits_metal/yolo_train/severstal_f210c637e.jpg,scratch,val
data/splits_metal/yolo_train/severstal_c34fc79b6.jpg,scratch,val
data/splits_metal/ae_val/severstal/severstal_dc5f711fa.jpg,no_defect,val
data/splits_metal/ae_val/severstal/severstal_0ddd9b0c8.jpg,no_defect,val
data/splits_metal/yolo_val/severstal_4803fc0ae.jpg,scratch,val
data/splits_metal/ae_val/severstal/severstal_fa564380a.jpg,no_defect,val
data/splits_metal/yolo_train/severstal_9b40d78e0.jpg,scratch,val
data/splits_metal/ae_val/severstal/severstal_cc00b69e7.jpg,no_defect,val
data/splits_metal/ae_val/severstal/severstal_d8cf18d6b.jpg,no_defect,val
data/splits_metal/yolo_train/severstal_e7aa7746f.jpg,scratch,val
data/splits_metal/ae_val/severstal/severstal_0a46cc4bf.jpg,no_defect,val
data/splits_metal/ae_val/severstal/severstal_cf86d1632.jpg,no_defect,val
data/splits_metal/yolo_train/severstal_bc751c15d.jpg,inclusion,val
data/splits_metal/yolo_train/severstal_201f7cd69.jpg,pitting,val
data/splits_metal/yolo_train/severstal_10b23eabe.jpg,scratch,val
data/splits_metal/yolo_train/severstal_5b66c8d1f.jpg,scratch,val
data/splits_metal/yolo_train/severstal_a71e7121c.jpg,pitting,val
data/splits_metal/yolo_train/severstal_50742b144.jpg,scratch,val
data/splits_metal/ae_val/severstal/severstal_e364fb7b7.jpg,no_defect,val
data/splits_metal/yolo_train/severstal_5c201d9e7.jpg,scratch,val
data/splits_metal/ae_val/severstal/severstal_3360184d3.jpg,no_defect,val
data/splits_metal/ae_val/severstal/severstal_ef7331888.jpg,no_defect,val
data/splits_metal/ae_val/severstal/severstal_a2d35199d.jpg,no_defect,val
data/splits_metal/yolo_train/severstal_d6777d642.jpg,patch,val
data/splits_metal/yolo_train/severstal_eb2b76683.jpg,pitting,val
data/splits_metal/ae_val/severstal/severstal_9211ac1a1.jpg,no_defect,val
data/splits_metal/yolo_train/severstal_3dbbb330a.jpg,scratch,val
data/splits_metal/ae_val/severstal/severstal_6d293a48f.jpg,no_defect,val
data/splits_metal/ae_val/severstal/severstal_fde8b6a20.jpg,no_defect,val
data/splits_metal/yolo_train/severstal_8886a8a54.jpg,scratch,val
data/splits_metal/ae_val/severstal/severstal_a662c0df3.jpg,no_defect,val
data/splits_metal/ae_val/severstal/severstal_0d388891f.jpg,no_defect,val
data/splits_metal/yolo_train/severstal_d70100be8.jpg,pitting,val
data/splits_metal/yolo_train/severstal_f7fc733a7.jpg,scratch,val
data/splits_metal/ae_val/severstal/severstal_b1019292f.jpg,no_defect,val
data/splits_metal/ae_val/severstal/severstal_ac42f4ac8.jpg,no_defect,val
data/splits_metal/ae_val/severstal/severstal_6998f83b7.jpg,no_defect,val
data/splits_metal/yolo_train/severstal_b7df222b1.jpg,scratch,val
data/splits_metal/ae_val/severstal/severstal_3452f2319.jpg,no_defect,val
data/splits_metal/yolo_train/severstal_767b96d1a.jpg,scratch,val
data/splits_metal/yolo_train/severstal_c07b4a53e.jpg,scratch,val
data/splits_metal/yolo_train/severstal_1a3cb1bfc.jpg,patch,val
data/splits_metal/yolo_val/severstal_ffffd67df.jpg,scratch,val
data/splits_metal/ae_val/severstal/severstal_e7916b283.jpg,no_defect,val
data/splits_metal/yolo_train/severstal_d69cd7557.jpg,pitting,val
data/splits_metal/yolo_train/severstal_eeae0a244.jpg,scratch,val
data/splits_metal/ae_val/severstal/severstal_2a5d7974b.jpg,no_defect,val
data/splits_metal/ae_val/severstal/severstal_2f6c8eab7.jpg,no_defect,val
data/splits_metal/ae_val/severstal/severstal_955965785.jpg,no_defect,val
data/splits_metal/yolo_train/severstal_a231b46ec.jpg,scratch,val
data/splits_metal/ae_val/severstal/severstal_e09da86ae.jpg,no_defect,val
data/splits_metal/ae_val/severstal/severstal_cd3c9a39d.jpg,no_defect,val
data/splits_metal/ae_val/severstal/severstal_3e3fcff77.jpg,no_defect,val
data/splits_metal/ae_val/severstal/severstal_96a0c2754.jpg,no_defect,val
data/splits_metal/yolo_train/severstal_ad9ad21f4.jpg,patch,val
data/splits_metal/yolo_val/severstal_cc7920c72.jpg,scratch,val
data/splits_metal/yolo_train/severstal_e59a4b5cb.jpg,inclusion,val
data/splits_metal/yolo_val/severstal_215edd511.jpg,inclusion,val
data/splits_metal/ae_val/severstal/severstal_a5e0a4b23.jpg,no_defect,val
data/splits_metal/yolo_train/severstal_e717ccca6.jpg,scratch,val
data/splits_metal/yolo_train/severstal_d665abf9d.jpg,scratch,val
data/splits_metal/ae_val/severstal/severstal_16ec8f55a.jpg,no_defect,val
data/splits_metal/yolo_train/severstal_1b6aefdb7.jpg,scratch,val
data/splits_metal/yolo_val/severstal_a82b34c33.jpg,scratch,val
data/splits_metal/yolo_train/severstal_e479a2e88.jpg,pitting,val
data/splits_metal/ae_val/severstal/severstal_363519718.jpg,no_defect,val
data/splits_metal/yolo_val/severstal_3d2df482c.jpg,scratch,val
data/splits_metal/yolo_train/severstal_31e86cf3a.jpg,scratch,val
data/splits_metal/yolo_val/severstal_62d9fd113.jpg,scratch,val
data/splits_metal/ae_val/severstal/severstal_06e099136.jpg,no_defect,val
data/splits_metal/ae_val/severstal/severstal_88ab9068d.jpg,no_defect,val
data/splits_metal/yolo_train/severstal_94c746443.jpg,scratch,val
data/splits_metal/yolo_train/severstal_e7268620b.jpg,scratch,val
data/splits_metal/ae_val/severstal/severstal_e6042b9a7.jpg,no_defect,val
data/splits_metal/ae_val/severstal/severstal_b78ea8d16.jpg,no_defect,val
data/splits_metal/ae_val/severstal/severstal_cc0723fde.jpg,no_defect,val
data/splits_metal/ae_val/severstal/severstal_552b86fba.jpg,no_defect,val
data/splits_metal/yolo_train/severstal_7db22f39a.jpg,scratch,val
data/splits_metal/ae_val/severstal/severstal_7e955e810.jpg,no_defect,val
data/splits_metal/ae_val/severstal/severstal_d931d995f.jpg,no_defect,val
data/splits_metal/yolo_train/severstal_e5b65b5ec.jpg,scratch,val
data/splits_metal/yolo_train/severstal_1a8eb71da.jpg,scratch,val
data/splits_metal/yolo_val/severstal_21eb1e1aa.jpg,scratch,val
data/splits_metal/yolo_train/severstal_d62c3879c.jpg,scratch,val
data/splits_metal/ae_val/severstal/severstal_c6b51947f.jpg,no_defect,val
data/splits_metal/yolo_train/severstal_7232c2ceb.jpg,scratch,val
data/splits_metal/yolo_val/severstal_5af757935.jpg,scratch,val
data/splits_metal/ae_val/severstal/severstal_1b3619d14.jpg,no_defect,val
data/splits_metal/ae_val/severstal/severstal_23e46abf1.jpg,no_defect,val
data/splits_metal/yolo_val/severstal_848a1b795.jpg,scratch,val
data/splits_metal/ae_val/severstal/severstal_c4ec6b06f.jpg,no_defect,val
data/splits_metal/ae_val/severstal/severstal_b9def70a3.jpg,no_defect,val
data/splits_metal/ae_val/severstal/severstal_31dbc2461.jpg,no_defect,val
data/splits_metal/yolo_train/severstal_6d1467855.jpg,scratch,val
data/splits_metal/ae_val/severstal/severstal_0bfe252d0.jpg,no_defect,val
data/splits_metal/ae_val/severstal/severstal_0b50b417a.jpg,no_defect,val
data/splits_metal/yolo_val/severstal_db3712c6d.jpg,scratch,val
data/splits_metal/yolo_train/severstal_8ed6b8054.jpg,inclusion,val
data/splits_metal/ae_val/severstal/severstal_43642ed3c.jpg,no_defect,val
data/splits_metal/ae_val/severstal/severstal_b556cffd3.jpg,no_defect,val
data/splits_metal/yolo_train/severstal_b31d1c693.jpg,scratch,val
data/splits_metal/yolo_val/severstal_b941eeaa7.jpg,scratch,val
data/splits_metal/yolo_val/severstal_91b768bcb.jpg,scratch,val
data/splits_metal/yolo_train/severstal_a9a045b71.jpg,scratch,val
data/splits_metal/yolo_train/severstal_3d0fc6499.jpg,scratch,val
data/splits_metal/yolo_train/severstal_82b23f53c.jpg,scratch,val
data/splits_metal/yolo_train/severstal_5a036a042.jpg,patch,val
data/splits_metal/yolo_train/severstal_cd6365314.jpg,scratch,val
data/splits_metal/ae_val/severstal/severstal_7987236e4.jpg,no_defect,val
data/splits_metal/ae_val/severstal/severstal_e43a0ca28.jpg,no_defect,val
data/splits_metal/ae_val/severstal/severstal_f7a5fc620.jpg,no_defect,val
data/splits_metal/ae_val/severstal/severstal_a9ebd5d01.jpg,no_defect,val
data/splits_metal/yolo_val/severstal_fda56a365.jpg,scratch,val
data/splits_metal/ae_val/severstal/severstal_bc4f8527a.jpg,no_defect,val
data/splits_metal/yolo_train/severstal_b9bef4fe1.jpg,scratch,val
data/splits_metal/yolo_train/severstal_00bc01bfe.jpg,pitting,val
data/splits_metal/yolo_train/severstal_58fd1ce30.jpg,scratch,val
data/splits_metal/ae_val/severstal/severstal_1e896dda7.jpg,no_defect,val
data/splits_metal/yolo_val/severstal_7f1b37606.jpg,patch,val
data/splits_metal/ae_val/severstal/severstal_dd939d22f.jpg,no_defect,val
data/splits_metal/yolo_train/severstal_141d72a3f.jpg,scratch,val
data/splits_metal/ae_val/severstal/severstal_f59f1dddb.jpg,no_defect,val
data/splits_metal/ae_val/severstal/severstal_d5b346386.jpg,no_defect,val
data/splits_metal/yolo_train/severstal_eedbd0c92.jpg,scratch,val
data/splits_metal/yolo_train/severstal_54cdc22ca.jpg,patch,val
data/splits_metal/ae_val/severstal/severstal_90b0043d9.jpg,no_defect,val
data/splits_metal/yolo_val/severstal_d588537b9.jpg,scratch,val
data/splits_metal/yolo_train/severstal_9252073f0.jpg,scratch,val
data/splits_metal/ae_val/severstal/severstal_224e979b5.jpg,no_defect,val
data/splits_metal/yolo_val/severstal_c248ca201.jpg,scratch,val
data/splits_metal/ae_val/severstal/severstal_74f33b596.jpg,no_defect,val
data/splits_metal/yolo_val/severstal_d7ae2c9be.jpg,scratch,val
data/splits_metal/ae_val/severstal/severstal_94dd36776.jpg,no_defect,val
data/splits_metal/ae_val/severstal/severstal_a2befa67f.jpg,no_defect,val
data/splits_metal/ae_val/severstal/severstal_10ad74934.jpg,no_defect,val
data/splits_metal/yolo_train/severstal_bfd93cc8c.jpg,scratch,val
data/splits_metal/ae_val/severstal/severstal_e4f959925.jpg,no_defect,val
data/splits_metal/yolo_val/severstal_c048dbdc5.jpg,scratch,val
data/splits_metal/yolo_train/severstal_c8e26e892.jpg,scratch,val
data/splits_metal/yolo_train/severstal_a1f5481df.jpg,scratch,val
data/splits_metal/ae_val/severstal/severstal_412067256.jpg,no_defect,val
data/splits_metal/ae_val/severstal/severstal_dd39e9c31.jpg,no_defect,val
data/splits_metal/yolo_train/severstal_c9e0634d0.jpg,patch,val
data/splits_metal/ae_val/severstal/severstal_3a0dd769b.jpg,no_defect,val
data/splits_metal/yolo_train/severstal_b4aa8dbf0.jpg,scratch,val
data/splits_metal/yolo_train/severstal_409453bc7.jpg,scratch,val
data/splits_metal/yolo_train/severstal_d95c9d342.jpg,pitting,val
data/splits_metal/yolo_train/severstal_4448b4286.jpg,scratch,val
data/splits_metal/ae_val/severstal/severstal_3b041fff2.jpg,no_defect,val
data/splits_metal/ae_val/severstal/severstal_ebf129ba9.jpg,no_defect,val
data/splits_metal/yolo_train/severstal_c0be19adf.jpg,scratch,val
data/splits_metal/ae_val/severstal/severstal_87f167395.jpg,no_defect,val
data/splits_metal/ae_val/severstal/severstal_b1ad33d48.jpg,no_defect,val
data/splits_metal/ae_val/severstal/severstal_f7955d77f.jpg,no_defect,val
data/splits_metal/ae_val/severstal/severstal_e9b05db06.jpg,no_defect,val
data/splits_metal/yolo_train/severstal_7a7aea2c1.jpg,scratch,val
data/splits_metal/ae_val/severstal/severstal_3965fd210.jpg,no_defect,val
data/splits_metal/ae_val/severstal/severstal_7954f8d17.jpg,no_defect,val
data/splits_metal/yolo_train/severstal_519e11f0b.jpg,scratch,val
data/splits_metal/yolo_train/severstal_b4124fe84.jpg,scratch,val
data/splits_metal/yolo_val/severstal_8d1cd3b88.jpg,pitting,val
data/splits_metal/yolo_train/severstal_fc5e5979c.jpg,scratch,val
data/splits_metal/ae_val/severstal/severstal_c5f863ce3.jpg,no_defect,val
data/splits_metal/yolo_train/severstal_0cd22bad5.jpg,scratch,val
data/splits_metal/ae_val/severstal/severstal_d7af729ba.jpg,no_defect,val
data/splits_metal/yolo_train/severstal_b69920a15.jpg,scratch,val
data/splits_metal/yolo_train/severstal_ab16f0e09.jpg,pitting,val
data/splits_metal/yolo_train/severstal_483e4b5f7.jpg,scratch,val
data/splits_metal/yolo_train/severstal_ce68af0bf.jpg,scratch,val
data/splits_metal/ae_val/severstal/severstal_a2ff5d12e.jpg,no_defect,val
data/splits_metal/yolo_val/severstal_e1db7ee54.jpg,scratch,val
data/splits_metal/ae_val/severstal/severstal_a4fa37d47.jpg,no_defect,val
data/splits_metal/yolo_train/severstal_38c61fdee.jpg,patch,val
data/splits_metal/yolo_train/severstal_72cbdf3c1.jpg,scratch,val
data/splits_metal/yolo_train/severstal_84d30fb77.jpg,scratch,val
data/splits_metal/yolo_train/severstal_309488202.jpg,pitting,val
data/splits_metal/ae_val/severstal/severstal_c204bdd10.jpg,no_defect,val
data/splits_metal/yolo_train/severstal_ac7848f35.jpg,scratch,val
data/splits_metal/ae_val/severstal/severstal_81294c746.jpg,no_defect,val
data/splits_metal/yolo_train/severstal_445dfb2ce.jpg,scratch,val
data/splits_metal/yolo_train/severstal_6b4d25284.jpg,scratch,val
data/splits_metal/ae_val/severstal/severstal_cec71df2a.jpg,no_defect,val
data/splits_metal/yolo_train/severstal_a76b26d44.jpg,scratch,val
data/splits_metal/yolo_train/severstal_294d6d5f8.jpg,scratch,val
data/splits_metal/yolo_train/severstal_1a603f8dd.jpg,scratch,val
data/splits_metal/yolo_val/severstal_90246e919.jpg,patch,val
data/splits_metal/yolo_val/severstal_09d84ff22.jpg,scratch,val
data/splits_metal/yolo_train/severstal_7b2a06c77.jpg,scratch,val
data/splits_metal/ae_val/severstal/severstal_7077989cc.jpg,no_defect,val
data/splits_metal/yolo_train/severstal_47d8d490a.jpg,scratch,val
data/splits_metal/yolo_val/severstal_d23d243cc.jpg,scratch,val
data/splits_metal/yolo_train/severstal_06a01c775.jpg,pitting,val
data/splits_metal/ae_val/severstal/severstal_252952efa.jpg,no_defect,val
data/splits_metal/ae_val/severstal/severstal_f0625054e.jpg,no_defect,val
data/splits_metal/ae_val/severstal/severstal_0274a26b4.jpg,no_defect,val
data/splits_metal/ae_val/severstal/severstal_747fa96b0.jpg,no_defect,val
data/splits_metal/yolo_train/severstal_a9cb86e69.jpg,pitting,val
data/splits_metal/ae_val/severstal/severstal_313a8c602.jpg,no_defect,val
data/splits_metal/yolo_train/severstal_d46866225.jpg,scratch,val
data/splits_metal/ae_val/severstal/severstal_6ba4067d5.jpg,no_defect,val
data/splits_metal/ae_val/severstal/severstal_43d0303db.jpg,no_defect,val
data/splits_metal/ae_val/severstal/severstal_9e6f20517.jpg,no_defect,val
data/splits_metal/yolo_train/severstal_cc02b6f5a.jpg,pitting,val
data/splits_metal/ae_val/severstal/severstal_6594f3191.jpg,no_defect,val
data/splits_metal/yolo_train/severstal_f618df512.jpg,pitting,val
data/splits_metal/yolo_val/severstal_c53423923.jpg,scratch,val
data/splits_metal/yolo_train/severstal_a4a648cf6.jpg,patch,val
data/splits_metal/ae_val/severstal/severstal_92dce921f.jpg,no_defect,val
data/splits_metal/ae_val/severstal/severstal_69fa024d2.jpg,no_defect,val
data/splits_metal/yolo_train/severstal_166fcd035.jpg,scratch,val
data/splits_metal/ae_val/severstal/severstal_7977fcf7c.jpg,no_defect,val
data/splits_metal/ae_val/severstal/severstal_cd0b64862.jpg,no_defect,val
data/splits_metal/yolo_train/severstal_aa7a0bcf3.jpg,scratch,val
data/splits_metal/yolo_val/severstal_54f94ed71.jpg,scratch,val
data/splits_metal/ae_val/severstal/severstal_87b82c9cb.jpg,no_defect,val
data/splits_metal/ae_val/severstal/severstal_03e2515a7.jpg,no_defect,val
data/splits_metal/yolo_train/severstal_91583d282.jpg,scratch,val
data/splits_metal/yolo_train/severstal_335be17fa.jpg,scratch,val
data/splits_metal/ae_val/severstal/severstal_1466a7fc7.jpg,no_defect,val
data/splits_metal/yolo_train/severstal_3d559892c.jpg,scratch,val
data/splits_metal/yolo_train/severstal_817a545aa.jpg,scratch,val
data/splits_metal/yolo_val/severstal_ab70f8ba6.jpg,scratch,val
data/splits_metal/ae_val/severstal/severstal_667f219fa.jpg,no_defect,val
data/splits_metal/ae_val/severstal/severstal_add8603ba.jpg,no_defect,val
data/splits_metal/yolo_train/severstal_711d59ca6.jpg,scratch,val
data/splits_metal/yolo_train/severstal_872b09085.jpg,scratch,val
data/splits_metal/ae_val/severstal/severstal_35bcc10db.jpg,no_defect,val
data/splits_metal/ae_val/severstal/severstal_f0344b3ad.jpg,no_defect,val
data/splits_metal/ae_val/severstal/severstal_15063692d.jpg,no_defect,val
data/splits_metal/ae_val/severstal/severstal_ad000a894.jpg,no_defect,val
data/splits_metal/yolo_train/severstal_32ed255a4.jpg,scratch,val
data/splits_metal/yolo_train/severstal_ea69073bd.jpg,scratch,val
data/splits_metal/yolo_train/severstal_409502827.jpg,scratch,val
data/splits_metal/yolo_train/severstal_ac98d5840.jpg,scratch,val
data/splits_metal/yolo_train/severstal_6d5d698e0.jpg,pitting,val
data/splits_metal/yolo_train/severstal_05f5e7366.jpg,scratch,val
data/splits_metal/yolo_train/severstal_b34f3d4dc.jpg,scratch,val
data/splits_metal/yolo_train/severstal_a5092043e.jpg,scratch,val
data/splits_metal/ae_val/severstal/severstal_9a2523ce9.jpg,no_defect,val
data/splits_metal/ae_val/severstal/severstal_bae6afeb1.jpg,no_defect,val
data/splits_metal/yolo_train/severstal_11f788ecf.jpg,pitting,val
data/splits_metal/ae_val/severstal/severstal_50e60febd.jpg,no_defect,val
data/splits_metal/ae_val/severstal/severstal_b43730232.jpg,no_defect,val
data/splits_metal/ae_val/severstal/severstal_296aa930a.jpg,no_defect,val
data/splits_metal/yolo_train/severstal_ca9d7749b.jpg,scratch,val
data/splits_metal/ae_val/severstal/severstal_7a6004580.jpg,no_defect,val
data/splits_metal/yolo_train/severstal_59bc9997f.jpg,scratch,val
data/splits_metal/ae_val/severstal/severstal_2d1602c3f.jpg,no_defect,val
data/splits_metal/yolo_train/severstal_80db59ec2.jpg,patch,val
data/splits_metal/ae_val/severstal/severstal_3b9264f5c.jpg,no_defect,val
data/splits_metal/yolo_train/severstal_06f52f4dd.jpg,scratch,val
data/splits_metal/yolo_train/severstal_b9b3b12aa.jpg,inclusion,val
data/splits_metal/yolo_val/severstal_181454b94.jpg,scratch,val
data/splits_metal/ae_val/severstal/severstal_46ace1c15.jpg,no_defect,val
data/splits_metal/ae_val/severstal/severstal_303870f1b.jpg,no_defect,val
data/splits_metal/yolo_train/severstal_4b56df46d.jpg,patch,val
data/splits_metal/yolo_train/severstal_be6c49e45.jpg,scratch,val
data/splits_metal/ae_val/severstal/severstal_f024c4789.jpg,no_defect,val
data/splits_metal/yolo_train/severstal_b6fdc1d5e.jpg,scratch,val
data/splits_metal/ae_val/severstal/severstal_3c684f93f.jpg,no_defect,val
data/splits_metal/yolo_val/severstal_14c9a9062.jpg,scratch,val
data/splits_metal/yolo_train/severstal_c2bce72b1.jpg,scratch,val
data/splits_metal/ae_val/severstal/severstal_38f68bc1c.jpg,no_defect,val
data/splits_metal/ae_val/severstal/severstal_a3a790c8f.jpg,no_defect,val
data/splits_metal/yolo_train/severstal_036c7d18c.jpg,scratch,val
data/splits_metal/yolo_train/severstal_b1e74e71d.jpg,patch,val
data/splits_metal/yolo_train/severstal_6b634bbe9.jpg,pitting,val
data/splits_metal/ae_val/severstal/severstal_f6db0a2e8.jpg,no_defect,val
data/splits_metal/yolo_val/severstal_3abba0c59.jpg,scratch,val
data/splits_metal/yolo_train/severstal_7e49d3022.jpg,scratch,val
data/splits_metal/yolo_train/severstal_67ae369d2.jpg,scratch,val
data/splits_metal/ae_val/severstal/severstal_9e5b91357.jpg,no_defect,val
data/splits_metal/ae_val/severstal/severstal_6d59bf3b5.jpg,no_defect,val
data/splits_metal/yolo_train/severstal_e0ad8fed3.jpg,scratch,val
data/splits_metal/ae_val/severstal/severstal_0dfd831a1.jpg,no_defect,val
data/splits_metal/yolo_train/severstal_a083a8cbc.jpg,pitting,val
data/splits_metal/ae_val/severstal/severstal_034a72783.jpg,no_defect,val
data/splits_metal/ae_val/severstal/severstal_69b01f980.jpg,no_defect,val
data/splits_metal/yolo_train/severstal_3ad134b40.jpg,inclusion,val
data/splits_metal/yolo_train/severstal_675ee4ba3.jpg,scratch,val
data/splits_metal/ae_val/severstal/severstal_161ab51b4.jpg,no_defect,val
data/splits_metal/yolo_train/severstal_3e2c33124.jpg,scratch,val
data/splits_metal/ae_val/severstal/severstal_109fbcecf.jpg,no_defect,val
data/splits_metal/ae_val/severstal/severstal_5acf0f8cd.jpg,no_defect,val
data/splits_metal/yolo_train/severstal_94882163b.jpg,scratch,val
data/splits_metal/yolo_val/severstal_abedd15e2.jpg,scratch,val
data/splits_metal/yolo_train/severstal_a9b1abf48.jpg,scratch,val
data/splits_metal/ae_val/severstal/severstal_6f242c68c.jpg,no_defect,val
data/splits_metal/ae_val/severstal/severstal_348bfe68e.jpg,no_defect,val
data/splits_metal/ae_val/severstal/severstal_491d49760.jpg,no_defect,val
data/splits_metal/ae_val/severstal/severstal_9db428c2d.jpg,no_defect,val
data/splits_metal/yolo_train/severstal_20ed61e3a.jpg,scratch,val
data/splits_metal/yolo_train/severstal_a5ac1a50b.jpg,scratch,val
data/splits_metal/ae_val/severstal/severstal_37e15649e.jpg,no_defect,val
data/splits_metal/yolo_val/severstal_039577d49.jpg,scratch,val
data/splits_metal/yolo_train/severstal_38a63550b.jpg,patch,val
data/splits_metal/ae_val/severstal/severstal_8f295e1a6.jpg,no_defect,val
data/splits_metal/ae_val/severstal/severstal_a1ecc1ddb.jpg,no_defect,val
data/splits_metal/ae_val/severstal/severstal_5b58a64b9.jpg,no_defect,val
data/splits_metal/ae_val/severstal/severstal_7c5b834b7.jpg,no_defect,val
data/splits_metal/yolo_val/severstal_adff445fd.jpg,scratch,val
data/splits_metal/yolo_train/severstal_f6d0cca5b.jpg,pitting,val
data/splits_metal/ae_val/severstal/severstal_983a7f683.jpg,no_defect,val
data/splits_metal/ae_val/severstal/severstal_a0d0e8d7a.jpg,no_defect,val
data/splits_metal/yolo_train/severstal_ee3ace56f.jpg,patch,val
data/splits_metal/ae_val/severstal/severstal_577db33cf.jpg,no_defect,val
data/splits_metal/ae_val/severstal/severstal_9efc711f5.jpg,no_defect,val
data/splits_metal/ae_val/severstal/severstal_c17607edb.jpg,no_defect,val
data/splits_metal/ae_val/severstal/severstal_3580d0438.jpg,no_defect,val
data/splits_metal/yolo_train/severstal_192531334.jpg,patch,val
data/splits_metal/yolo_train/severstal_bfa17327e.jpg,scratch,val
data/splits_metal/yolo_train/severstal_9899c9114.jpg,scratch,val
data/splits_metal/ae_val/severstal/severstal_9bac5408a.jpg,no_defect,val
data/splits_metal/yolo_val/severstal_a2bdcd021.jpg,pitting,val
data/splits_metal/ae_val/severstal/severstal_efa1000e0.jpg,no_defect,val
data/splits_metal/ae_val/severstal/severstal_735da216d.jpg,no_defect,val
data/splits_metal/yolo_train/severstal_bbff17cbf.jpg,scratch,val
data/splits_metal/yolo_val/severstal_de001c4e1.jpg,scratch,val
data/splits_metal/yolo_train/severstal_15796b4d5.jpg,scratch,val
data/splits_metal/ae_val/severstal/severstal_16d9c0a30.jpg,no_defect,val
data/splits_metal/ae_val/severstal/severstal_49828a82f.jpg,no_defect,val
data/splits_metal/ae_val/severstal/severstal_5e39d0d53.jpg,no_defect,val
data/splits_metal/yolo_train/severstal_dc2b020ba.jpg,scratch,val
data/splits_metal/ae_val/severstal/severstal_ae29b9e4d.jpg,no_defect,val
data/splits_metal/ae_val/severstal/severstal_d1ba24779.jpg,no_defect,val
data/splits_metal/ae_val/severstal/severstal_b08d86101.jpg,no_defect,val
data/splits_metal/ae_val/severstal/severstal_9f8bca61c.jpg,no_defect,val
data/splits_metal/ae_val/severstal/severstal_ebfa0cc57.jpg,no_defect,val
data/splits_metal/yolo_train/severstal_ef60f8163.jpg,scratch,val
data/splits_metal/yolo_train/severstal_ed1e66f9c.jpg,scratch,val
data/splits_metal/yolo_train/severstal_cc93ff156.jpg,scratch,val
data/splits_metal/yolo_train/severstal_3fdbbf305.jpg,scratch,val
data/splits_metal/yolo_train/severstal_64443519b.jpg,pitting,val
data/splits_metal/yolo_val/severstal_a18bdb241.jpg,scratch,val
data/splits_metal/ae_val/severstal/severstal_1a947561f.jpg,no_defect,val
data/splits_metal/yolo_train/severstal_165a55d5c.jpg,patch,val
data/splits_metal/yolo_train/severstal_03da79fda.jpg,pitting,val
data/splits_metal/ae_val/severstal/severstal_a3fee6deb.jpg,no_defect,val
data/splits_metal/ae_val/severstal/severstal_7ed538f87.jpg,no_defect,val
data/splits_metal/ae_val/severstal/severstal_34ada39f2.jpg,no_defect,val
data/splits_metal/yolo_train/severstal_8ea10e67e.jpg,patch,val
data/splits_metal/ae_val/severstal/severstal_9dfd2503e.jpg,no_defect,val
data/splits_metal/yolo_train/severstal_1c32b8c83.jpg,scratch,val
data/splits_metal/yolo_train/severstal_a0ae0cbcf.jpg,scratch,val
data/splits_metal/yolo_train/severstal_5c8c555a3.jpg,pitting,val
data/splits_metal/ae_val/severstal/severstal_5d951f617.jpg,no_defect,val
data/splits_metal/ae_val/severstal/severstal_f53a8182a.jpg,no_defect,val
data/splits_metal/ae_val/severstal/severstal_ae86464c0.jpg,no_defect,val
data/splits_metal/ae_val/severstal/severstal_cddba1672.jpg,no_defect,val
data/splits_metal/yolo_val/severstal_e16b7d494.jpg,patch,val
data/splits_metal/yolo_val/severstal_cffc0e85b.jpg,scratch,val
data/splits_metal/yolo_train/severstal_2789df930.jpg,inclusion,val
data/splits_metal/ae_val/severstal/severstal_caab76443.jpg,no_defect,val
data/splits_metal/yolo_train/severstal_9170e3614.jpg,scratch,val
data/splits_metal/yolo_train/severstal_4784189ec.jpg,scratch,val
data/splits_metal/ae_val/severstal/severstal_03c558103.jpg,no_defect,val
data/splits_metal/ae_val/severstal/severstal_4e91ec662.jpg,no_defect,val
data/splits_metal/ae_val/severstal/severstal_2f396fbee.jpg,no_defect,val
data/splits_metal/yolo_train/severstal_43c6a30fa.jpg,pitting,val
data/splits_metal/yolo_train/severstal_5457e4e20.jpg,scratch,val
data/splits_metal/yolo_train/severstal_5c123ad74.jpg,scratch,val
data/splits_metal/yolo_train/severstal_ef3c774d4.jpg,scratch,val
data/splits_metal/yolo_train/severstal_c293952c8.jpg,scratch,val
data/splits_metal/ae_val/severstal/severstal_6207b71f1.jpg,no_defect,val
data/splits_metal/yolo_train/severstal_201560907.jpg,scratch,val
data/splits_metal/ae_val/severstal/severstal_45680b581.jpg,no_defect,val
data/splits_metal/yolo_train/severstal_d96428a9e.jpg,scratch,val
data/splits_metal/yolo_train/severstal_08f9c685f.jpg,pitting,val
data/splits_metal/yolo_train/severstal_47cee01b1.jpg,scratch,val
data/splits_metal/ae_val/severstal/severstal_a2554a434.jpg,no_defect,val
data/splits_metal/ae_val/severstal/severstal_f14b1878e.jpg,no_defect,val
data/splits_metal/yolo_train/severstal_2b8756d1b.jpg,scratch,val
data/splits_metal/yolo_train/severstal_9270f72ac.jpg,scratch,val
data/splits_metal/ae_val/severstal/severstal_f8332f3fc.jpg,no_defect,val
data/splits_metal/yolo_train/severstal_7690902ee.jpg,scratch,val
data/splits_metal/yolo_val/severstal_ad26af6e4.jpg,patch,val
data/splits_metal/yolo_val/severstal_30a6a340c.jpg,inclusion,val
data/splits_metal/ae_val/severstal/severstal_c5b0cfd34.jpg,no_defect,val
data/splits_metal/yolo_train/severstal_167d6930a.jpg,scratch,val
data/splits_metal/ae_val/severstal/severstal_29360cd19.jpg,no_defect,val
data/splits_metal/ae_val/severstal/severstal_18db4975b.jpg,no_defect,val
data/splits_metal/yolo_train/severstal_01a1027ce.jpg,scratch,val
data/splits_metal/ae_val/severstal/severstal_386e34822.jpg,no_defect,val
data/splits_metal/yolo_train/severstal_05396b495.jpg,scratch,val
data/splits_metal/yolo_train/severstal_6ac1d05d3.jpg,scratch,val
data/splits_metal/yolo_val/severstal_460b13d7e.jpg,scratch,val
data/splits_metal/yolo_val/severstal_3dffc3010.jpg,scratch,val
data/splits_metal/yolo_train/severstal_30e863a30.jpg,scratch,val
data/splits_metal/yolo_train/severstal_bbae1c48a.jpg,scratch,val
data/splits_metal/yolo_train/severstal_2debaa43a.jpg,scratch,val
data/splits_metal/ae_val/severstal/severstal_bb830bb4a.jpg,no_defect,val
data/splits_metal/ae_val/severstal/severstal_3c0c5f80a.jpg,no_defect,val
data/splits_metal/ae_val/severstal/severstal_a37cc5202.jpg,no_defect,val
data/splits_metal/yolo_train/severstal_a6ecee828.jpg,scratch,val
data/splits_metal/ae_val/severstal/severstal_8718d384c.jpg,no_defect,val
data/splits_metal/yolo_train/severstal_020ff3106.jpg,scratch,val
data/splits_metal/yolo_train/severstal_4b6e6a56e.jpg,scratch,val
data/splits_metal/ae_val/severstal/severstal_e0a29a9da.jpg,no_defect,val
data/splits_metal/ae_val/severstal/severstal_40c3e418e.jpg,no_defect,val
data/splits_metal/ae_val/severstal/severstal_c5094dee9.jpg,no_defect,val
data/splits_metal/ae_val/severstal/severstal_ead262ba8.jpg,no_defect,val
data/splits_metal/yolo_val/severstal_5f28ca6de.jpg,scratch,val
data/splits_metal/ae_val/severstal/severstal_d36c6b5ec.jpg,no_defect,val
data/splits_metal/yolo_train/severstal_2e97e0251.jpg,scratch,val
data/splits_metal/yolo_train/severstal_8b31c67c8.jpg,scratch,val
data/splits_metal/yolo_train/severstal_d1e1bf13e.jpg,pitting,val
data/splits_metal/ae_val/severstal/severstal_43e7d368f.jpg,no_defect,val
data/splits_metal/ae_val/severstal/severstal_27e3c4a82.jpg,no_defect,val
data/splits_metal/yolo_train/severstal_a0a58dd59.jpg,patch,val
data/splits_metal/yolo_val/severstal_166818755.jpg,scratch,val
data/splits_metal/ae_val/severstal/severstal_0db39b46a.jpg,no_defect,val
data/splits_metal/ae_val/severstal/severstal_efd258b19.jpg,no_defect,val
data/splits_metal/yolo_train/severstal_dfcc8d751.jpg,scratch,val
data/splits_metal/ae_val/severstal/severstal_131196b13.jpg,no_defect,val
data/splits_metal/yolo_val/severstal_477a186bc.jpg,scratch,val
data/splits_metal/ae_val/severstal/severstal_40547228a.jpg,no_defect,val
data/splits_metal/ae_val/severstal/severstal_35e0b450a.jpg,no_defect,val
data/splits_metal/yolo_val/severstal_817c6c7a8.jpg,scratch,val
data/splits_metal/yolo_train/severstal_1a8440db2.jpg,pitting,val
data/splits_metal/yolo_train/severstal_7e18303fd.jpg,patch,val
data/splits_metal/yolo_train/severstal_44bdd7c49.jpg,scratch,val
data/splits_metal/yolo_train/severstal_1c97d1861.jpg,scratch,val
data/splits_metal/yolo_train/severstal_28bcb3a6e.jpg,scratch,val
data/splits_metal/ae_val/severstal/severstal_91a819cc5.jpg,no_defect,val
data/splits_metal/yolo_val/severstal_b0271d280.jpg,inclusion,val
data/splits_metal/ae_val/severstal/severstal_3dafe7660.jpg,no_defect,val
data/splits_metal/ae_val/severstal/severstal_58c369250.jpg,no_defect,val
data/splits_metal/ae_val/severstal/severstal_088ecc915.jpg,no_defect,val
data/splits_metal/ae_val/severstal/severstal_fb714819e.jpg,no_defect,val
data/splits_metal/yolo_val/severstal_7c3a553d0.jpg,scratch,val
data/splits_metal/ae_val/severstal/severstal_5fbb1a20d.jpg,no_defect,val
data/splits_metal/yolo_train/severstal_9805e5d5d.jpg,scratch,val
data/splits_metal/ae_val/severstal/severstal_6a09f4e4d.jpg,no_defect,val
data/splits_metal/yolo_train/severstal_5db4d2daa.jpg,scratch,val
data/splits_metal/yolo_train/severstal_cdf523bf0.jpg,scratch,val
data/splits_metal/yolo_train/severstal_250107a1b.jpg,scratch,val
data/splits_metal/yolo_train/severstal_af61c6bf8.jpg,pitting,val
data/splits_metal/yolo_train/severstal_3e59e0f17.jpg,scratch,val
data/splits_metal/ae_val/severstal/severstal_4c8bcf636.jpg,no_defect,val
data/splits_metal/yolo_train/severstal_f4fa0c7ac.jpg,pitting,val
data/splits_metal/ae_val/severstal/severstal_ea2f3714a.jpg,no_defect,val
data/splits_metal/ae_val/severstal/severstal_e40b5fde7.jpg,no_defect,val
data/splits_metal/ae_val/severstal/severstal_2e8787425.jpg,no_defect,val
data/splits_metal/ae_val/severstal/severstal_3bcf2cde9.jpg,no_defect,val
data/splits_metal/ae_val/severstal/severstal_acf1b04a4.jpg,no_defect,val
data/splits_metal/ae_val/severstal/severstal_bcbf7a4ab.jpg,no_defect,val
data/splits_metal/ae_val/severstal/severstal_9fbfe9582.jpg,no_defect,val
data/splits_metal/yolo_val/severstal_d762461d5.jpg,scratch,val
data/splits_metal/ae_val/severstal/severstal_903123a44.jpg,no_defect,val
data/splits_metal/yolo_train/severstal_42695cb60.jpg,scratch,val
data/splits_metal/ae_val/severstal/severstal_47ac2a18c.jpg,no_defect,val
data/splits_metal/yolo_train/severstal_c79086497.jpg,scratch,val
data/splits_metal/yolo_val/severstal_e5acd8af8.jpg,scratch,val
data/splits_metal/yolo_train/severstal_6ce526a3a.jpg,scratch,val
data/splits_metal/ae_val/severstal/severstal_e3d92bcc1.jpg,no_defect,val
data/splits_metal/yolo_train/severstal_ce72a126f.jpg,patch,val
data/splits_metal/yolo_val/severstal_1d4d33873.jpg,scratch,val
data/splits_metal/ae_val/severstal/severstal_87b5d669b.jpg,no_defect,val
data/splits_metal/yolo_train/severstal_0cefc1f4f.jpg,scratch,val
data/splits_metal/yolo_val/severstal_cbc860446.jpg,patch,val
data/splits_metal/ae_val/severstal/severstal_3fdc767bf.jpg,no_defect,val
data/splits_metal/yolo_train/severstal_45612bd46.jpg,scratch,val
data/splits_metal/yolo_val/severstal_3467968c0.jpg,scratch,val
data/splits_metal/yolo_train/severstal_95aff808c.jpg,scratch,val
data/splits_metal/yolo_train/severstal_6181b0a92.jpg,inclusion,val
data/splits_metal/ae_val/severstal/severstal_e970f97d5.jpg,no_defect,val
data/splits_metal/yolo_train/severstal_d572dc596.jpg,scratch,val
data/splits_metal/ae_val/severstal/severstal_f7d9253e4.jpg,no_defect,val
data/splits_metal/ae_val/severstal/severstal_7e9c06c77.jpg,no_defect,val
data/splits_metal/yolo_val/severstal_4854add54.jpg,scratch,val
